2026-05-01 00:00:00,89.27,89.31,89.24,89.28
2026-05-01 01:00:00,89.28,89.31,89.27,89.3
2026-05-01 02:00:00,89.33,89.45,89.33,89.44
2026-05-01 03:00:00,89.44,89.44,89.35,89.38
2026-05-01 04:00:00,89.37,89.37,89.12,89.14
2026-05-01 05:00:00,89.15,89.23,89.15,89.2
2026-05-01 06:00:00,89.19,89.19,89.06,89.1
2026-05-01 07:00:00,89.11,89.16,89.1,89.12
2026-05-01 08:00:00,89.11,89.11,88.99,89.03
2026-05-01 09:00:00,89.04,89.15,89.04,89.11
2026-05-01 10:00:00,89.11,89.23,89.11,89.2
2026-05-01 11:00:00,89.19,89.19,89.02,89.06
2026-05-01 12:00:00,89.06,89.06,89.01,89.03
2026-05-01 13:00:00,89.01,89.05,88.95,89.01
2026-05-01 14:00:00,89.01,89.04,88.96,88.99
2026-05-01 15:00:00,88.99,89.1,88.99,89.08
2026-05-01 16:00:00,89.09,89.2,89.09,89.16
2026-05-01 17:00:00,89.17,89.19,89.11,89.15
2026-05-01 18:00:00,89.14,89.19,89.09,89.14
2026-05-01 19:00:00,89.14,89.15,89.11,89.13
2026-05-01 20:00:00,89.14,89.18,89.11,89.14
2026-05-01 21:00:00,89.15,89.15,89.08,89.1
2026-05-01 22:00:00,89.11,89.16,89.09,89.13
2026-05-01 23:00:00,89.14,89.14,89.09,89.1
2026-05-02 00:00:00,89.11,89.22,89.11,89.2
2026-05-02 01:00:00,89.2,89.24,89.2,89.23
2026-05-02 02:00:00,89.23,89.23,89.14,89.17
2026-05-02 03:00:00,89.17,89.17,89.14,89.15
2026-05-02 04:00:00,89.14,89.17,89.13,89.15
2026-05-02 05:00:00,89.14,89.14,89.09,89.1
2026-05-02 06:00:00,89.1,89.17,89.1,89.16
2026-05-02 07:00:00,89.17,89.24,89.17,89.21
2026-05-02 08:00:00,89.2,89.27,89.2,89.25
2026-05-02 09:00:00,89.25,89.32,89.25,89.3
2026-05-02 10:00:00,89.29,89.44,89.29,89.4
2026-05-02 11:00:00,89.41,89.41,89.35,89.37
2026-05-02 12:00:00,89.37,89.38,89.29,89.34
2026-05-02 13:00:00,89.33,89.47,89.33,89.45
2026-05-02 14:00:00,89.44,89.44,89.34,89.37
2026-05-02 15:00:00,89.38,89.46,89.38,89.45
2026-05-02 16:00:00,89.46,89.46,89.36,89.39
2026-05-02 17:00:00,89.38,89.38,89.36,89.37
2026-05-02 18:00:00,89.37,89.38,89.33,89.35
2026-05-02 19:00:00,89.36,89.36,89.13,89.16
2026-05-02 20:00:00,89.16,89.25,89.16,89.24
2026-05-02 21:00:00,89.24,89.24,89.11,89.13
2026-05-02 22:00:00,89.11,89.12,89.09,89.11
2026-05-02 23:00:00,89.12,89.16,89.11,89.14
2026-05-03 00:00:00,89.15,89.16,89.08,89.12
2026-05-03 01:00:00,89.12,89.18,89.11,89.14
2026-05-03 02:00:00,89.14,89.2,89.13,89.18
2026-05-03 03:00:00,89.17,89.27,89.17,89.22
2026-05-03 04:00:00,89.22,89.26,89.2,89.23
2026-05-03 05:00:00,89.25,89.25,89.19,89.21
2026-05-03 06:00:00,89.21,89.25,89.21,89.23
2026-05-03 07:00:00,89.23,89.23,89.15,89.16
2026-05-03 08:00:00,89.17,89.32,89.17,89.28
2026-05-03 09:00:00,89.3,89.35,89.29,89.33
2026-05-03 10:00:00,89.33,89.33,89.27,89.29
2026-05-03 11:00:00,89.29,89.36,89.27,89.31
2026-05-03 12:00:00,89.3,89.36,89.3,89.35
2026-05-03 13:00:00,89.34,89.42,89.34,89.41
2026-05-03 14:00:00,89.41,89.53,89.41,89.52
2026-05-03 15:00:00,89.53,89.54,89.51,89.52
2026-05-03 16:00:00,89.52,89.63,89.52,89.6
2026-05-03 17:00:00,89.61,89.7,89.61,89.67
2026-05-03 18:00:00,89.66,89.66,89.56,89.59
2026-05-03 19:00:00,89.58,89.64,89.58,89.61
2026-05-03 20:00:00,89.61,89.61,89.55,89.57
2026-05-03 21:00:00,89.58,89.63,89.56,89.6
2026-05-03 22:00:00,89.59,89.63,89.59,89.61
2026-05-03 23:00:00,89.62,89.8,89.62,89.74
2026-05-04 00:00:00,89.76,89.8,89.73,89.77
2026-05-04 01:00:00,89.77,89.86,89.77,89.84
2026-05-04 02:00:00,89.84,89.84,89.68,89.73
2026-05-04 03:00:00,89.73,89.73,89.64,89.66
2026-05-04 04:00:00,89.67,89.67,89.56,89.59
2026-05-04 05:00:00,89.59,89.67,89.59,89.65
2026-05-04 06:00:00,89.65,89.74,89.65,89.71
2026-05-04 07:00:00,89.73,89.73,89.65,89.67
2026-05-04 08:00:00,89.68,89.71,89.65,89.69
2026-05-04 09:00:00,89.68,89.7,89.67,89.69
2026-05-04 10:00:00,89.68,89.71,89.65,89.68
2026-05-04 11:00:00,89.67,89.67,89.6,89.63
2026-05-04 12:00:00,89.63,89.69,89.63,89.66
2026-05-04 13:00:00,89.65,89.77,89.65,89.75
2026-05-04 14:00:00,89.75,89.83,89.75,89.8
2026-05-04 15:00:00,89.8,89.93,89.8,89.92
2026-05-04 16:00:00,89.91,89.91,89.81,89.82
2026-05-04 17:00:00,89.81,89.81,89.74,89.78
2026-05-04 18:00:00,89.78,89.91,89.78,89.89
2026-05-04 19:00:00,89.88,89.98,89.88,89.94
2026-05-04 20:00:00,89.92,89.95,89.89,89.92
2026-05-04 21:00:00,89.92,90.14,89.92,90.13
2026-05-04 22:00:00,90.13,90.13,90.04,90.06
2026-05-04 23:00:00,90.07,90.07,89.98,90.0
2026-05-05 00:00:00,89.99,90.07,89.99,90.05
2026-05-05 01:00:00,90.05,90.05,89.95,89.99
2026-05-05 02:00:00,89.99,90.04,89.97,90.01
2026-05-05 03:00:00,90.01,90.01,89.9,89.92
2026-05-05 04:00:00,89.93,89.95,89.84,89.9
2026-05-05 05:00:00,89.87,89.93,89.87,89.9
2026-05-05 06:00:00,89.9,90.02,89.9,90.0
2026-05-05 07:00:00,89.99,90.07,89.99,90.05
2026-05-05 08:00:00,90.06,90.06,89.99,90.01
2026-05-05 09:00:00,90.0,90.0,89.87,89.91
2026-05-05 10:00:00,89.91,89.98,89.9,89.95
2026-05-05 11:00:00,89.94,89.98,89.92,89.96
2026-05-05 12:00:00,89.95,89.95,89.85,89.87
2026-05-05 13:00:00,89.87,89.87,89.83,89.84
2026-05-05 14:00:00,89.83,89.83,89.66,89.67
2026-05-05 15:00:00,89.68,89.68,89.58,89.61
2026-05-05 16:00:00,89.63,89.63,89.55,89.59
2026-05-05 17:00:00,89.57,89.63,89.55,89.58
2026-05-05 18:00:00,89.58,89.64,89.58,89.61
2026-05-05 19:00:00,89.61,89.61,89.55,89.55
2026-05-05 20:00:00,89.55,89.66,89.55,89.64
2026-05-05 21:00:00,89.64,89.64,89.6,89.61
2026-05-05 22:00:00,89.6,89.68,89.6,89.65
2026-05-05 23:00:00,89.65,89.68,89.63,89.66
2026-05-06 00:00:00,89.65,89.65,89.53,89.54
2026-05-06 01:00:00,89.57,89.62,89.57,89.6
2026-05-06 02:00:00,89.62,89.7,89.62,89.69
2026-05-06 03:00:00,89.67,89.69,89.66,89.68
2026-05-06 04:00:00,89.68,89.68,89.61,89.63
2026-05-06 05:00:00,89.61,89.67,89.61,89.65
2026-05-06 06:00:00,89.64,89.79,89.64,89.77
2026-05-06 07:00:00,89.77,89.94,89.77,89.91
2026-05-06 08:00:00,89.9,89.91,89.85,89.88
2026-05-06 09:00:00,89.87,89.93,89.87,89.91
2026-05-06 10:00:00,89.92,90.0,89.92,89.99
2026-05-06 11:00:00,89.98,90.01,89.96,89.99
2026-05-06 12:00:00,89.99,89.99,89.9,89.92
2026-05-06 13:00:00,89.92,89.92,89.85,89.87
2026-05-06 14:00:00,89.89,89.9,89.84,89.86
2026-05-06 15:00:00,89.87,89.92,89.87,89.91
2026-05-06 16:00:00,89.92,89.93,89.87,89.91
2026-05-06 17:00:00,89.89,90.02,89.89,90.0
2026-05-06 18:00:00,90.0,90.0,89.91,89.93
2026-05-06 19:00:00,89.91,89.92,89.85,89.9
2026-05-06 20:00:00,89.91,89.91,89.76,89.79
2026-05-06 21:00:00,89.75,89.88,89.75,89.87
2026-05-06 22:00:00,89.87,89.87,89.73,89.74
2026-05-06 23:00:00,89.75,89.76,89.72,89.73
2026-05-07 00:00:00,89.75,89.77,89.68,89.72
2026-05-07 01:00:00,89.74,89.74,89.63,89.64
2026-05-07 02:00:00,89.65,89.65,89.56,89.57
2026-05-07 03:00:00,89.57,89.57,89.44,89.46
2026-05-07 04:00:00,89.46,89.48,89.41,89.45
2026-05-07 05:00:00,89.44,89.58,89.44,89.56
2026-05-07 06:00:00,89.55,89.64,89.55,89.6
2026-05-07 07:00:00,89.58,89.58,89.42,89.44
2026-05-07 08:00:00,89.42,89.42,89.37,89.39
2026-05-07 09:00:00,89.38,89.38,89.36,89.37
2026-05-07 10:00:00,89.37,89.37,89.24,89.26
2026-05-07 11:00:00,89.25,89.26,89.23,89.24
2026-05-07 12:00:00,89.25,89.25,89.21,89.23
2026-05-07 13:00:00,89.23,89.27,89.18,89.22
2026-05-07 14:00:00,89.21,89.26,89.21,89.24
2026-05-07 15:00:00,89.24,89.4,89.24,89.37
2026-05-07 16:00:00,89.37,89.4,89.37,89.39
2026-05-07 17:00:00,89.37,89.4,89.35,89.38
2026-05-07 18:00:00,89.37,89.37,89.31,89.32
2026-05-07 19:00:00,89.32,89.37,89.31,89.35
2026-05-07 20:00:00,89.34,89.34,89.2,89.24
2026-05-07 21:00:00,89.25,89.25,89.07,89.11
2026-05-07 22:00:00,89.1,89.15,89.1,89.14
2026-05-07 23:00:00,89.12,89.17,89.12,89.16
2026-05-08 00:00:00,89.15,89.16,89.14,89.15
2026-05-08 01:00:00,89.14,89.16,89.12,89.14
2026-05-08 02:00:00,89.14,89.21,89.14,89.2
2026-05-08 03:00:00,89.18,89.21,89.14,89.18
2026-05-08 04:00:00,89.18,89.27,89.18,89.24
2026-05-08 05:00:00,89.24,89.24,89.13,89.17
2026-05-08 06:00:00,89.15,89.27,89.15,89.24
2026-05-08 07:00:00,89.23,89.36,89.23,89.31
2026-05-08 08:00:00,89.32,89.37,89.31,89.34
2026-05-08 09:00:00,89.35,89.41,89.35,89.38
2026-05-08 10:00:00,89.38,89.41,89.37,89.38
2026-05-08 11:00:00,89.4,89.46,89.4,89.43
2026-05-08 12:00:00,89.42,89.5,89.42,89.48
2026-05-08 13:00:00,89.49,89.54,89.49,89.52
2026-05-08 14:00:00,89.53,89.64,89.53,89.62
2026-05-08 15:00:00,89.6,89.69,89.6,89.67
2026-05-08 16:00:00,89.68,89.79,89.68,89.77
2026-05-08 17:00:00,89.78,89.84,89.78,89.82
2026-05-08 18:00:00,89.8,89.84,89.8,89.83
2026-05-08 19:00:00,89.84,89.84,89.78,89.79
2026-05-08 20:00:00,89.79,89.79,89.68,89.71
2026-05-08 21:00:00,89.71,89.84,89.71,89.79
2026-05-08 22:00:00,89.8,89.8,89.68,89.7
2026-05-08 23:00:00,89.68,89.71,89.66,89.69
2026-05-09 00:00:00,89.68,89.73,89.68,89.72
2026-05-09 01:00:00,89.72,89.77,89.7,89.74
2026-05-09 02:00:00,89.75,89.75,89.69,89.71
2026-05-09 03:00:00,89.71,89.81,89.71,89.81
2026-05-09 04:00:00,89.79,89.84,89.79,89.82
2026-05-09 05:00:00,89.81,89.81,89.69,89.72
2026-05-09 06:00:00,89.71,89.76,89.71,89.74
2026-05-09 07:00:00,89.74,89.8,89.71,89.75
2026-05-09 08:00:00,89.75,89.8,89.75,89.78
2026-05-09 09:00:00,89.79,89.8,89.74,89.77
2026-05-09 10:00:00,89.77,89.77,89.67,89.71
2026-05-09 11:00:00,89.72,89.73,89.66,89.7
2026-05-09 12:00:00,89.69,89.72,89.65,89.69
2026-05-09 13:00:00,89.68,89.7,89.64,89.67
2026-05-09 14:00:00,89.68,89.69,89.64,89.66
2026-05-09 15:00:00,89.67,89.74,89.67,89.72
2026-05-09 16:00:00,89.72,89.73,89.64,89.69
2026-05-09 17:00:00,89.7,89.74,89.7,89.73
2026-05-09 18:00:00,89.72,89.77,89.69,89.73
2026-05-09 19:00:00,89.72,89.8,89.71,89.75
2026-05-09 20:00:00,89.75,89.75,89.71,89.72
2026-05-09 21:00:00,89.73,89.73,89.68,89.7
2026-05-09 22:00:00,89.69,89.74,89.65,89.69
2026-05-09 23:00:00,89.68,89.85,89.68,89.82
2026-05-10 00:00:00,89.82,89.82,89.75,89.79
2026-05-10 01:00:00,89.79,89.85,89.79,89.83
2026-05-10 02:00:00,89.83,89.83,89.73,89.77
2026-05-10 03:00:00,89.79,89.83,89.74,89.78
2026-05-10 04:00:00,89.78,89.9,89.78,89.87
2026-05-10 05:00:00,89.87,89.88,89.84,89.85
2026-05-10 06:00:00,89.86,89.86,89.79,89.82
2026-05-10 07:00:00,89.81,89.84,89.81,89.83
2026-05-10 08:00:00,89.83,89.91,89.83,89.86
2026-05-10 09:00:00,89.84,89.85,89.83,89.84
2026-05-10 10:00:00,89.85,89.96,89.85,89.92
2026-05-10 11:00:00,89.92,89.97,89.92,89.96
2026-05-10 12:00:00,89.95,90.04,89.95,90.03
2026-05-10 13:00:00,90.04,90.04,89.95,90.0
2026-05-10 14:00:00,90.01,90.11,90.01,90.07
2026-05-10 15:00:00,90.09,90.09,90.01,90.03
2026-05-10 16:00:00,90.03,90.03,89.95,89.97
2026-05-10 17:00:00,89.96,89.96,89.86,89.88
2026-05-10 18:00:00,89.88,89.92,89.87,89.89
2026-05-10 19:00:00,89.89,89.98,89.89,89.97
2026-05-10 20:00:00,89.98,90.09,89.98,90.03
2026-05-10 21:00:00,90.03,90.04,90.01,90.03
2026-05-10 22:00:00,90.03,90.04,89.96,90.0
2026-05-10 23:00:00,90.02,90.13,90.02,90.11
2026-05-11 00:00:00,90.1,90.14,90.1,90.12
2026-05-11 01:00:00,90.13,90.13,90.01,90.03
2026-05-11 02:00:00,90.03,90.05,89.95,90.0
2026-05-11 03:00:00,90.01,90.01,89.96,89.98
2026-05-11 04:00:00,89.98,90.05,89.98,90.03
2026-05-11 05:00:00,90.01,90.13,90.01,90.11
2026-05-11 06:00:00,90.1,90.14,90.1,90.12
2026-05-11 07:00:00,90.15,90.15,90.06,90.08
2026-05-11 08:00:00,90.07,90.14,90.07,90.12
2026-05-11 09:00:00,90.12,90.22,90.12,90.21
2026-05-11 10:00:00,90.22,90.22,90.12,90.17
2026-05-11 11:00:00,90.18,90.18,90.11,90.13
2026-05-11 12:00:00,90.14,90.21,90.12,90.17
2026-05-11 13:00:00,90.16,90.19,90.16,90.18
2026-05-11 14:00:00,90.17,90.2,90.13,90.16
2026-05-11 15:00:00,90.16,90.23,90.16,90.2
2026-05-11 16:00:00,90.21,90.21,90.03,90.06
2026-05-11 17:00:00,90.07,90.13,90.07,90.11
2026-05-11 18:00:00,90.1,90.18,90.1,90.14
2026-05-11 19:00:00,90.14,90.17,90.12,90.14
2026-05-11 20:00:00,90.16,90.16,90.1,90.11
2026-05-11 21:00:00,90.11,90.12,90.06,90.1
2026-05-11 22:00:00,90.09,90.11,90.06,90.09
2026-05-11 23:00:00,90.09,90.09,90.05,90.06
2026-05-12 00:00:00,90.05,90.11,90.05,90.1
2026-05-12 01:00:00,90.11,90.11,90.07,90.08
2026-05-12 02:00:00,90.06,90.14,90.04,90.09
2026-05-12 03:00:00,90.09,90.11,90.05,90.09
2026-05-12 04:00:00,90.1,90.16,90.1,90.14
2026-05-12 05:00:00,90.15,90.19,90.11,90.14
2026-05-12 06:00:00,90.14,90.18,90.14,90.18
2026-05-12 07:00:00,90.18,90.27,90.18,90.23
2026-05-12 08:00:00,90.22,90.26,90.22,90.24
2026-05-12 09:00:00,90.24,90.24,90.19,90.2
2026-05-12 10:00:00,90.21,90.34,90.21,90.3
2026-05-12 11:00:00,90.3,90.35,90.29,90.32
2026-05-12 12:00:00,90.3,90.3,90.22,90.25
2026-05-12 13:00:00,90.24,90.25,90.21,90.23
2026-05-12 14:00:00,90.24,90.24,90.17,90.18
2026-05-12 15:00:00,90.18,90.19,90.14,90.16
2026-05-12 16:00:00,90.15,90.15,90.05,90.08
2026-05-12 17:00:00,90.08,90.1,90.04,90.07
2026-05-12 18:00:00,90.07,90.24,90.07,90.2
2026-05-12 19:00:00,90.2,90.26,90.17,90.22
2026-05-12 20:00:00,90.22,90.31,90.22,90.29
2026-05-12 21:00:00,90.27,90.35,90.27,90.34
2026-05-12 22:00:00,90.33,90.37,90.33,90.36
2026-05-12 23:00:00,90.37,90.45,90.37,90.42
2026-05-13 00:00:00,90.41,90.44,90.41,90.43
2026-05-13 01:00:00,90.43,90.43,90.37,90.38
2026-05-13 02:00:00,90.39,90.39,90.33,90.34
2026-05-13 03:00:00,90.34,90.34,90.18,90.23
2026-05-13 04:00:00,90.22,90.22,90.11,90.12
2026-05-13 05:00:00,90.13,90.13,90.05,90.09
2026-05-13 06:00:00,90.09,90.16,90.09,90.12
2026-05-13 07:00:00,90.11,90.11,89.99,90.03
2026-05-13 08:00:00,90.04,90.11,90.04,90.08
2026-05-13 09:00:00,90.08,90.09,90.06,90.08
2026-05-13 10:00:00,90.05,90.05,89.98,90.0
2026-05-13 11:00:00,90.01,90.01,89.93,89.96
2026-05-13 12:00:00,89.96,90.02,89.96,89.99
2026-05-13 13:00:00,89.98,90.08,89.98,90.07
2026-05-13 14:00:00,90.08,90.08,89.99,90.02
2026-05-13 15:00:00,90.03,90.03,89.91,89.94
2026-05-13 16:00:00,89.96,90.0,89.95,89.97
2026-05-13 17:00:00,89.97,90.13,89.97,90.08
2026-05-13 18:00:00,90.08,90.12,90.08,90.1
2026-05-13 19:00:00,90.1,90.2,90.1,90.19
2026-05-13 20:00:00,90.21,90.33,90.21,90.29
2026-05-13 21:00:00,90.29,90.3,90.27,90.29
2026-05-13 22:00:00,90.3,90.3,90.17,90.22
2026-05-13 23:00:00,90.22,90.22,90.17,90.19
2026-05-14 00:00:00,90.2,90.22,90.13,90.17
2026-05-14 01:00:00,90.16,90.23,90.16,90.19
2026-05-14 02:00:00,90.18,90.25,90.18,90.24
2026-05-14 03:00:00,90.25,90.35,90.25,90.31
2026-05-14 04:00:00,90.31,90.35,90.25,90.29
2026-05-14 05:00:00,90.3,90.3,90.22,90.25
2026-05-14 06:00:00,90.24,90.24,90.16,90.17
2026-05-14 07:00:00,90.18,90.23,90.15,90.2
2026-05-14 08:00:00,90.18,90.18,90.01,90.03
2026-05-14 09:00:00,90.04,90.05,89.97,90.02
2026-05-14 10:00:00,90.02,90.06,90.02,90.04
2026-05-14 11:00:00,90.02,90.02,89.95,89.98
2026-05-14 12:00:00,89.98,90.01,89.96,89.99
2026-05-14 13:00:00,89.99,90.03,89.93,89.98
2026-05-14 14:00:00,89.98,89.99,89.94,89.98
2026-05-14 15:00:00,89.98,90.04,89.98,90.01
2026-05-14 16:00:00,90.02,90.1,90.01,90.06
2026-05-14 17:00:00,90.05,90.13,90.05,90.1
2026-05-14 18:00:00,90.1,90.12,90.08,90.1
2026-05-14 19:00:00,90.1,90.12,90.06,90.09
2026-05-14 20:00:00,90.11,90.11,90.07,90.09
2026-05-14 21:00:00,90.07,90.17,90.07,90.15
2026-05-14 22:00:00,90.16,90.29,90.16,90.24
2026-05-14 23:00:00,90.24,90.24,90.15,90.17
2026-05-15 00:00:00,90.17,90.2,90.15,90.17
2026-05-15 01:00:00,90.17,90.21,90.16,90.18
2026-05-15 02:00:00,90.16,90.22,90.16,90.21
2026-05-15 03:00:00,90.21,90.21,90.14,90.18
2026-05-15 04:00:00,90.17,90.32,90.17,90.32
2026-05-15 05:00:00,90.31,90.32,90.26,90.3
2026-05-15 06:00:00,90.29,90.38,90.29,90.37
2026-05-15 07:00:00,90.37,90.37,90.27,90.28
2026-05-15 08:00:00,90.28,90.28,90.2,90.23
2026-05-15 09:00:00,90.21,90.32,90.21,90.3
2026-05-15 10:00:00,90.31,90.37,90.3,90.33
2026-05-15 11:00:00,90.34,90.42,90.34,90.38
2026-05-15 12:00:00,90.36,90.46,90.36,90.44
2026-05-15 13:00:00,90.45,90.53,90.45,90.5
2026-05-15 14:00:00,90.5,90.5,90.37,90.38
2026-05-15 15:00:00,90.38,90.38,90.31,90.32
2026-05-15 16:00:00,90.33,90.35,90.31,90.34
2026-05-15 17:00:00,90.34,90.42,90.34,90.39
2026-05-15 18:00:00,90.39,90.39,90.28,90.31
2026-05-15 19:00:00,90.32,90.32,90.19,90.21
2026-05-15 20:00:00,90.2,90.2,90.13,90.16
2026-05-15 21:00:00,90.14,90.22,90.14,90.2
2026-05-15 22:00:00,90.2,90.34,90.2,90.3
2026-05-15 23:00:00,90.3,90.39,90.3,90.36
2026-05-16 00:00:00,90.35,90.35,90.26,90.29
2026-05-16 01:00:00,90.3,90.34,90.3,90.31
2026-05-16 02:00:00,90.32,90.46,90.32,90.44
2026-05-16 03:00:00,90.43,90.51,90.43,90.48
2026-05-16 04:00:00,90.47,90.64,90.47,90.63
2026-05-16 05:00:00,90.63,90.63,90.59,90.61
2026-05-16 06:00:00,90.61,90.61,90.5,90.52
2026-05-16 07:00:00,90.51,90.57,90.48,90.51
2026-05-16 08:00:00,90.5,90.69,90.5,90.64
2026-05-16 09:00:00,90.66,90.74,90.66,90.71
2026-05-16 10:00:00,90.7,90.7,90.53,90.56
2026-05-16 11:00:00,90.55,90.61,90.55,90.6
2026-05-16 12:00:00,90.6,90.6,90.54,90.55
2026-05-16 13:00:00,90.55,90.55,90.44,90.47
2026-05-16 14:00:00,90.47,90.47,90.4,90.41
2026-05-16 15:00:00,90.41,90.48,90.41,90.45
2026-05-16 16:00:00,90.45,90.55,90.45,90.52
2026-05-16 17:00:00,90.53,90.53,90.47,90.48
2026-05-16 18:00:00,90.49,90.59,90.49,90.55
2026-05-16 19:00:00,90.55,90.55,90.45,90.5
2026-05-16 20:00:00,90.5,90.53,90.47,90.49
2026-05-16 21:00:00,90.5,90.5,90.44,90.45
2026-05-16 22:00:00,90.44,90.46,90.41,90.44
2026-05-16 23:00:00,90.44,90.46,90.4,90.42
2026-05-17 00:00:00,90.44,90.44,90.37,90.39
2026-05-17 01:00:00,90.4,90.44,90.4,90.41
2026-05-17 02:00:00,90.42,90.54,90.42,90.51
2026-05-17 03:00:00,90.51,90.74,90.51,90.73
2026-05-17 04:00:00,90.74,90.81,90.71,90.76
2026-05-17 05:00:00,90.75,90.79,90.69,90.74
2026-05-17 06:00:00,90.76,90.76,90.62,90.64
2026-05-17 07:00:00,90.63,90.63,90.55,90.58
2026-05-17 08:00:00,90.58,90.58,90.43,90.48
2026-05-17 09:00:00,90.47,90.55,90.47,90.53
2026-05-17 10:00:00,90.52,90.52,90.43,90.47
2026-05-17 11:00:00,90.46,90.55,90.46,90.54
2026-05-17 12:00:00,90.53,90.66,90.53,90.61
2026-05-17 13:00:00,90.59,90.76,90.59,90.73
2026-05-17 14:00:00,90.74,90.74,90.63,90.65
2026-05-17 15:00:00,90.64,90.72,90.64,90.7
2026-05-17 16:00:00,90.69,90.69,90.66,90.68
2026-05-17 17:00:00,90.67,90.67,90.62,90.64
2026-05-17 18:00:00,90.65,90.77,90.65,90.73
2026-05-17 19:00:00,90.72,90.87,90.72,90.84
2026-05-17 20:00:00,90.86,90.86,90.83,90.84
2026-05-17 21:00:00,90.85,90.96,90.85,90.91
2026-05-17 22:00:00,90.92,90.98,90.92,90.97
2026-05-17 23:00:00,90.97,90.97,90.87,90.92
2026-05-18 00:00:00,90.91,91.0,90.91,90.98
2026-05-18 01:00:00,90.98,91.04,90.97,90.99
2026-05-18 02:00:00,90.98,91.04,90.96,90.99
2026-05-18 03:00:00,90.99,91.0,90.96,90.99
2026-05-18 04:00:00,90.98,91.01,90.98,90.99
2026-05-18 05:00:00,91.0,91.02,90.99,91.0
2026-05-18 06:00:00,91.01,91.14,91.01,91.12
2026-05-18 07:00:00,91.13,91.17,91.13,91.15
2026-05-18 08:00:00,91.15,91.3,91.15,91.27
2026-05-18 09:00:00,91.27,91.27,91.21,91.22
2026-05-18 10:00:00,91.22,91.36,91.22,91.33
2026-05-18 11:00:00,91.33,91.39,91.33,91.37
2026-05-18 12:00:00,91.36,91.38,91.33,91.35
2026-05-18 13:00:00,91.34,91.4,91.34,91.38
2026-05-18 14:00:00,91.38,91.38,91.32,91.34
2026-05-18 15:00:00,91.33,91.4,91.33,91.38
2026-05-18 16:00:00,91.38,91.38,91.2,91.25
2026-05-18 17:00:00,91.23,91.28,91.23,91.26
2026-05-18 18:00:00,91.26,91.45,91.26,91.41
2026-05-18 19:00:00,91.39,91.45,91.39,91.43
2026-05-18 20:00:00,91.44,91.54,91.44,91.51
2026-05-18 21:00:00,91.52,91.63,91.52,91.62
2026-05-18 22:00:00,91.62,91.62,91.54,91.56
2026-05-18 23:00:00,91.56,91.73,91.56,91.71
2026-05-19 00:00:00,91.74,91.74,91.67,91.71
2026-05-19 01:00:00,91.71,91.71,91.68,91.7
2026-05-19 02:00:00,91.7,91.7,91.56,91.57
2026-05-19 03:00:00,91.57,91.59,91.53,91.56
2026-05-19 04:00:00,91.57,91.66,91.57,91.65
2026-05-19 05:00:00,91.64,91.68,91.61,91.65
2026-05-19 06:00:00,91.65,91.68,91.63,91.65
2026-05-19 07:00:00,91.67,91.67,91.48,91.49
2026-05-19 08:00:00,91.48,91.48,91.38,91.42
2026-05-19 09:00:00,91.45,91.47,91.42,91.44
2026-05-19 10:00:00,91.44,91.44,91.36,91.38
2026-05-19 11:00:00,91.37,91.41,91.36,91.38
2026-05-19 12:00:00,91.38,91.47,91.38,91.46
2026-05-19 13:00:00,91.45,91.45,91.38,91.41
2026-05-19 14:00:00,91.41,91.43,91.4,91.42
2026-05-19 15:00:00,91.42,91.45,91.42,91.43
2026-05-19 16:00:00,91.43,91.45,91.36,91.41
2026-05-19 17:00:00,91.41,91.5,91.41,91.49
2026-05-19 18:00:00,91.48,91.48,91.42,91.45
2026-05-19 19:00:00,91.45,91.45,91.39,91.4
2026-05-19 20:00:00,91.4,91.4,91.33,91.36
2026-05-19 21:00:00,91.36,91.37,91.3,91.34
2026-05-19 22:00:00,91.34,91.42,91.34,91.4
2026-05-19 23:00:00,91.42,91.48,91.42,91.47
2026-05-20 00:00:00,91.46,91.67,91.46,91.65
2026-05-20 01:00:00,91.64,91.69,91.64,91.67
2026-05-20 02:00:00,91.66,91.66,91.62,91.64
2026-05-20 03:00:00,91.65,91.65,91.61,91.63
2026-05-20 04:00:00,91.64,91.71,91.64,91.68
2026-05-20 05:00:00,91.68,91.68,91.55,91.57
2026-05-20 06:00:00,91.56,91.61,91.56,91.59
2026-05-20 07:00:00,91.59,91.71,91.59,91.7
2026-05-20 08:00:00,91.71,91.71,91.67,91.68
2026-05-20 09:00:00,91.69,91.7,91.61,91.65
2026-05-20 10:00:00,91.64,91.64,91.55,91.57
2026-05-20 11:00:00,91.56,91.72,91.56,91.69
2026-05-20 12:00:00,91.68,91.7,91.66,91.67
2026-05-20 13:00:00,91.67,91.68,91.64,91.65
2026-05-20 14:00:00,91.65,91.65,91.59,91.6
2026-05-20 15:00:00,91.61,91.65,91.59,91.62
2026-05-20 16:00:00,91.61,91.67,91.6,91.63
2026-05-20 17:00:00,91.63,91.67,91.62,91.64
2026-05-20 18:00:00,91.64,91.64,91.53,91.54
2026-05-20 19:00:00,91.54,91.64,91.54,91.62
2026-05-20 20:00:00,91.61,91.61,91.51,91.55
2026-05-20 21:00:00,91.55,91.55,91.49,91.51
2026-05-20 22:00:00,91.52,91.62,91.52,91.59
2026-05-20 23:00:00,91.59,91.67,91.59,91.64
2026-05-21 00:00:00,91.65,91.65,91.5,91.54
2026-05-21 01:00:00,91.54,91.61,91.54,91.58
2026-05-21 02:00:00,91.58,91.58,91.52,91.53
2026-05-21 03:00:00,91.54,91.54,91.4,91.43
2026-05-21 04:00:00,91.42,91.45,91.37,91.42
2026-05-21 05:00:00,91.42,91.49,91.42,91.47
2026-05-21 06:00:00,91.49,91.49,91.37,91.4
2026-05-21 07:00:00,91.39,91.47,91.39,91.44
2026-05-21 08:00:00,91.43,91.47,91.41,91.43
2026-05-21 09:00:00,91.43,91.46,91.43,91.44
2026-05-21 10:00:00,91.45,91.54,91.45,91.52
2026-05-21 11:00:00,91.53,91.53,91.47,91.48
2026-05-21 12:00:00,91.48,91.51,91.48,91.5
2026-05-21 13:00:00,91.5,91.61,91.5,91.59
2026-05-21 14:00:00,91.58,91.66,91.58,91.64
2026-05-21 15:00:00,91.62,91.77,91.62,91.76
2026-05-21 16:00:00,91.76,91.92,91.76,91.9
2026-05-21 17:00:00,91.9,91.9,91.85,91.87
2026-05-21 18:00:00,91.88,91.93,91.88,91.91
2026-05-21 19:00:00,91.93,91.93,91.78,91.82
2026-05-21 20:00:00,91.83,91.91,91.83,91.9
2026-05-21 21:00:00,91.9,91.92,91.89,91.9
2026-05-21 22:00:00,91.9,91.99,91.9,91.95
2026-05-21 23:00:00,91.95,91.95,91.86,91.89
2026-05-22 00:00:00,91.89,91.93,91.87,91.9
2026-05-22 01:00:00,91.89,91.89,91.84,91.86
2026-05-22 02:00:00,91.86,91.86,91.8,91.81
2026-05-22 03:00:00,91.81,91.81,91.75,91.78
2026-05-22 04:00:00,91.79,91.79,91.69,91.71
2026-05-22 05:00:00,91.72,91.84,91.72,91.79
2026-05-22 06:00:00,91.78,91.78,91.67,91.71
2026-05-22 07:00:00,91.74,91.76,91.67,91.7
2026-05-22 08:00:00,91.7,91.7,91.61,91.65
2026-05-22 09:00:00,91.65,91.65,91.54,91.58
2026-05-22 10:00:00,91.57,91.61,91.57,91.6
2026-05-22 11:00:00,91.6,91.67,91.6,91.66
2026-05-22 12:00:00,91.69,91.69,91.56,91.58
2026-05-22 13:00:00,91.56,91.67,91.56,91.66
2026-05-22 14:00:00,91.67,91.81,91.67,91.79
2026-05-22 15:00:00,91.78,91.91,91.78,91.87
2026-05-22 16:00:00,91.87,91.93,91.87,91.9
2026-05-22 17:00:00,91.9,91.9,91.86,91.88
2026-05-22 18:00:00,91.88,91.88,91.8,91.82
2026-05-22 19:00:00,91.83,91.9,91.83,91.88
2026-05-22 20:00:00,91.87,91.99,91.87,91.95
2026-05-22 21:00:00,91.94,91.94,91.8,91.84
2026-05-22 22:00:00,91.84,91.84,91.74,91.75
2026-05-22 23:00:00,91.74,91.8,91.74,91.79
2026-05-23 00:00:00,91.77,91.84,91.77,91.81
2026-05-23 01:00:00,91.8,91.93,91.8,91.92
2026-05-23 02:00:00,91.91,91.96,91.91,91.94
2026-05-23 03:00:00,91.93,91.95,91.91,91.92
2026-05-23 04:00:00,91.92,91.92,91.81,91.84
2026-05-23 05:00:00,91.84,91.87,91.8,91.84
2026-05-23 06:00:00,91.84,92.0,91.84,91.98
2026-05-23 07:00:00,91.98,91.98,91.94,91.95
2026-05-23 08:00:00,91.94,92.1,91.94,92.08
2026-05-23 09:00:00,92.07,92.07,91.99,92.0
2026-05-23 10:00:00,92.0,92.02,91.98,91.99
2026-05-23 11:00:00,91.99,91.99,91.93,91.95
2026-05-23 12:00:00,91.94,92.12,91.94,92.11
2026-05-23 13:00:00,92.11,92.11,92.07,92.09
2026-05-23 14:00:00,92.08,92.26,92.08,92.23
2026-05-23 15:00:00,92.21,92.3,92.21,92.28
2026-05-23 16:00:00,92.28,92.28,92.2,92.23
2026-05-23 17:00:00,92.23,92.23,92.17,92.18
2026-05-23 18:00:00,92.17,92.25,92.17,92.24
2026-05-23 19:00:00,92.23,92.23,92.2,92.21
2026-05-23 20:00:00,92.21,92.25,92.2,92.22
2026-05-23 21:00:00,92.22,92.29,92.22,92.27
2026-05-23 22:00:00,92.28,92.28,92.22,92.23
2026-05-23 23:00:00,92.23,92.31,92.23,92.26
2026-05-24 00:00:00,92.28,92.3,92.28,92.29
2026-05-24 01:00:00,92.3,92.36,92.3,92.35
2026-05-24 02:00:00,92.36,92.37,92.34,92.35
2026-05-24 03:00:00,92.35,92.49,92.35,92.45
2026-05-24 04:00:00,92.45,92.52,92.45,92.5
2026-05-24 05:00:00,92.48,92.57,92.48,92.56
2026-05-24 06:00:00,92.58,92.69,92.58,92.64
2026-05-24 07:00:00,92.65,92.68,92.6,92.64
2026-05-24 08:00:00,92.64,92.67,92.59,92.64
2026-05-24 09:00:00,92.63,92.63,92.59,92.61
2026-05-24 10:00:00,92.63,92.64,92.58,92.61
2026-05-24 11:00:00,92.62,92.62,92.59,92.6
2026-05-24 12:00:00,92.6,92.61,92.58,92.6
2026-05-24 13:00:00,92.6,92.61,92.59,92.6
2026-05-24 14:00:00,92.59,92.73,92.59,92.71
2026-05-24 15:00:00,92.7,92.7,92.61,92.65
2026-05-24 16:00:00,92.64,92.69,92.62,92.65
2026-05-24 17:00:00,92.66,92.74,92.66,92.72
2026-05-24 18:00:00,92.72,92.86,92.72,92.82
2026-05-24 19:00:00,92.81,93.01,92.81,92.99
2026-05-24 20:00:00,92.98,92.98,92.9,92.92
2026-05-24 21:00:00,92.91,92.99,92.91,92.96
2026-05-24 22:00:00,92.97,93.06,92.97,93.02
2026-05-24 23:00:00,93.03,93.03,92.96,92.98
2026-05-25 00:00:00,92.98,93.03,92.98,93.02
2026-05-25 01:00:00,93.02,93.07,93.02,93.04
2026-05-25 02:00:00,93.05,93.11,93.03,93.08
2026-05-25 03:00:00,93.08,93.17,93.08,93.13
2026-05-25 04:00:00,93.14,93.26,93.14,93.25
2026-05-25 05:00:00,93.24,93.27,93.24,93.26
2026-05-25 06:00:00,93.26,93.26,93.16,93.17
2026-05-25 07:00:00,93.17,93.17,93.04,93.08
2026-05-25 08:00:00,93.08,93.18,93.08,93.16
2026-05-25 09:00:00,93.16,93.17,93.13,93.14
2026-05-25 10:00:00,93.14,93.29,93.14,93.27
2026-05-25 11:00:00,93.27,93.33,93.26,93.29
2026-05-25 12:00:00,93.28,93.28,93.18,93.22
2026-05-25 13:00:00,93.23,93.34,93.23,93.3
2026-05-25 14:00:00,93.29,93.44,93.29,93.42
2026-05-25 15:00:00,93.41,93.44,93.41,93.42
2026-05-25 16:00:00,93.43,93.43,93.35,93.37
2026-05-25 17:00:00,93.36,93.46,93.36,93.42
2026-05-25 18:00:00,93.41,93.41,93.31,93.32
2026-05-25 19:00:00,93.32,93.32,93.27,93.29
2026-05-25 20:00:00,93.29,93.32,93.29,93.31
2026-05-25 21:00:00,93.32,93.42,93.32,93.37
2026-05-25 22:00:00,93.39,93.39,93.24,93.29
2026-05-25 23:00:00,93.3,93.36,93.3,93.34
2026-05-26 00:00:00,93.35,93.35,93.22,93.25
2026-05-26 01:00:00,93.25,93.39,93.25,93.36
2026-05-26 02:00:00,93.36,93.39,93.31,93.34
2026-05-26 03:00:00,93.35,93.35,93.29,93.31
2026-05-26 04:00:00,93.31,93.36,93.31,93.34
2026-05-26 05:00:00,93.34,93.37,93.31,93.34
2026-05-26 06:00:00,93.34,93.34,93.16,93.21
2026-05-26 07:00:00,93.2,93.23,93.17,93.2
2026-05-26 08:00:00,93.21,93.4,93.21,93.39
2026-05-26 09:00:00,93.38,93.48,93.38,93.44
2026-05-26 10:00:00,93.44,93.48,93.44,93.46
2026-05-26 11:00:00,93.47,93.53,93.47,93.51
2026-05-26 12:00:00,93.5,93.52,93.48,93.5
2026-05-26 13:00:00,93.51,93.51,93.42,93.43
2026-05-26 14:00:00,93.43,93.49,93.42,93.46
2026-05-26 15:00:00,93.46,93.46,93.41,93.42
2026-05-26 16:00:00,93.42,93.42,93.38,93.39
2026-05-26 17:00:00,93.38,93.38,93.29,93.33
2026-05-26 18:00:00,93.33,93.33,93.23,93.27
2026-05-26 19:00:00,93.26,93.31,93.25,93.27
2026-05-26 20:00:00,93.26,93.38,93.26,93.35
2026-05-26 21:00:00,93.34,93.48,93.34,93.47
2026-05-26 22:00:00,93.47,93.47,93.29,93.35
2026-05-26 23:00:00,93.35,93.46,93.35,93.44
2026-05-27 00:00:00,93.46,93.46,93.15,93.17
2026-05-27 01:00:00,93.18,93.18,93.09,93.11
2026-05-27 02:00:00,93.11,93.11,92.93,92.96
2026-05-27 03:00:00,92.94,93.09,92.94,93.07
2026-05-27 04:00:00,93.08,93.08,92.99,93.02
2026-05-27 05:00:00,93.02,93.09,93.02,93.08
2026-05-27 06:00:00,93.07,93.18,93.07,93.15
2026-05-27 07:00:00,93.14,93.23,93.14,93.2
2026-05-27 08:00:00,93.21,93.27,93.2,93.23
2026-05-27 09:00:00,93.24,93.33,93.24,93.28
2026-05-27 10:00:00,93.27,93.4,93.27,93.36
2026-05-27 11:00:00,93.37,93.45,93.35,93.39
2026-05-27 12:00:00,93.4,93.43,93.39,93.41
2026-05-27 13:00:00,93.43,93.43,93.34,93.36
2026-05-27 14:00:00,93.36,93.36,93.22,93.24
2026-05-27 15:00:00,93.24,93.36,93.24,93.33
2026-05-27 16:00:00,93.34,93.42,93.34,93.39
2026-05-27 17:00:00,93.38,93.43,93.36,93.39
2026-05-27 18:00:00,93.39,93.39,93.35,93.36
2026-05-27 19:00:00,93.36,93.36,93.33,93.35
2026-05-27 20:00:00,93.34,93.38,93.34,93.37
2026-05-27 21:00:00,93.38,93.38,93.3,93.33
2026-05-27 22:00:00,93.34,93.34,93.22,93.24
2026-05-27 23:00:00,93.23,93.26,93.22,93.23
2026-05-28 00:00:00,93.22,93.3,93.22,93.28
2026-05-28 01:00:00,93.27,93.27,93.2,93.22
2026-05-28 02:00:00,93.22,93.26,93.21,93.24
2026-05-28 03:00:00,93.24,93.31,93.24,93.28
2026-05-28 04:00:00,93.28,93.29,93.26,93.27
2026-05-28 05:00:00,93.26,93.26,93.19,93.2
2026-05-28 06:00:00,93.2,93.33,93.2,93.3
2026-05-28 07:00:00,93.32,93.38,93.32,93.36
2026-05-28 08:00:00,93.37,93.45,93.37,93.43
2026-05-28 09:00:00,93.44,93.51,93.44,93.48
2026-05-28 10:00:00,93.49,93.64,93.49,93.62
2026-05-28 11:00:00,93.62,93.66,93.62,93.66
2026-05-28 12:00:00,93.66,93.66,93.64,93.66
2026-05-28 13:00:00,93.64,93.71,93.64,93.7
2026-05-28 14:00:00,93.71,93.79,93.71,93.75
2026-05-28 15:00:00,93.75,93.84,93.75,93.82
2026-05-28 16:00:00,93.81,93.97,93.81,93.94
2026-05-28 17:00:00,93.95,93.95,93.85,93.86
2026-05-28 18:00:00,93.87,93.93,93.87,93.92
2026-05-28 19:00:00,93.92,93.92,93.85,93.86
2026-05-28 20:00:00,93.86,93.86,93.76,93.81
2026-05-28 21:00:00,93.81,93.81,93.68,93.71
2026-05-28 22:00:00,93.71,93.71,93.64,93.66
2026-05-28 23:00:00,93.65,93.65,93.53,93.56
2026-05-29 00:00:00,93.55,93.59,93.55,93.57
2026-05-29 01:00:00,93.57,93.58,93.55,93.57
2026-05-29 02:00:00,93.56,93.66,93.56,93.65
2026-05-29 03:00:00,93.65,93.68,93.61,93.65
2026-05-29 04:00:00,93.63,93.63,93.47,93.52
2026-05-29 05:00:00,93.5,93.57,93.49,93.54
2026-05-29 06:00:00,93.54,93.62,93.54,93.59
2026-05-29 07:00:00,93.58,93.58,93.49,93.51
2026-05-29 08:00:00,93.5,93.59,93.5,93.55
2026-05-29 09:00:00,93.56,93.69,93.56,93.67
2026-05-29 10:00:00,93.67,93.67,93.55,93.57
2026-05-29 11:00:00,93.59,93.59,93.54,93.56
2026-05-29 12:00:00,93.54,93.73,93.54,93.72
2026-05-29 13:00:00,93.73,93.8,93.73,93.78
2026-05-29 14:00:00,93.77,93.86,93.77,93.83
2026-05-29 15:00:00,93.85,93.9,93.84,93.87
2026-05-29 16:00:00,93.86,93.95,93.86,93.9
2026-05-29 17:00:00,93.9,93.9,93.85,93.86
2026-05-29 18:00:00,93.86,93.92,93.86,93.91
2026-05-29 19:00:00,93.91,94.01,93.91,93.99
2026-05-29 20:00:00,93.99,94.1,93.99,94.08
2026-05-29 21:00:00,94.08,94.14,94.08,94.13
2026-05-29 22:00:00,94.12,94.2,94.12,94.17
2026-05-29 23:00:00,94.18,94.18,94.07,94.1
2026-05-30 00:00:00,94.11,94.13,94.11,94.12
2026-05-30 01:00:00,94.11,94.18,94.11,94.16
2026-05-30 02:00:00,94.14,94.26,94.14,94.22
2026-05-30 03:00:00,94.21,94.21,94.12,94.14
2026-05-30 04:00:00,94.15,94.22,94.14,94.18
2026-05-30 05:00:00,94.17,94.17,94.09,94.14
2026-05-30 06:00:00,94.14,94.22,94.12,94.18
2026-05-30 07:00:00,94.16,94.34,94.16,94.3
2026-05-30 08:00:00,94.31,94.34,94.28,94.31
2026-05-30 09:00:00,94.3,94.31,94.27,94.29
2026-05-30 10:00:00,94.3,94.3,94.15,94.17
2026-05-30 11:00:00,94.16,94.16,94.05,94.06
2026-05-30 12:00:00,94.04,94.04,93.99,94.0
2026-05-30 13:00:00,93.99,94.08,93.99,94.07
2026-05-30 14:00:00,94.06,94.07,94.05,94.06
2026-05-30 15:00:00,94.06,94.17,94.06,94.16
2026-05-30 16:00:00,94.16,94.2,94.16,94.19
2026-05-30 17:00:00,94.19,94.25,94.19,94.21
2026-05-30 18:00:00,94.21,94.21,94.15,94.17
2026-05-30 19:00:00,94.15,94.18,94.15,94.17
2026-05-30 20:00:00,94.15,94.26,94.15,94.22
2026-05-30 21:00:00,94.21,94.21,94.13,94.14
2026-05-30 22:00:00,94.13,94.19,94.11,94.15
2026-05-30 23:00:00,94.14,94.14,94.01,94.04
2026-05-31 00:00:00,94.05,94.05,93.98,93.99
2026-05-31 01:00:00,94.0,94.0,93.91,93.94
2026-05-31 02:00:00,93.94,94.12,93.94,94.07
2026-05-31 03:00:00,94.07,94.08,94.01,94.05
2026-05-31 04:00:00,94.04,94.04,93.95,93.98
2026-05-31 05:00:00,93.98,94.1,93.98,94.08
2026-05-31 06:00:00,94.08,94.08,94.0,94.03
2026-05-31 07:00:00,94.02,94.17,94.02,94.14
2026-05-31 08:00:00,94.16,94.16,94.07,94.11
2026-05-31 09:00:00,94.11,94.11,94.05,94.06
2026-05-31 10:00:00,94.06,94.06,93.97,94.01
2026-05-31 11:00:00,93.99,94.01,93.93,93.97
2026-05-31 12:00:00,93.96,94.0,93.94,93.97
2026-05-31 13:00:00,93.97,93.97,93.88,93.91
2026-05-31 14:00:00,93.91,93.91,93.86,93.89
2026-05-31 15:00:00,93.9,93.9,93.82,93.83
2026-05-31 16:00:00,93.83,93.86,93.8,93.84
2026-05-31 17:00:00,93.83,93.86,93.81,93.82
2026-05-31 18:00:00,93.83,93.98,93.83,93.94
2026-05-31 19:00:00,93.94,93.94,93.79,93.85
2026-05-31 20:00:00,93.87,93.87,93.76,93.77
2026-05-31 21:00:00,93.78,93.88,93.78,93.85
2026-05-31 22:00:00,93.84,93.84,93.82,93.83
2026-05-31 23:00:00,93.84,93.84,93.76,93.79
2026-06-01 00:00:00,93.8,93.92,93.8,93.9
2026-06-01 01:00:00,93.92,93.96,93.9,93.93
2026-06-01 02:00:00,93.93,94.07,93.93,94.04
2026-06-01 03:00:00,94.03,94.03,93.92,93.94
2026-06-01 04:00:00,93.95,94.01,93.95,93.98
2026-06-01 05:00:00,93.98,94.04,93.98,94.03
2026-06-01 06:00:00,94.03,94.03,93.93,93.96
2026-06-01 07:00:00,93.97,93.97,93.89,93.93
2026-06-01 08:00:00,93.92,94.01,93.92,93.98
2026-06-01 09:00:00,93.98,93.99,93.92,93.95
2026-06-01 10:00:00,93.95,94.04,93.95,94.02
2026-06-01 11:00:00,94.03,94.06,94.02,94.04
2026-06-01 12:00:00,94.05,94.08,94.04,94.06
2026-06-01 13:00:00,94.06,94.06,93.92,93.95
2026-06-01 14:00:00,93.93,93.93,93.84,93.86
2026-06-01 15:00:00,93.85,93.85,93.8,93.82
2026-06-01 16:00:00,93.81,93.84,93.79,93.82
2026-06-01 17:00:00,93.83,93.83,93.65,93.67
2026-06-01 18:00:00,93.66,93.68,93.66,93.67
2026-06-01 19:00:00,93.68,93.68,93.59,93.62
2026-06-01 20:00:00,93.62,93.75,93.62,93.72
2026-06-01 21:00:00,93.71,93.8,93.71,93.79
2026-06-01 22:00:00,93.79,93.79,93.68,93.73
2026-06-01 23:00:00,93.75,93.78,93.71,93.76
2026-06-02 00:00:00,93.75,93.83,93.75,93.81
2026-06-02 01:00:00,93.8,93.8,93.75,93.77
2026-06-02 02:00:00,93.76,93.86,93.76,93.83
2026-06-02 03:00:00,93.83,93.83,93.73,93.77
2026-06-02 04:00:00,93.75,93.75,93.72,93.74
2026-06-02 05:00:00,93.73,93.75,93.7,93.72
2026-06-02 06:00:00,93.71,93.78,93.71,93.76
2026-06-02 07:00:00,93.76,93.76,93.67,93.7
2026-06-02 08:00:00,93.68,93.68,93.55,93.59
2026-06-02 09:00:00,93.57,93.57,93.52,93.54
2026-06-02 10:00:00,93.55,93.6,93.52,93.57
2026-06-02 11:00:00,93.57,93.57,93.47,93.5
2026-06-02 12:00:00,93.49,93.57,93.49,93.55
2026-06-02 13:00:00,93.55,93.67,93.55,93.64
2026-06-02 14:00:00,93.64,93.64,93.56,93.58
2026-06-02 15:00:00,93.59,93.59,93.38,93.41
2026-06-02 16:00:00,93.43,93.43,93.39,93.4
2026-06-02 17:00:00,93.4,93.4,93.31,93.33
2026-06-02 18:00:00,93.34,93.34,93.23,93.26
2026-06-02 19:00:00,93.27,93.37,93.27,93.35
2026-06-02 20:00:00,93.34,93.48,93.34,93.45
2026-06-02 21:00:00,93.45,93.61,93.45,93.56
2026-06-02 22:00:00,93.58,93.67,93.58,93.65
2026-06-02 23:00:00,93.65,93.65,93.55,93.56
2026-06-03 00:00:00,93.56,93.66,93.56,93.62
2026-06-03 01:00:00,93.62,93.62,93.56,93.6
2026-06-03 02:00:00,93.6,93.62,93.57,93.6
2026-06-03 03:00:00,93.61,93.7,93.61,93.68
2026-06-03 04:00:00,93.68,93.74,93.68,93.71
2026-06-03 05:00:00,93.72,93.72,93.65,93.69
2026-06-03 06:00:00,93.7,93.7,93.62,93.65
2026-06-03 07:00:00,93.67,93.67,93.59,93.61
2026-06-03 08:00:00,93.61,93.67,93.61,93.64
2026-06-03 09:00:00,93.67,93.69,93.61,93.64
2026-06-03 10:00:00,93.62,93.76,93.62,93.75
2026-06-03 11:00:00,93.74,93.79,93.74,93.78
2026-06-03 12:00:00,93.8,93.88,93.8,93.87
2026-06-03 13:00:00,93.86,93.94,93.86,93.92
2026-06-03 14:00:00,93.93,93.96,93.88,93.91
2026-06-03 15:00:00,93.91,93.91,93.72,93.77
2026-06-03 16:00:00,93.77,93.77,93.7,93.73
2026-06-03 17:00:00,93.74,93.85,93.74,93.83
2026-06-03 18:00:00,93.82,93.86,93.79,93.83
2026-06-03 19:00:00,93.83,93.87,93.83,93.85
2026-06-03 20:00:00,93.85,93.85,93.76,93.8
2026-06-03 21:00:00,93.79,93.94,93.79,93.92
2026-06-03 22:00:00,93.92,93.92,93.8,93.82
2026-06-03 23:00:00,93.82,93.82,93.77,93.78
2026-06-04 00:00:00,93.78,93.78,93.63,93.65
2026-06-04 01:00:00,93.65,93.65,93.54,93.56
2026-06-04 02:00:00,93.56,93.56,93.45,93.49
2026-06-04 03:00:00,93.52,93.54,93.46,93.5
2026-06-04 04:00:00,93.5,93.5,93.47,93.48
2026-06-04 05:00:00,93.49,93.49,93.43,93.45
2026-06-04 06:00:00,93.46,93.46,93.42,93.44
2026-06-04 07:00:00,93.43,93.44,93.42,93.43
2026-06-04 08:00:00,93.43,93.43,93.33,93.35
2026-06-04 09:00:00,93.34,93.34,93.29,93.31
2026-06-04 10:00:00,93.31,93.31,93.19,93.24
2026-06-04 11:00:00,93.23,93.3,93.23,93.28
2026-06-04 12:00:00,93.29,93.33,93.28,93.3
2026-06-04 13:00:00,93.29,93.29,93.24,93.25
2026-06-04 14:00:00,93.24,93.29,93.22,93.24
2026-06-04 15:00:00,93.26,93.26,93.15,93.17
2026-06-04 16:00:00,93.17,93.17,92.97,93.0
2026-06-04 17:00:00,93.0,93.0,92.93,92.95
2026-06-04 18:00:00,92.95,92.95,92.9,92.91
2026-06-04 19:00:00,92.91,92.94,92.91,92.92
2026-06-04 20:00:00,92.93,92.93,92.72,92.75
2026-06-04 21:00:00,92.74,92.8,92.74,92.78
2026-06-04 22:00:00,92.79,92.91,92.79,92.9
2026-06-04 23:00:00,92.89,92.89,92.78,92.83
2026-06-05 00:00:00,92.82,92.95,92.82,92.92
2026-06-05 01:00:00,92.92,92.92,92.8,92.81
2026-06-05 02:00:00,92.81,92.9,92.81,92.88
2026-06-05 03:00:00,92.9,92.9,92.88,92.89
2026-06-05 04:00:00,92.89,92.89,92.79,92.8
2026-06-05 05:00:00,92.8,92.84,92.8,92.81
2026-06-05 06:00:00,92.82,92.82,92.68,92.71
2026-06-05 07:00:00,92.69,92.69,92.59,92.61
2026-06-05 08:00:00,92.6,92.63,92.58,92.61
2026-06-05 09:00:00,92.61,92.61,92.54,92.56
2026-06-05 10:00:00,92.56,92.62,92.55,92.6
2026-06-05 11:00:00,92.61,92.62,92.54,92.57
2026-06-05 12:00:00,92.59,92.63,92.57,92.61
2026-06-05 13:00:00,92.6,92.6,92.53,92.55
2026-06-05 14:00:00,92.55,92.57,92.51,92.54
2026-06-05 15:00:00,92.55,92.55,92.35,92.39
2026-06-05 16:00:00,92.38,92.4,92.34,92.36
2026-06-05 17:00:00,92.35,92.37,92.3,92.34
2026-06-05 18:00:00,92.33,92.33,92.24,92.28
2026-06-05 19:00:00,92.28,92.31,92.27,92.3
2026-06-05 20:00:00,92.3,92.36,92.3,92.33
2026-06-05 21:00:00,92.33,92.33,92.22,92.27
2026-06-05 22:00:00,92.27,92.4,92.27,92.36
2026-06-05 23:00:00,92.39,92.42,92.37,92.4
2026-06-06 00:00:00,92.39,92.43,92.38,92.41
2026-06-06 01:00:00,92.42,92.42,92.35,92.37
2026-06-06 02:00:00,92.37,92.37,92.28,92.3
2026-06-06 03:00:00,92.33,92.34,92.29,92.32
2026-06-06 04:00:00,92.33,92.39,92.32,92.35
2026-06-06 05:00:00,92.35,92.38,92.34,92.36
2026-06-06 06:00:00,92.37,92.5,92.37,92.45
2026-06-06 07:00:00,92.44,92.53,92.44,92.5
2026-06-06 08:00:00,92.49,92.5,92.48,92.49
2026-06-06 09:00:00,92.48,92.61,92.48,92.59
2026-06-06 10:00:00,92.57,92.68,92.57,92.65
2026-06-06 11:00:00,92.64,92.74,92.64,92.73
2026-06-06 12:00:00,92.73,92.74,92.68,92.71
2026-06-06 13:00:00,92.7,92.74,92.7,92.72
2026-06-06 14:00:00,92.72,92.76,92.72,92.74
2026-06-06 15:00:00,92.73,92.82,92.73,92.8
2026-06-06 16:00:00,92.79,92.82,92.77,92.8
2026-06-06 17:00:00,92.79,92.95,92.79,92.93
2026-06-06 18:00:00,92.93,92.93,92.84,92.85
2026-06-06 19:00:00,92.85,92.85,92.74,92.76
2026-06-06 20:00:00,92.76,92.77,92.71,92.74
2026-06-06 21:00:00,92.74,92.78,92.72,92.75
2026-06-06 22:00:00,92.75,92.77,92.73,92.75
2026-06-06 23:00:00,92.76,92.88,92.76,92.85
2026-06-07 00:00:00,92.86,92.94,92.86,92.9
2026-06-07 01:00:00,92.91,92.91,92.78,92.79
2026-06-07 02:00:00,92.81,92.81,92.68,92.69
2026-06-07 03:00:00,92.69,92.69,92.42,92.45
2026-06-07 04:00:00,92.46,92.48,92.43,92.46
2026-06-07 05:00:00,92.47,92.54,92.47,92.51
2026-06-07 06:00:00,92.51,92.55,92.49,92.52
2026-06-07 07:00:00,92.53,92.57,92.53,92.56
2026-06-07 08:00:00,92.55,92.58,92.55,92.57
2026-06-07 09:00:00,92.56,92.63,92.56,92.59
2026-06-07 10:00:00,92.58,92.59,92.54,92.57
2026-06-07 11:00:00,92.55,92.55,92.48,92.5
2026-06-07 12:00:00,92.51,92.51,92.44,92.48
2026-06-07 13:00:00,92.48,92.48,92.38,92.39
2026-06-07 14:00:00,92.42,92.48,92.41,92.43
2026-06-07 15:00:00,92.43,92.51,92.43,92.5
2026-06-07 16:00:00,92.49,92.65,92.49,92.61
2026-06-07 17:00:00,92.62,92.62,92.57,92.59
2026-06-07 18:00:00,92.57,92.68,92.57,92.65
2026-06-07 19:00:00,92.65,92.65,92.58,92.59
2026-06-07 20:00:00,92.59,92.72,92.59,92.7
2026-06-07 21:00:00,92.69,92.69,92.51,92.55
2026-06-07 22:00:00,92.54,92.54,92.46,92.48
2026-06-07 23:00:00,92.47,92.47,92.44,92.45
2026-06-08 00:00:00,92.43,92.46,92.4,92.42
2026-06-08 01:00:00,92.42,92.42,92.29,92.32
2026-06-08 02:00:00,92.31,92.36,92.31,92.34
2026-06-08 03:00:00,92.35,92.35,92.24,92.27
2026-06-08 04:00:00,92.27,92.3,92.27,92.29
2026-06-08 05:00:00,92.29,92.45,92.29,92.42
2026-06-08 06:00:00,92.42,92.44,92.39,92.42
2026-06-08 07:00:00,92.42,92.42,92.34,92.35
2026-06-08 08:00:00,92.35,92.41,92.33,92.38
2026-06-08 09:00:00,92.37,92.43,92.37,92.41
2026-06-08 10:00:00,92.4,92.53,92.4,92.52
2026-06-08 11:00:00,92.54,92.58,92.52,92.55
2026-06-08 12:00:00,92.54,92.66,92.54,92.65
2026-06-08 13:00:00,92.68,92.68,92.56,92.61
2026-06-08 14:00:00,92.6,92.71,92.6,92.67
2026-06-08 15:00:00,92.66,92.67,92.58,92.62
2026-06-08 16:00:00,92.63,92.74,92.63,92.72
2026-06-08 17:00:00,92.71,92.72,92.69,92.71
2026-06-08 18:00:00,92.7,92.72,92.65,92.69
2026-06-08 19:00:00,92.68,92.68,92.64,92.66
2026-06-08 20:00:00,92.65,92.7,92.64,92.68
2026-06-08 21:00:00,92.69,92.7,92.64,92.67
2026-06-08 22:00:00,92.66,92.69,92.65,92.67
2026-06-08 23:00:00,92.68,92.79,92.68,92.75
2026-06-09 00:00:00,92.75,92.75,92.65,92.7
2026-06-09 01:00:00,92.7,92.7,92.62,92.66
2026-06-09 02:00:00,92.65,92.79,92.65,92.74
2026-06-09 03:00:00,92.75,92.75,92.61,92.64
2026-06-09 04:00:00,92.64,92.64,92.56,92.58
2026-06-09 05:00:00,92.58,92.69,92.58,92.67
2026-06-09 06:00:00,92.65,92.79,92.65,92.78
2026-06-09 07:00:00,92.77,92.86,92.77,92.85
2026-06-09 08:00:00,92.84,92.91,92.83,92.88
2026-06-09 09:00:00,92.88,92.91,92.84,92.88
2026-06-09 10:00:00,92.88,92.9,92.84,92.88
2026-06-09 11:00:00,92.88,92.88,92.71,92.73
2026-06-09 12:00:00,92.74,92.75,92.7,92.73
2026-06-09 13:00:00,92.73,92.78,92.71,92.74
