2026-05-01 00:00:00,90.9,90.96,90.9,90.92,4515
2026-05-01 01:00:00,90.91,90.97,90.91,90.95,333
2026-05-01 02:00:00,90.95,91.12,90.95,91.1,1437
2026-05-01 03:00:00,91.09,91.09,91.04,91.05,4223
2026-05-01 04:00:00,91.04,91.04,90.76,90.77,4737
2026-05-01 05:00:00,90.79,90.87,90.79,90.85,3574
2026-05-01 06:00:00,90.83,90.83,90.73,90.75,1892
2026-05-01 07:00:00,90.76,90.81,90.74,90.78,503
2026-05-01 08:00:00,90.76,90.76,90.65,90.68,4882
2026-05-01 09:00:00,90.67,90.8,90.67,90.78,1204
2026-05-01 10:00:00,90.78,90.9,90.78,90.86,3070
2026-05-01 11:00:00,90.86,90.86,90.69,90.7,1611
2026-05-01 12:00:00,90.71,90.71,90.65,90.68,4273
2026-05-01 13:00:00,90.68,90.69,90.6,90.65,1398
2026-05-01 14:00:00,90.63,90.66,90.6,90.63,468
2026-05-01 15:00:00,90.63,90.75,90.63,90.73,434
2026-05-01 16:00:00,90.72,90.84,90.72,90.83,2529
2026-05-01 17:00:00,90.84,90.86,90.79,90.82,3278
2026-05-01 18:00:00,90.82,90.84,90.79,90.81,3239
2026-05-01 19:00:00,90.82,90.82,90.77,90.8,3203
2026-05-01 20:00:00,90.81,90.84,90.78,90.81,4045
2026-05-01 21:00:00,90.81,90.81,90.74,90.76,2577
2026-05-01 22:00:00,90.78,90.85,90.74,90.8,28
2026-05-01 23:00:00,90.8,90.8,90.74,90.76,1272
2026-05-02 00:00:00,90.76,90.9,90.76,90.88,1203
2026-05-02 01:00:00,90.86,90.94,90.86,90.91,2198
2026-05-02 02:00:00,90.9,90.9,90.82,90.84,4247
2026-05-02 03:00:00,90.84,90.85,90.77,90.82,4142
2026-05-02 04:00:00,90.81,90.86,90.78,90.81,3994
2026-05-02 05:00:00,90.81,90.81,90.75,90.77,4453
2026-05-02 06:00:00,90.77,90.85,90.77,90.83,3069
2026-05-02 07:00:00,90.83,90.92,90.83,90.91,310
2026-05-02 08:00:00,90.89,90.99,90.89,90.97,1798
2026-05-02 09:00:00,90.97,91.05,90.97,91.03,1593
2026-05-02 10:00:00,91.05,91.17,91.05,91.15,1642
2026-05-02 11:00:00,91.15,91.15,91.09,91.11,803
2026-05-02 12:00:00,91.11,91.11,91.06,91.07,1011
2026-05-02 13:00:00,91.05,91.2,91.05,91.18,4497
2026-05-02 14:00:00,91.18,91.18,91.06,91.08,2123
2026-05-02 15:00:00,91.07,91.19,91.07,91.17,1220
2026-05-02 16:00:00,91.17,91.17,91.05,91.08,2236
2026-05-02 17:00:00,91.1,91.1,91.05,91.06,4825
2026-05-02 18:00:00,91.04,91.07,91.04,91.05,4278
2026-05-02 19:00:00,91.05,91.05,90.82,90.83,4061
2026-05-02 20:00:00,90.82,90.95,90.82,90.92,1632
2026-05-02 21:00:00,90.94,90.94,90.8,90.82,2415
2026-05-02 22:00:00,90.83,90.83,90.76,90.78,3008
2026-05-02 23:00:00,90.78,90.85,90.78,90.81,458
2026-05-03 00:00:00,90.8,90.83,90.75,90.79,1143
2026-05-03 01:00:00,90.77,90.83,90.77,90.82,3959
2026-05-03 02:00:00,90.83,90.88,90.83,90.86,209
2026-05-03 03:00:00,90.86,90.94,90.86,90.91,3147
2026-05-03 04:00:00,90.89,90.95,90.89,90.93,103
2026-05-03 05:00:00,90.93,90.93,90.87,90.91,842
2026-05-03 06:00:00,90.91,90.98,90.9,90.94,4895
2026-05-03 07:00:00,90.94,90.94,90.83,90.84,161
2026-05-03 08:00:00,90.85,91.02,90.85,90.97,2047
2026-05-03 09:00:00,90.96,91.05,90.96,91.03,3534
2026-05-03 10:00:00,91.02,91.05,90.95,91.0,2245
2026-05-03 11:00:00,91.01,91.02,91.0,91.01,2776
2026-05-03 12:00:00,91.01,91.08,91.01,91.07,2454
2026-05-03 13:00:00,91.08,91.19,91.08,91.13,1630
2026-05-03 14:00:00,91.13,91.31,91.13,91.26,440
2026-05-03 15:00:00,91.26,91.3,91.26,91.28,1828
2026-05-03 16:00:00,91.28,91.4,91.28,91.39,1911
2026-05-03 17:00:00,91.39,91.5,91.39,91.46,2159
2026-05-03 18:00:00,91.47,91.47,91.33,91.37,2603
2026-05-03 19:00:00,91.38,91.42,91.38,91.4,2520
2026-05-03 20:00:00,91.41,91.41,91.34,91.35,1131
2026-05-03 21:00:00,91.36,91.44,91.36,91.4,4022
2026-05-03 22:00:00,91.39,91.45,91.37,91.41,1342
2026-05-03 23:00:00,91.42,91.58,91.42,91.57,2675
2026-05-04 00:00:00,91.57,91.6,91.53,91.58,345
2026-05-04 01:00:00,91.59,91.69,91.59,91.66,340
2026-05-04 02:00:00,91.65,91.65,91.5,91.54,132
2026-05-04 03:00:00,91.54,91.54,91.44,91.47,4850
2026-05-04 04:00:00,91.47,91.47,91.36,91.38,310
2026-05-04 05:00:00,91.38,91.45,91.38,91.44,1250
2026-05-04 06:00:00,91.45,91.57,91.45,91.53,137
2026-05-04 07:00:00,91.53,91.53,91.47,91.48,3383
2026-05-04 08:00:00,91.47,91.53,91.47,91.51,1953
2026-05-04 09:00:00,91.5,91.56,91.5,91.52,1517
2026-05-04 10:00:00,91.53,91.53,91.49,91.5,2194
2026-05-04 11:00:00,91.51,91.51,91.43,91.45,3763
2026-05-04 12:00:00,91.44,91.5,91.44,91.47,2178
2026-05-04 13:00:00,91.46,91.6,91.46,91.57,1381
2026-05-04 14:00:00,91.57,91.65,91.57,91.63,3682
2026-05-04 15:00:00,91.63,91.77,91.63,91.74,982
2026-05-04 16:00:00,91.74,91.74,91.6,91.62,3617
2026-05-04 17:00:00,91.63,91.63,91.55,91.57,1644
2026-05-04 18:00:00,91.56,91.71,91.56,91.7,1978
2026-05-04 19:00:00,91.71,91.78,91.71,91.76,157
2026-05-04 20:00:00,91.76,91.76,91.72,91.74,2798
2026-05-04 21:00:00,91.75,91.99,91.75,91.97,3962
2026-05-04 22:00:00,91.98,91.98,91.87,91.9,2154
2026-05-04 23:00:00,91.88,91.88,91.82,91.82,3366
2026-05-05 00:00:00,91.82,91.88,91.82,91.88,4252
2026-05-05 01:00:00,91.87,91.88,91.79,91.82,432
2026-05-05 02:00:00,91.82,91.85,91.82,91.83,1067
2026-05-05 03:00:00,91.86,91.86,91.71,91.72,2162
2026-05-05 04:00:00,91.72,91.72,91.69,91.71,4610
2026-05-05 05:00:00,91.69,91.73,91.69,91.71,4789
2026-05-05 06:00:00,91.72,91.83,91.72,91.82,4044
2026-05-05 07:00:00,91.83,91.87,91.83,91.86,1644
2026-05-05 08:00:00,91.87,91.87,91.77,91.81,4786
2026-05-05 09:00:00,91.83,91.83,91.69,91.71,2355
2026-05-05 10:00:00,91.73,91.78,91.73,91.76,4841
2026-05-05 11:00:00,91.77,91.78,91.76,91.78,4155
2026-05-05 12:00:00,91.79,91.79,91.67,91.69,1956
2026-05-05 13:00:00,91.69,91.69,91.64,91.65,1659
2026-05-05 14:00:00,91.65,91.65,91.42,91.46,4811
2026-05-05 15:00:00,91.46,91.46,91.38,91.4,1134
2026-05-05 16:00:00,91.41,91.42,91.33,91.37,533
2026-05-05 17:00:00,91.37,91.38,91.34,91.36,2959
2026-05-05 18:00:00,91.37,91.44,91.37,91.41,2189
2026-05-05 19:00:00,91.42,91.42,91.31,91.34,3716
2026-05-05 20:00:00,91.32,91.45,91.32,91.44,645
2026-05-05 21:00:00,91.44,91.45,91.39,91.41,2029
2026-05-05 22:00:00,91.4,91.5,91.4,91.48,3110
2026-05-05 23:00:00,91.46,91.5,91.44,91.48,3793
2026-05-06 00:00:00,91.48,91.48,91.3,91.33,552
2026-05-06 01:00:00,91.34,91.41,91.34,91.4,452
2026-05-06 02:00:00,91.4,91.51,91.4,91.49,1966
2026-05-06 03:00:00,91.5,91.51,91.45,91.48,1244
2026-05-06 04:00:00,91.47,91.47,91.41,91.43,756
2026-05-06 05:00:00,91.43,91.49,91.43,91.45,816
2026-05-06 06:00:00,91.47,91.6,91.47,91.59,3117
2026-05-06 07:00:00,91.59,91.81,91.59,91.77,3598
2026-05-06 08:00:00,91.76,91.76,91.72,91.74,4463
2026-05-06 09:00:00,91.75,91.8,91.72,91.77,3821
2026-05-06 10:00:00,91.78,91.89,91.78,91.86,2644
2026-05-06 11:00:00,91.87,91.9,91.84,91.86,3803
2026-05-06 12:00:00,91.86,91.86,91.77,91.78,3907
2026-05-06 13:00:00,91.77,91.77,91.7,91.72,2751
2026-05-06 14:00:00,91.73,91.74,91.67,91.71,2746
2026-05-06 15:00:00,91.71,91.78,91.71,91.77,4492
2026-05-06 16:00:00,91.78,91.78,91.76,91.77,987
2026-05-06 17:00:00,91.76,91.88,91.76,91.87,4081
2026-05-06 18:00:00,91.88,91.88,91.78,91.79,977
2026-05-06 19:00:00,91.8,91.8,91.74,91.76,4415
2026-05-06 20:00:00,91.76,91.76,91.61,91.63,1703
2026-05-06 21:00:00,91.63,91.74,91.63,91.73,3255
2026-05-06 22:00:00,91.73,91.73,91.55,91.56,2057
2026-05-06 23:00:00,91.56,91.59,91.54,91.56,1919
2026-05-07 00:00:00,91.56,91.58,91.54,91.56,3227
2026-05-07 01:00:00,91.55,91.55,91.46,91.48,4635
2026-05-07 02:00:00,91.47,91.47,91.38,91.4,1500
2026-05-07 03:00:00,91.42,91.42,91.24,91.26,2601
2026-05-07 04:00:00,91.26,91.26,91.23,91.25,3153
2026-05-07 05:00:00,91.26,91.41,91.26,91.37,4314
2026-05-07 06:00:00,91.38,91.43,91.38,91.41,2839
2026-05-07 07:00:00,91.41,91.41,91.19,91.22,307
2026-05-07 08:00:00,91.23,91.23,91.15,91.17,3667
2026-05-07 09:00:00,91.19,91.19,91.12,91.16,1812
2026-05-07 10:00:00,91.14,91.14,91.01,91.04,3890
2026-05-07 11:00:00,91.05,91.07,90.99,91.03,1313
2026-05-07 12:00:00,91.03,91.06,91.0,91.02,165
2026-05-07 13:00:00,91.02,91.04,90.99,91.02,4219
2026-05-07 14:00:00,91.02,91.07,91.02,91.05,1205
2026-05-07 15:00:00,91.06,91.21,91.06,91.2,4066
2026-05-07 16:00:00,91.2,91.23,91.2,91.21,1861
2026-05-07 17:00:00,91.21,91.21,91.19,91.2,85
2026-05-07 18:00:00,91.21,91.21,91.1,91.13,2178
2026-05-07 19:00:00,91.15,91.19,91.14,91.17,1320
2026-05-07 20:00:00,91.18,91.18,91.05,91.05,3518
2026-05-07 21:00:00,91.04,91.04,90.85,90.9,4070
2026-05-07 22:00:00,90.92,90.94,90.92,90.94,4385
2026-05-07 23:00:00,90.93,90.99,90.93,90.97,1730
2026-05-08 00:00:00,90.96,90.96,90.93,90.95,4412
2026-05-08 01:00:00,90.95,90.95,90.92,90.93,4577
2026-05-08 02:00:00,90.93,91.04,90.93,91.0,1080
2026-05-08 03:00:00,90.99,91.0,90.92,90.98,3299
2026-05-08 04:00:00,90.99,91.09,90.99,91.06,3656
2026-05-08 05:00:00,91.04,91.04,90.98,90.99,3353
2026-05-08 06:00:00,90.99,91.1,90.99,91.07,4136
2026-05-08 07:00:00,91.06,91.18,91.06,91.14,4714
2026-05-08 08:00:00,91.15,91.22,91.15,91.18,2679
2026-05-08 09:00:00,91.17,91.25,91.17,91.22,2827
2026-05-08 10:00:00,91.23,91.26,91.21,91.23,2063
2026-05-08 11:00:00,91.24,91.3,91.24,91.29,1214
2026-05-08 12:00:00,91.29,91.35,91.29,91.34,4908
2026-05-08 13:00:00,91.35,91.4,91.34,91.38,524
2026-05-08 14:00:00,91.38,91.52,91.38,91.49,4719
2026-05-08 15:00:00,91.5,91.56,91.5,91.54,4043
2026-05-08 16:00:00,91.54,91.68,91.54,91.66,471
2026-05-08 17:00:00,91.65,91.76,91.65,91.71,1528
2026-05-08 18:00:00,91.72,91.74,91.68,91.72,3231
2026-05-08 19:00:00,91.71,91.71,91.63,91.67,2081
2026-05-08 20:00:00,91.68,91.68,91.57,91.58,1604
2026-05-08 21:00:00,91.58,91.7,91.58,91.68,3630
2026-05-08 22:00:00,91.68,91.68,91.55,91.58,975
2026-05-08 23:00:00,91.6,91.6,91.55,91.56,4371
2026-05-09 00:00:00,91.56,91.63,91.56,91.6,1982
2026-05-09 01:00:00,91.6,91.64,91.59,91.62,4872
2026-05-09 02:00:00,91.62,91.62,91.56,91.57,3429
2026-05-09 03:00:00,91.6,91.74,91.6,91.72,4416
2026-05-09 04:00:00,91.71,91.74,91.71,91.73,4317
2026-05-09 05:00:00,91.72,91.72,91.56,91.61,3137
2026-05-09 06:00:00,91.62,91.68,91.62,91.64,3355
2026-05-09 07:00:00,91.65,91.65,91.64,91.65,4313
2026-05-09 08:00:00,91.64,91.71,91.64,91.69,3202
2026-05-09 09:00:00,91.68,91.68,91.65,91.66,3360
2026-05-09 10:00:00,91.68,91.68,91.57,91.61,4872
2026-05-09 11:00:00,91.61,91.61,91.58,91.59,4696
2026-05-09 12:00:00,91.6,91.61,91.54,91.58,616
2026-05-09 13:00:00,91.57,91.59,91.54,91.56,1835
2026-05-09 14:00:00,91.56,91.56,91.54,91.55,2601
2026-05-09 15:00:00,91.53,91.63,91.53,91.61,168
2026-05-09 16:00:00,91.61,91.61,91.53,91.57,1454
2026-05-09 17:00:00,91.54,91.65,91.54,91.63,2926
2026-05-09 18:00:00,91.63,91.66,91.59,91.62,1023
2026-05-09 19:00:00,91.63,91.68,91.63,91.65,2545
2026-05-09 20:00:00,91.65,91.65,91.6,91.62,2181
2026-05-09 21:00:00,91.62,91.62,91.55,91.57,3221
2026-05-09 22:00:00,91.58,91.6,91.52,91.56,4288
2026-05-09 23:00:00,91.56,91.73,91.56,91.71,1613
2026-05-10 00:00:00,91.7,91.7,91.62,91.66,4186
2026-05-10 01:00:00,91.67,91.76,91.67,91.72,2658
2026-05-10 02:00:00,91.71,91.71,91.61,91.65,3625
2026-05-10 03:00:00,91.64,91.7,91.62,91.67,3657
2026-05-10 04:00:00,91.68,91.78,91.68,91.77,2154
2026-05-10 05:00:00,91.78,91.78,91.72,91.75,2748
2026-05-10 06:00:00,91.75,91.75,91.69,91.72,215
2026-05-10 07:00:00,91.72,91.75,91.72,91.74,3603
2026-05-10 08:00:00,91.75,91.8,91.75,91.78,2349
2026-05-10 09:00:00,91.79,91.79,91.73,91.76,965
2026-05-10 10:00:00,91.77,91.88,91.77,91.87,253
2026-05-10 11:00:00,91.87,91.95,91.86,91.91,3924
2026-05-10 12:00:00,91.91,92.03,91.91,92.0,2099
2026-05-10 13:00:00,92.0,92.0,91.97,91.98,4920
2026-05-10 14:00:00,91.99,92.06,91.99,92.05,3727
2026-05-10 15:00:00,92.06,92.06,91.99,92.0,4319
2026-05-10 16:00:00,92.02,92.02,91.93,91.94,3599
2026-05-10 17:00:00,91.94,91.94,91.83,91.84,52
2026-05-10 18:00:00,91.84,91.86,91.81,91.83,2829
2026-05-10 19:00:00,91.82,91.95,91.82,91.92,4143
2026-05-10 20:00:00,91.92,92.03,91.92,92.01,3370
2026-05-10 21:00:00,92.02,92.04,91.94,92.0,3206
2026-05-10 22:00:00,91.99,91.99,91.97,91.98,2499
2026-05-10 23:00:00,91.96,92.16,91.96,92.11,4210
2026-05-11 00:00:00,92.11,92.14,92.06,92.11,3013
2026-05-11 01:00:00,92.11,92.11,91.97,92.01,1648
2026-05-11 02:00:00,92.01,92.01,91.93,91.97,3046
2026-05-11 03:00:00,91.99,92.0,91.92,91.96,4011
2026-05-11 04:00:00,91.95,92.05,91.95,92.02,2153
2026-05-11 05:00:00,92.03,92.13,92.03,92.1,4863
2026-05-11 06:00:00,92.1,92.16,92.09,92.12,3232
2026-05-11 07:00:00,92.14,92.14,92.07,92.09,2224
2026-05-11 08:00:00,92.09,92.16,92.09,92.15,2035
2026-05-11 09:00:00,92.16,92.27,92.16,92.26,3360
2026-05-11 10:00:00,92.24,92.24,92.2,92.21,481
2026-05-11 11:00:00,92.22,92.22,92.15,92.16,3739
2026-05-11 12:00:00,92.17,92.23,92.17,92.2,1029
2026-05-11 13:00:00,92.23,92.24,92.2,92.22,327
2026-05-11 14:00:00,92.2,92.25,92.17,92.21,2641
2026-05-11 15:00:00,92.2,92.3,92.2,92.26,4801
2026-05-11 16:00:00,92.25,92.25,92.08,92.1,480
2026-05-11 17:00:00,92.1,92.19,92.1,92.16,4494
2026-05-11 18:00:00,92.15,92.25,92.15,92.21,4382
2026-05-11 19:00:00,92.21,92.24,92.17,92.21,4727
2026-05-11 20:00:00,92.22,92.22,92.18,92.19,3037
2026-05-11 21:00:00,92.18,92.18,92.15,92.15,2739
2026-05-11 22:00:00,92.15,92.16,92.13,92.14,2998
2026-05-11 23:00:00,92.13,92.13,92.09,92.11,3495
2026-05-12 00:00:00,92.1,92.17,92.1,92.15,1421
2026-05-12 01:00:00,92.15,92.15,92.09,92.12,867
2026-05-12 02:00:00,92.11,92.19,92.09,92.14,1663
2026-05-12 03:00:00,92.16,92.17,92.15,92.16,67
2026-05-12 04:00:00,92.16,92.21,92.16,92.2,3316
2026-05-12 05:00:00,92.2,92.22,92.18,92.2,841
2026-05-12 06:00:00,92.2,92.26,92.2,92.25,1402
2026-05-12 07:00:00,92.25,92.33,92.25,92.31,2387
2026-05-12 08:00:00,92.31,92.36,92.29,92.32,280
2026-05-12 09:00:00,92.32,92.32,92.26,92.28,4600
2026-05-12 10:00:00,92.28,92.42,92.28,92.39,3956
2026-05-12 11:00:00,92.4,92.42,92.38,92.4,1893
2026-05-12 12:00:00,92.41,92.41,92.31,92.33,2299
2026-05-12 13:00:00,92.32,92.34,92.3,92.31,2407
2026-05-12 14:00:00,92.31,92.31,92.24,92.25,303
2026-05-12 15:00:00,92.24,92.24,92.21,92.23,62
2026-05-12 16:00:00,92.22,92.22,92.11,92.13,2450
2026-05-12 17:00:00,92.12,92.15,92.1,92.12,3989
2026-05-12 18:00:00,92.12,92.31,92.12,92.28,2319
2026-05-12 19:00:00,92.28,92.32,92.28,92.3,78
2026-05-12 20:00:00,92.31,92.41,92.31,92.39,1983
2026-05-12 21:00:00,92.39,92.46,92.39,92.42,1685
2026-05-12 22:00:00,92.43,92.46,92.4,92.44,3869
2026-05-12 23:00:00,92.46,92.54,92.46,92.51,911
2026-05-13 00:00:00,92.52,92.54,92.5,92.52,4869
2026-05-13 01:00:00,92.53,92.53,92.46,92.47,2488
2026-05-13 02:00:00,92.48,92.48,92.4,92.41,2897
2026-05-13 03:00:00,92.41,92.41,92.25,92.28,638
2026-05-13 04:00:00,92.29,92.29,92.11,92.14,54
2026-05-13 05:00:00,92.14,92.14,92.04,92.08,4194
2026-05-13 06:00:00,92.08,92.13,92.08,92.12,1274
2026-05-13 07:00:00,92.12,92.12,91.97,92.01,4427
2026-05-13 08:00:00,92.01,92.09,92.01,92.07,1998
2026-05-13 09:00:00,92.08,92.08,92.03,92.06,1840
2026-05-13 10:00:00,92.07,92.07,91.96,91.97,4151
2026-05-13 11:00:00,91.97,91.97,91.92,91.93,1772
2026-05-13 12:00:00,91.94,91.99,91.94,91.97,4469
2026-05-13 13:00:00,91.96,92.1,91.96,92.09,381
2026-05-13 14:00:00,92.09,92.09,92.02,92.05,113
2026-05-13 15:00:00,92.05,92.05,91.92,91.96,170
2026-05-13 16:00:00,91.97,92.02,91.97,92.0,4734
2026-05-13 17:00:00,91.99,92.17,91.99,92.13,2171
2026-05-13 18:00:00,92.14,92.18,92.14,92.16,2432
2026-05-13 19:00:00,92.17,92.31,92.17,92.27,4942
2026-05-13 20:00:00,92.27,92.42,92.27,92.41,2287
2026-05-13 21:00:00,92.41,92.43,92.37,92.39,1812
2026-05-13 22:00:00,92.4,92.4,92.3,92.33,4785
2026-05-13 23:00:00,92.3,92.32,92.25,92.29,1216
2026-05-14 00:00:00,92.28,92.29,92.26,92.27,4331
2026-05-14 01:00:00,92.27,92.33,92.27,92.3,1608
2026-05-14 02:00:00,92.31,92.41,92.31,92.36,3799
2026-05-14 03:00:00,92.36,92.45,92.36,92.44,917
2026-05-14 04:00:00,92.42,92.45,92.4,92.43,2587
2026-05-14 05:00:00,92.43,92.43,92.37,92.38,4629
2026-05-14 06:00:00,92.38,92.38,92.29,92.29,1051
2026-05-14 07:00:00,92.29,92.35,92.28,92.33,3656
2026-05-14 08:00:00,92.32,92.32,92.11,92.13,1475
2026-05-14 09:00:00,92.13,92.13,92.08,92.11,4473
2026-05-14 10:00:00,92.1,92.2,92.1,92.15,2400
2026-05-14 11:00:00,92.15,92.15,92.06,92.07,3042
2026-05-14 12:00:00,92.06,92.11,92.05,92.08,3807
2026-05-14 13:00:00,92.06,92.09,92.03,92.06,405
2026-05-14 14:00:00,92.07,92.07,92.04,92.06,2739
2026-05-14 15:00:00,92.05,92.15,92.05,92.1,535
2026-05-14 16:00:00,92.11,92.18,92.11,92.16,4305
2026-05-14 17:00:00,92.14,92.23,92.14,92.21,389
2026-05-14 18:00:00,92.22,92.24,92.21,92.22,2847
2026-05-14 19:00:00,92.22,92.22,92.18,92.2,3259
2026-05-14 20:00:00,92.19,92.22,92.17,92.19,2407
2026-05-14 21:00:00,92.18,92.3,92.18,92.27,4504
2026-05-14 22:00:00,92.29,92.4,92.29,92.38,502
2026-05-14 23:00:00,92.4,92.4,92.27,92.29,2666
2026-05-15 00:00:00,92.29,92.31,92.27,92.3,4637
2026-05-15 01:00:00,92.29,92.32,92.29,92.31,2790
2026-05-15 02:00:00,92.31,92.36,92.31,92.34,681
2026-05-15 03:00:00,92.34,92.34,92.26,92.29,615
2026-05-15 04:00:00,92.29,92.47,92.29,92.44,4386
2026-05-15 05:00:00,92.44,92.46,92.39,92.42,2683
2026-05-15 06:00:00,92.43,92.53,92.43,92.48,536
2026-05-15 07:00:00,92.47,92.47,92.36,92.37,176
2026-05-15 08:00:00,92.37,92.37,92.3,92.31,444
2026-05-15 09:00:00,92.3,92.4,92.3,92.39,576
2026-05-15 10:00:00,92.39,92.45,92.39,92.42,3405
2026-05-15 11:00:00,92.42,92.52,92.42,92.48,2248
2026-05-15 12:00:00,92.5,92.59,92.5,92.55,2312
2026-05-15 13:00:00,92.55,92.66,92.55,92.63,3067
2026-05-15 14:00:00,92.63,92.63,92.47,92.5,3204
2026-05-15 15:00:00,92.5,92.5,92.4,92.42,4319
2026-05-15 16:00:00,92.41,92.48,92.41,92.44,435
2026-05-15 17:00:00,92.44,92.51,92.44,92.49,3272
2026-05-15 18:00:00,92.49,92.49,92.38,92.4,3624
2026-05-15 19:00:00,92.4,92.4,92.25,92.27,3292
2026-05-15 20:00:00,92.28,92.28,92.2,92.21,2461
2026-05-15 21:00:00,92.22,92.29,92.22,92.26,1119
2026-05-15 22:00:00,92.25,92.41,92.25,92.37,1567
2026-05-15 23:00:00,92.4,92.48,92.4,92.44,115
2026-05-16 00:00:00,92.43,92.43,92.34,92.36,4741
2026-05-16 01:00:00,92.36,92.43,92.36,92.39,1580
2026-05-16 02:00:00,92.38,92.57,92.38,92.54,2441
2026-05-16 03:00:00,92.55,92.59,92.55,92.58,4646
2026-05-16 04:00:00,92.57,92.76,92.57,92.74,423
2026-05-16 05:00:00,92.75,92.76,92.67,92.72,2533
2026-05-16 06:00:00,92.72,92.72,92.6,92.61,2177
2026-05-16 07:00:00,92.61,92.63,92.55,92.59,4177
2026-05-16 08:00:00,92.59,92.76,92.59,92.73,318
2026-05-16 09:00:00,92.73,92.84,92.73,92.82,2837
2026-05-16 10:00:00,92.81,92.81,92.62,92.63,1612
2026-05-16 11:00:00,92.63,92.69,92.63,92.68,2409
2026-05-16 12:00:00,92.7,92.7,92.61,92.62,2576
2026-05-16 13:00:00,92.61,92.61,92.49,92.53,1351
2026-05-16 14:00:00,92.53,92.53,92.42,92.45,132
2026-05-16 15:00:00,92.45,92.52,92.45,92.51,72
2026-05-16 16:00:00,92.5,92.62,92.5,92.59,4368
2026-05-16 17:00:00,92.6,92.6,92.52,92.54,1270
2026-05-16 18:00:00,92.53,92.65,92.53,92.63,547
2026-05-16 19:00:00,92.62,92.62,92.57,92.58,4721
2026-05-16 20:00:00,92.58,92.6,92.53,92.57,4306
2026-05-16 21:00:00,92.56,92.56,92.46,92.51,773
2026-05-16 22:00:00,92.51,92.51,92.46,92.49,3510
2026-05-16 23:00:00,92.47,92.5,92.42,92.46,2944
2026-05-17 00:00:00,92.47,92.47,92.42,92.43,1211
2026-05-17 01:00:00,92.43,92.49,92.4,92.45,3586
2026-05-17 02:00:00,92.45,92.58,92.45,92.56,2377
2026-05-17 03:00:00,92.57,92.86,92.57,92.83,4439
2026-05-17 04:00:00,92.83,92.88,92.83,92.86,2434
2026-05-17 05:00:00,92.86,92.89,92.81,92.84,4976
2026-05-17 06:00:00,92.85,92.85,92.69,92.72,709
2026-05-17 07:00:00,92.72,92.72,92.6,92.64,4923
2026-05-17 08:00:00,92.64,92.64,92.49,92.52,2790
2026-05-17 09:00:00,92.52,92.61,92.52,92.58,1056
2026-05-17 10:00:00,92.58,92.58,92.48,92.5,4337
2026-05-17 11:00:00,92.49,92.6,92.49,92.57,1530
2026-05-17 12:00:00,92.58,92.68,92.58,92.66,4625
2026-05-17 13:00:00,92.66,92.81,92.66,92.8,3972
2026-05-17 14:00:00,92.81,92.81,92.65,92.7,877
2026-05-17 15:00:00,92.69,92.79,92.69,92.76,2745
2026-05-17 16:00:00,92.75,92.75,92.7,92.73,4527
2026-05-17 17:00:00,92.73,92.73,92.66,92.67,327
2026-05-17 18:00:00,92.69,92.82,92.69,92.77,1313
2026-05-17 19:00:00,92.76,92.92,92.76,92.89,1517
2026-05-17 20:00:00,92.88,92.91,92.87,92.89,2966
2026-05-17 21:00:00,92.9,92.98,92.9,92.96,2806
2026-05-17 22:00:00,92.98,93.05,92.98,93.03,2303
2026-05-17 23:00:00,93.01,93.01,92.96,92.98,1994
2026-05-18 00:00:00,92.97,93.07,92.97,93.05,4707
2026-05-18 01:00:00,93.06,93.07,93.04,93.06,3768
2026-05-18 02:00:00,93.06,93.1,93.02,93.06,281
2026-05-18 03:00:00,93.05,93.1,93.04,93.06,2612
2026-05-18 04:00:00,93.06,93.08,93.06,93.07,3773
2026-05-18 05:00:00,93.07,93.08,93.06,93.07,2787
2026-05-18 06:00:00,93.08,93.22,93.08,93.21,734
2026-05-18 07:00:00,93.2,93.28,93.2,93.24,2443
2026-05-18 08:00:00,93.23,93.39,93.23,93.37,2867
2026-05-18 09:00:00,93.37,93.37,93.3,93.32,4394
2026-05-18 10:00:00,93.32,93.46,93.32,93.44,85
2026-05-18 11:00:00,93.43,93.5,93.43,93.48,4859
2026-05-18 12:00:00,93.48,93.48,93.44,93.45,4634
2026-05-18 13:00:00,93.47,93.5,93.45,93.48,328
2026-05-18 14:00:00,93.47,93.47,93.4,93.43,4787
2026-05-18 15:00:00,93.42,93.5,93.42,93.48,4401
2026-05-18 16:00:00,93.48,93.48,93.29,93.32,4316
2026-05-18 17:00:00,93.32,93.37,93.27,93.32,2513
2026-05-18 18:00:00,93.32,93.51,93.32,93.48,22
2026-05-18 19:00:00,93.49,93.52,93.49,93.51,4091
2026-05-18 20:00:00,93.51,93.62,93.51,93.58,1293
2026-05-18 21:00:00,93.59,93.74,93.59,93.72,1000
2026-05-18 22:00:00,93.7,93.7,93.61,93.64,4660
2026-05-18 23:00:00,93.64,93.84,93.64,93.81,78
2026-05-19 00:00:00,93.82,93.82,93.79,93.81,1288
2026-05-19 01:00:00,93.81,93.83,93.77,93.8,2466
2026-05-19 02:00:00,93.8,93.8,93.63,93.65,2541
2026-05-19 03:00:00,93.66,93.66,93.63,93.65,4081
2026-05-19 04:00:00,93.67,93.75,93.67,93.74,3837
2026-05-19 05:00:00,93.73,93.79,93.7,93.75,1483
2026-05-19 06:00:00,93.75,93.76,93.71,93.74,3285
2026-05-19 07:00:00,93.73,93.73,93.53,93.55,814
2026-05-19 08:00:00,93.55,93.55,93.44,93.46,3669
2026-05-19 09:00:00,93.46,93.5,93.46,93.49,2681
2026-05-19 10:00:00,93.49,93.49,93.4,93.42,2858
2026-05-19 11:00:00,93.43,93.43,93.38,93.4,4121
2026-05-19 12:00:00,93.42,93.54,93.42,93.49,3997
2026-05-19 13:00:00,93.49,93.49,93.42,93.45,633
2026-05-19 14:00:00,93.44,93.5,93.44,93.47,3588
2026-05-19 15:00:00,93.46,93.53,93.46,93.5,3784
2026-05-19 16:00:00,93.51,93.51,93.43,93.45,578
2026-05-19 17:00:00,93.46,93.57,93.46,93.55,3184
2026-05-19 18:00:00,93.56,93.56,93.46,93.52,3692
2026-05-19 19:00:00,93.52,93.52,93.44,93.45,116
2026-05-19 20:00:00,93.45,93.45,93.35,93.4,918
2026-05-19 21:00:00,93.41,93.42,93.34,93.38,1252
2026-05-19 22:00:00,93.36,93.5,93.36,93.46,4006
2026-05-19 23:00:00,93.45,93.54,93.45,93.52,98
2026-05-20 00:00:00,93.53,93.76,93.53,93.73,1967
2026-05-20 01:00:00,93.72,93.76,93.72,93.75,1508
2026-05-20 02:00:00,93.77,93.77,93.69,93.72,2806
2026-05-20 03:00:00,93.73,93.74,93.7,93.72,3391
2026-05-20 04:00:00,93.72,93.78,93.72,93.76,1261
2026-05-20 05:00:00,93.76,93.76,93.59,93.64,1367
2026-05-20 06:00:00,93.65,93.7,93.64,93.66,3618
2026-05-20 07:00:00,93.67,93.82,93.67,93.8,2774
2026-05-20 08:00:00,93.79,93.8,93.77,93.79,2189
2026-05-20 09:00:00,93.78,93.81,93.71,93.75,765
2026-05-20 10:00:00,93.76,93.76,93.64,93.67,1022
2026-05-20 11:00:00,93.65,93.85,93.65,93.81,3852
2026-05-20 12:00:00,93.82,93.82,93.75,93.79,2597
2026-05-20 13:00:00,93.8,93.8,93.74,93.77,2238
2026-05-20 14:00:00,93.79,93.79,93.7,93.72,3529
2026-05-20 15:00:00,93.72,93.77,93.7,93.74,3806
2026-05-20 16:00:00,93.75,93.76,93.72,93.74,2011
2026-05-20 17:00:00,93.72,93.78,93.72,93.75,989
2026-05-20 18:00:00,93.76,93.76,93.63,93.64,3070
2026-05-20 19:00:00,93.63,93.78,93.63,93.74,3946
2026-05-20 20:00:00,93.74,93.74,93.64,93.66,3134
2026-05-20 21:00:00,93.65,93.66,93.58,93.62,1286
2026-05-20 22:00:00,93.63,93.72,93.63,93.71,3994
2026-05-20 23:00:00,93.7,93.79,93.7,93.78,1054
2026-05-21 00:00:00,93.79,93.79,93.63,93.65,454
2026-05-21 01:00:00,93.64,93.76,93.64,93.72,2522
2026-05-21 02:00:00,93.73,93.73,93.62,93.65,4990
2026-05-21 03:00:00,93.65,93.65,93.52,93.54,1370
2026-05-21 04:00:00,93.54,93.55,93.5,93.53,1579
2026-05-21 05:00:00,93.52,93.62,93.52,93.59,2963
2026-05-21 06:00:00,93.58,93.58,93.47,93.5,4908
2026-05-21 07:00:00,93.49,93.58,93.49,93.56,3532
2026-05-21 08:00:00,93.54,93.56,93.51,93.53,129
2026-05-21 09:00:00,93.54,93.58,93.54,93.56,4234
2026-05-21 10:00:00,93.56,93.65,93.56,93.64,946
2026-05-21 11:00:00,93.63,93.63,93.57,93.58,316
2026-05-21 12:00:00,93.58,93.61,93.58,93.6,4270
2026-05-21 13:00:00,93.58,93.72,93.58,93.71,2514
2026-05-21 14:00:00,93.69,93.76,93.69,93.75,2942
2026-05-21 15:00:00,93.76,93.9,93.76,93.89,2691
2026-05-21 16:00:00,93.91,94.07,93.91,94.04,4423
2026-05-21 17:00:00,94.04,94.04,93.99,94.0,3477
2026-05-21 18:00:00,94.01,94.07,94.01,94.05,3379
2026-05-21 19:00:00,94.04,94.04,93.93,93.95,4095
2026-05-21 20:00:00,93.93,94.07,93.93,94.05,2970
2026-05-21 21:00:00,94.05,94.07,94.04,94.06,4715
2026-05-21 22:00:00,94.06,94.15,94.06,94.11,3219
2026-05-21 23:00:00,94.13,94.13,94.03,94.05,3658
2026-05-22 00:00:00,94.05,94.07,94.05,94.06,4677
2026-05-22 01:00:00,94.06,94.06,93.99,94.01,4334
2026-05-22 02:00:00,94.0,94.0,93.93,93.95,1969
2026-05-22 03:00:00,93.95,93.95,93.87,93.9,3759
2026-05-22 04:00:00,93.9,93.9,93.81,93.83,4187
2026-05-22 05:00:00,93.81,93.93,93.81,93.92,2186
2026-05-22 06:00:00,93.9,93.9,93.8,93.83,2860
2026-05-22 07:00:00,93.82,93.87,93.8,93.83,4270
2026-05-22 08:00:00,93.82,93.82,93.72,93.76,2389
2026-05-22 09:00:00,93.77,93.77,93.66,93.68,3706
2026-05-22 10:00:00,93.68,93.73,93.68,93.7,2935
2026-05-22 11:00:00,93.68,93.81,93.68,93.76,1955
2026-05-22 12:00:00,93.76,93.76,93.67,93.68,2692
2026-05-22 13:00:00,93.69,93.81,93.69,93.78,4170
2026-05-22 14:00:00,93.79,93.94,93.79,93.92,3212
2026-05-22 15:00:00,93.92,94.04,93.92,94.02,1222
2026-05-22 16:00:00,94.02,94.08,94.02,94.06,761
2026-05-22 17:00:00,94.06,94.06,94.0,94.03,2555
2026-05-22 18:00:00,94.05,94.05,93.95,93.97,315
2026-05-22 19:00:00,93.95,94.06,93.95,94.03,4199
2026-05-22 20:00:00,94.03,94.15,94.03,94.11,2923
2026-05-22 21:00:00,94.12,94.12,93.98,93.99,2902
2026-05-22 22:00:00,93.99,93.99,93.86,93.88,569
2026-05-22 23:00:00,93.88,93.93,93.88,93.92,658
2026-05-23 00:00:00,93.9,93.99,93.9,93.95,2553
2026-05-23 01:00:00,93.96,94.1,93.96,94.07,589
2026-05-23 02:00:00,94.07,94.11,94.07,94.1,4091
2026-05-23 03:00:00,94.1,94.11,94.06,94.08,2239
2026-05-23 04:00:00,94.08,94.08,93.96,93.98,1764
2026-05-23 05:00:00,93.98,94.02,93.94,93.98,3751
2026-05-23 06:00:00,93.99,94.17,93.99,94.15,3802
2026-05-23 07:00:00,94.14,94.14,94.09,94.11,2814
2026-05-23 08:00:00,94.11,94.28,94.11,94.27,1294
2026-05-23 09:00:00,94.26,94.26,94.15,94.17,1775
2026-05-23 10:00:00,94.16,94.2,94.12,94.16,2541
2026-05-23 11:00:00,94.15,94.15,94.07,94.1,2789
2026-05-23 12:00:00,94.11,94.31,94.11,94.28,2430
2026-05-23 13:00:00,94.27,94.27,94.24,94.26,3985
2026-05-23 14:00:00,94.25,94.44,94.25,94.41,2951
2026-05-23 15:00:00,94.42,94.48,94.42,94.47,2995
2026-05-23 16:00:00,94.48,94.48,94.39,94.42,695
2026-05-23 17:00:00,94.44,94.44,94.35,94.37,3083
2026-05-23 18:00:00,94.38,94.46,94.38,94.43,4841
2026-05-23 19:00:00,94.4,94.41,94.38,94.4,845
2026-05-23 20:00:00,94.39,94.43,94.37,94.4,1859
2026-05-23 21:00:00,94.4,94.48,94.4,94.47,32
2026-05-23 22:00:00,94.48,94.48,94.41,94.44,1096
2026-05-23 23:00:00,94.44,94.5,94.44,94.47,1502
2026-05-24 00:00:00,94.46,94.53,94.46,94.5,2027
2026-05-24 01:00:00,94.51,94.6,94.51,94.58,2099
2026-05-24 02:00:00,94.56,94.63,94.56,94.59,2506
2026-05-24 03:00:00,94.58,94.72,94.58,94.7,85
2026-05-24 04:00:00,94.71,94.78,94.71,94.76,261
2026-05-24 05:00:00,94.74,94.85,94.74,94.84,1234
2026-05-24 06:00:00,94.83,94.93,94.83,94.92,4621
2026-05-24 07:00:00,94.92,94.94,94.91,94.93,1702
2026-05-24 08:00:00,94.92,94.95,94.9,94.92,963
2026-05-24 09:00:00,94.92,94.94,94.89,94.92,2279
2026-05-24 10:00:00,94.9,94.95,94.86,94.92,3681
2026-05-24 11:00:00,94.92,94.92,94.9,94.91,2163
2026-05-24 12:00:00,94.91,94.93,94.86,94.9,3857
2026-05-24 13:00:00,94.89,94.93,94.89,94.91,4173
2026-05-24 14:00:00,94.9,95.05,94.9,95.03,3215
2026-05-24 15:00:00,95.03,95.03,94.91,94.96,3168
2026-05-24 16:00:00,94.98,95.0,94.94,94.97,2099
2026-05-24 17:00:00,94.98,95.07,94.98,95.04,1615
2026-05-24 18:00:00,95.05,95.17,95.05,95.16,625
2026-05-24 19:00:00,95.17,95.36,95.17,95.34,3801
2026-05-24 20:00:00,95.34,95.34,95.25,95.26,4363
2026-05-24 21:00:00,95.26,95.34,95.26,95.31,3358
2026-05-24 22:00:00,95.32,95.39,95.32,95.38,1553
2026-05-24 23:00:00,95.39,95.39,95.32,95.35,2558
2026-05-25 00:00:00,95.35,95.44,95.35,95.4,1809
2026-05-25 01:00:00,95.41,95.47,95.41,95.43,4150
2026-05-25 02:00:00,95.44,95.51,95.44,95.49,2519
2026-05-25 03:00:00,95.5,95.57,95.5,95.56,852
2026-05-25 04:00:00,95.57,95.71,95.57,95.69,4720
2026-05-25 05:00:00,95.68,95.72,95.68,95.71,4044
2026-05-25 06:00:00,95.7,95.7,95.57,95.59,1893
2026-05-25 07:00:00,95.59,95.59,95.46,95.49,2921
2026-05-25 08:00:00,95.49,95.59,95.49,95.58,4990
2026-05-25 09:00:00,95.58,95.58,95.53,95.57,3069
2026-05-25 10:00:00,95.57,95.72,95.57,95.7,4826
2026-05-25 11:00:00,95.71,95.74,95.7,95.72,1561
2026-05-25 12:00:00,95.71,95.71,95.59,95.64,4670
2026-05-25 13:00:00,95.64,95.74,95.64,95.71,557
2026-05-25 14:00:00,95.71,95.86,95.71,95.85,256
2026-05-25 15:00:00,95.84,95.87,95.83,95.85,2612
2026-05-25 16:00:00,95.84,95.84,95.76,95.78,686
2026-05-25 17:00:00,95.78,95.87,95.78,95.84,1378
2026-05-25 18:00:00,95.83,95.83,95.69,95.73,4821
2026-05-25 19:00:00,95.74,95.74,95.65,95.69,449
2026-05-25 20:00:00,95.7,95.77,95.68,95.71,551
2026-05-25 21:00:00,95.7,95.81,95.7,95.78,1171
2026-05-25 22:00:00,95.8,95.8,95.65,95.68,4115
2026-05-25 23:00:00,95.68,95.78,95.68,95.75,1131
2026-05-26 00:00:00,95.76,95.76,95.61,95.65,362
2026-05-26 01:00:00,95.65,95.81,95.65,95.78,2205
2026-05-26 02:00:00,95.78,95.8,95.74,95.77,1752
2026-05-26 03:00:00,95.76,95.78,95.7,95.74,2568
2026-05-26 04:00:00,95.72,95.82,95.72,95.77,87
2026-05-26 05:00:00,95.79,95.8,95.74,95.78,1885
2026-05-26 06:00:00,95.79,95.79,95.58,95.63,3516
2026-05-26 07:00:00,95.63,95.65,95.58,95.62,3108
2026-05-26 08:00:00,95.62,95.85,95.62,95.83,3593
2026-05-26 09:00:00,95.84,95.9,95.83,95.88,1692
2026-05-26 10:00:00,95.87,95.93,95.87,95.91,4336
2026-05-26 11:00:00,95.9,96.0,95.9,95.95,333
2026-05-26 12:00:00,95.94,96.0,95.91,95.95,1087
2026-05-26 13:00:00,95.96,95.96,95.85,95.86,2482
2026-05-26 14:00:00,95.84,95.91,95.84,95.89,668
2026-05-26 15:00:00,95.9,95.9,95.83,95.85,2144
2026-05-26 16:00:00,95.85,95.85,95.78,95.81,207
2026-05-26 17:00:00,95.81,95.81,95.71,95.72,1212
2026-05-26 18:00:00,95.74,95.74,95.63,95.65,4719
2026-05-26 19:00:00,95.66,95.67,95.65,95.66,3514
2026-05-26 20:00:00,95.67,95.76,95.67,95.75,1022
2026-05-26 21:00:00,95.74,95.95,95.74,95.9,358
2026-05-26 22:00:00,95.9,95.9,95.73,95.75,3557
2026-05-26 23:00:00,95.77,95.89,95.77,95.85,816
2026-05-27 00:00:00,95.86,95.86,95.48,95.53,4217
2026-05-27 01:00:00,95.55,95.55,95.43,95.45,4318
2026-05-27 02:00:00,95.46,95.46,95.25,95.27,3345
2026-05-27 03:00:00,95.28,95.42,95.28,95.39,599
2026-05-27 04:00:00,95.4,95.4,95.31,95.33,1609
2026-05-27 05:00:00,95.32,95.42,95.32,95.4,2736
2026-05-27 06:00:00,95.39,95.54,95.39,95.48,509
2026-05-27 07:00:00,95.48,95.58,95.48,95.54,2671
2026-05-27 08:00:00,95.54,95.61,95.54,95.57,4410
2026-05-27 09:00:00,95.59,95.64,95.59,95.63,2483
2026-05-27 10:00:00,95.63,95.74,95.63,95.72,2037
2026-05-27 11:00:00,95.72,95.79,95.71,95.76,376
2026-05-27 12:00:00,95.77,95.82,95.77,95.8,4820
2026-05-27 13:00:00,95.81,95.81,95.71,95.73,4280
2026-05-27 14:00:00,95.73,95.73,95.56,95.58,4096
2026-05-27 15:00:00,95.58,95.71,95.58,95.69,1692
2026-05-27 16:00:00,95.7,95.78,95.7,95.76,1723
2026-05-27 17:00:00,95.77,95.78,95.75,95.76,488
2026-05-27 18:00:00,95.77,95.77,95.68,95.71,1531
2026-05-27 19:00:00,95.7,95.7,95.68,95.69,3669
2026-05-27 20:00:00,95.7,95.73,95.67,95.7,585
2026-05-27 21:00:00,95.71,95.71,95.59,95.65,932
2026-05-27 22:00:00,95.64,95.64,95.53,95.55,513
2026-05-27 23:00:00,95.55,95.57,95.5,95.54,851
2026-05-28 00:00:00,95.55,95.61,95.55,95.6,2423
2026-05-28 01:00:00,95.6,95.6,95.47,95.52,495
2026-05-28 02:00:00,95.51,95.58,95.51,95.55,2448
2026-05-28 03:00:00,95.53,95.63,95.53,95.6,274
2026-05-28 04:00:00,95.62,95.62,95.55,95.58,3746
2026-05-28 05:00:00,95.57,95.57,95.47,95.51,332
2026-05-28 06:00:00,95.51,95.64,95.51,95.62,4497
2026-05-28 07:00:00,95.62,95.7,95.62,95.68,4218
2026-05-28 08:00:00,95.7,95.76,95.7,95.75,2689
2026-05-28 09:00:00,95.78,95.81,95.78,95.79,2907
2026-05-28 10:00:00,95.8,96.0,95.8,95.94,4736
2026-05-28 11:00:00,95.92,96.01,95.92,95.98,3506
2026-05-28 12:00:00,95.98,96.01,95.95,95.98,3675
2026-05-28 13:00:00,95.99,96.05,95.99,96.02,1922
2026-05-28 14:00:00,96.04,96.09,96.04,96.09,2142
2026-05-28 15:00:00,96.09,96.21,96.09,96.18,3957
2026-05-28 16:00:00,96.18,96.34,96.18,96.31,4160
2026-05-28 17:00:00,96.3,96.3,96.18,96.2,3237
2026-05-28 18:00:00,96.2,96.29,96.2,96.28,2710
2026-05-28 19:00:00,96.28,96.28,96.2,96.23,677
2026-05-28 20:00:00,96.22,96.22,96.15,96.17,3488
2026-05-28 21:00:00,96.16,96.16,96.03,96.05,555
2026-05-28 22:00:00,96.07,96.07,95.96,96.0,516
2026-05-28 23:00:00,96.0,96.0,95.86,95.88,2268
2026-05-29 00:00:00,95.88,95.93,95.87,95.9,2849
2026-05-29 01:00:00,95.9,95.93,95.9,95.91,3471
2026-05-29 02:00:00,95.92,96.01,95.92,95.98,3956
2026-05-29 03:00:00,96.0,96.03,95.97,95.99,3325
2026-05-29 04:00:00,95.99,95.99,95.83,95.85,146
2026-05-29 05:00:00,95.84,95.88,95.81,95.85,762
2026-05-29 06:00:00,95.85,95.97,95.85,95.91,2303
2026-05-29 07:00:00,95.91,95.91,95.8,95.82,3691
2026-05-29 08:00:00,95.81,95.87,95.81,95.84,497
2026-05-29 09:00:00,95.85,96.01,95.85,95.98,3585
2026-05-29 10:00:00,95.99,95.99,95.84,95.87,3039
2026-05-29 11:00:00,95.87,95.9,95.82,95.87,2942
2026-05-29 12:00:00,95.87,96.08,95.87,96.06,4070
2026-05-29 13:00:00,96.06,96.14,96.06,96.12,2786
2026-05-29 14:00:00,96.12,96.19,96.12,96.18,181
2026-05-29 15:00:00,96.15,96.25,96.15,96.23,2541
2026-05-29 16:00:00,96.2,96.27,96.2,96.25,1330
2026-05-29 17:00:00,96.24,96.24,96.18,96.2,1702
2026-05-29 18:00:00,96.2,96.26,96.2,96.25,1289
2026-05-29 19:00:00,96.25,96.37,96.25,96.33,4669
2026-05-29 20:00:00,96.33,96.47,96.33,96.42,1529
2026-05-29 21:00:00,96.41,96.51,96.41,96.48,4031
2026-05-29 22:00:00,96.48,96.54,96.48,96.52,3570
2026-05-29 23:00:00,96.52,96.52,96.39,96.43,2949
2026-05-30 00:00:00,96.44,96.47,96.42,96.45,4858
2026-05-30 01:00:00,96.45,96.51,96.45,96.49,1299
2026-05-30 02:00:00,96.5,96.6,96.5,96.58,335
2026-05-30 03:00:00,96.58,96.58,96.45,96.47,1565
2026-05-30 04:00:00,96.48,96.54,96.48,96.53,3928
2026-05-30 05:00:00,96.53,96.53,96.46,96.47,2176
2026-05-30 06:00:00,96.48,96.56,96.48,96.52,80
2026-05-30 07:00:00,96.51,96.72,96.51,96.67,2362
2026-05-30 08:00:00,96.67,96.7,96.67,96.68,577
2026-05-30 09:00:00,96.69,96.71,96.62,96.66,1444
2026-05-30 10:00:00,96.67,96.67,96.49,96.5,1403
2026-05-30 11:00:00,96.5,96.5,96.37,96.38,1846
2026-05-30 12:00:00,96.38,96.38,96.28,96.32,4955
2026-05-30 13:00:00,96.32,96.42,96.32,96.4,3611
2026-05-30 14:00:00,96.39,96.41,96.37,96.4,2133
2026-05-30 15:00:00,96.38,96.52,96.38,96.5,1384
2026-05-30 16:00:00,96.49,96.57,96.49,96.55,4028
2026-05-30 17:00:00,96.55,96.6,96.53,96.57,4982
2026-05-30 18:00:00,96.57,96.57,96.51,96.54,2413
2026-05-30 19:00:00,96.54,96.55,96.52,96.53,2789
2026-05-30 20:00:00,96.53,96.6,96.53,96.58,4797
2026-05-30 21:00:00,96.59,96.59,96.47,96.5,2921
2026-05-30 22:00:00,96.51,96.54,96.45,96.49,1930
2026-05-30 23:00:00,96.51,96.51,96.34,96.35,4013
2026-05-31 00:00:00,96.35,96.35,96.27,96.3,156
2026-05-31 01:00:00,96.3,96.3,96.23,96.25,2969
2026-05-31 02:00:00,96.25,96.44,96.25,96.41,3386
2026-05-31 03:00:00,96.4,96.43,96.36,96.38,3434
2026-05-31 04:00:00,96.38,96.38,96.28,96.3,4127
2026-05-31 05:00:00,96.32,96.42,96.32,96.4,1186
2026-05-31 06:00:00,96.41,96.41,96.32,96.35,4677
2026-05-31 07:00:00,96.35,96.55,96.35,96.51,2189
2026-05-31 08:00:00,96.52,96.52,96.44,96.46,745
2026-05-31 09:00:00,96.45,96.45,96.37,96.4,4499
2026-05-31 10:00:00,96.4,96.4,96.31,96.33,2249
2026-05-31 11:00:00,96.32,96.32,96.24,96.27,650
2026-05-31 12:00:00,96.27,96.27,96.25,96.26,594
2026-05-31 13:00:00,96.25,96.25,96.16,96.19,4266
2026-05-31 14:00:00,96.2,96.2,96.15,96.17,342
2026-05-31 15:00:00,96.16,96.16,96.1,96.11,1613
2026-05-31 16:00:00,96.1,96.13,96.1,96.12,3097
2026-05-31 17:00:00,96.13,96.13,96.06,96.1,3562
2026-05-31 18:00:00,96.08,96.28,96.08,96.24,326
2026-05-31 19:00:00,96.23,96.23,96.1,96.12,4016
2026-05-31 20:00:00,96.12,96.12,95.98,96.03,4986
2026-05-31 21:00:00,96.04,96.15,96.04,96.12,807
2026-05-31 22:00:00,96.14,96.14,96.07,96.1,3143
2026-05-31 23:00:00,96.1,96.1,96.02,96.05,1629
2026-06-01 00:00:00,96.06,96.21,96.06,96.17,808
2026-06-01 01:00:00,96.16,96.24,96.16,96.22,3896
2026-06-01 02:00:00,96.2,96.35,96.2,96.32,2245
2026-06-01 03:00:00,96.35,96.35,96.17,96.22,2923
2026-06-01 04:00:00,96.21,96.28,96.21,96.27,2820
2026-06-01 05:00:00,96.26,96.37,96.26,96.33,3973
2026-06-01 06:00:00,96.34,96.34,96.21,96.24,950
2026-06-01 07:00:00,96.23,96.24,96.21,96.22,1621
2026-06-01 08:00:00,96.22,96.26,96.22,96.26,4379
2026-06-01 09:00:00,96.25,96.25,96.19,96.22,1550
2026-06-01 10:00:00,96.2,96.31,96.2,96.29,2694
2026-06-01 11:00:00,96.29,96.33,96.29,96.31,712
2026-06-01 12:00:00,96.33,96.35,96.32,96.34,1016
2026-06-01 13:00:00,96.34,96.34,96.19,96.2,4630
2026-06-01 14:00:00,96.18,96.18,96.08,96.1,2639
2026-06-01 15:00:00,96.1,96.1,96.04,96.05,3854
2026-06-01 16:00:00,96.05,96.08,96.03,96.05,1082
2026-06-01 17:00:00,96.05,96.05,95.83,95.87,3807
2026-06-01 18:00:00,95.86,95.88,95.85,95.87,4218
2026-06-01 19:00:00,95.84,95.84,95.8,95.82,27
2026-06-01 20:00:00,95.82,95.95,95.82,95.93,2115
2026-06-01 21:00:00,95.93,96.02,95.93,95.99,4620
2026-06-01 22:00:00,96.0,96.0,95.86,95.91,820
2026-06-01 23:00:00,95.91,95.98,95.91,95.95,1842
2026-06-02 00:00:00,95.95,96.02,95.95,96.01,827
2026-06-02 01:00:00,96.0,96.0,95.91,95.95,2068
2026-06-02 02:00:00,95.95,96.08,95.95,96.04,3100
2026-06-02 03:00:00,96.04,96.04,95.95,95.98,568
2026-06-02 04:00:00,95.96,95.96,95.88,95.94,158
2026-06-02 05:00:00,95.93,95.95,95.88,95.93,4494
2026-06-02 06:00:00,95.93,96.0,95.93,95.99,890
2026-06-02 07:00:00,95.99,95.99,95.87,95.9,1237
2026-06-02 08:00:00,95.9,95.9,95.77,95.79,1788
2026-06-02 09:00:00,95.79,95.79,95.7,95.72,4812
2026-06-02 10:00:00,95.73,95.78,95.73,95.77,1429
2026-06-02 11:00:00,95.77,95.77,95.62,95.67,293
2026-06-02 12:00:00,95.67,95.74,95.67,95.73,3897
2026-06-02 13:00:00,95.72,95.86,95.72,95.83,4044
2026-06-02 14:00:00,95.83,95.83,95.76,95.77,1727
2026-06-02 15:00:00,95.76,95.76,95.55,95.57,2846
2026-06-02 16:00:00,95.55,95.56,95.53,95.55,1683
2026-06-02 17:00:00,95.55,95.55,95.44,95.47,3893
2026-06-02 18:00:00,95.46,95.46,95.37,95.39,2413
2026-06-02 19:00:00,95.39,95.54,95.39,95.5,801
2026-06-02 20:00:00,95.5,95.62,95.5,95.61,2791
2026-06-02 21:00:00,95.61,95.77,95.61,95.74,814
2026-06-02 22:00:00,95.74,95.86,95.74,95.84,1418
2026-06-02 23:00:00,95.84,95.84,95.72,95.74,3786
2026-06-03 00:00:00,95.74,95.84,95.74,95.83,916
2026-06-03 01:00:00,95.82,95.82,95.77,95.78,3149
2026-06-03 02:00:00,95.8,95.8,95.75,95.77,4054
2026-06-03 03:00:00,95.77,95.87,95.77,95.86,3384
2026-06-03 04:00:00,95.87,95.96,95.86,95.9,4586
2026-06-03 05:00:00,95.89,95.9,95.83,95.87,926
2026-06-03 06:00:00,95.86,95.87,95.81,95.84,2031
2026-06-03 07:00:00,95.84,95.84,95.78,95.79,1209
2026-06-03 08:00:00,95.77,95.86,95.77,95.84,242
2026-06-03 09:00:00,95.83,95.88,95.79,95.83,4841
2026-06-03 10:00:00,95.84,95.98,95.84,95.95,31
2026-06-03 11:00:00,95.94,96.03,95.94,96.0,2349
2026-06-03 12:00:00,96.0,96.11,96.0,96.1,2601
2026-06-03 13:00:00,96.08,96.18,96.08,96.17,2315
2026-06-03 14:00:00,96.15,96.18,96.14,96.15,3091
2026-06-03 15:00:00,96.15,96.15,95.96,95.99,2682
2026-06-03 16:00:00,95.99,95.99,95.92,95.92,4430
2026-06-03 17:00:00,95.92,96.08,95.92,96.04,2531
2026-06-03 18:00:00,96.06,96.06,96.03,96.04,2485
2026-06-03 19:00:00,96.04,96.09,96.04,96.06,841
2026-06-03 20:00:00,96.05,96.05,95.98,96.01,4869
2026-06-03 21:00:00,96.0,96.19,96.0,96.14,1480
2026-06-03 22:00:00,96.15,96.15,96.0,96.03,3405
2026-06-03 23:00:00,96.05,96.05,95.95,95.98,3374
2026-06-04 00:00:00,95.96,95.96,95.79,95.82,2305
2026-06-04 01:00:00,95.82,95.82,95.67,95.71,85
2026-06-04 02:00:00,95.71,95.71,95.58,95.63,482
2026-06-04 03:00:00,95.64,95.66,95.63,95.65,3963
2026-06-04 04:00:00,95.63,95.63,95.6,95.61,1003
2026-06-04 05:00:00,95.62,95.62,95.56,95.58,3834
2026-06-04 06:00:00,95.57,95.58,95.55,95.57,762
2026-06-04 07:00:00,95.57,95.58,95.51,95.55,4826
2026-06-04 08:00:00,95.54,95.54,95.43,95.45,3224
2026-06-04 09:00:00,95.45,95.45,95.35,95.39,1119
2026-06-04 10:00:00,95.4,95.4,95.29,95.31,3827
2026-06-04 11:00:00,95.31,95.39,95.31,95.37,3351
2026-06-04 12:00:00,95.37,95.43,95.37,95.4,2561
2026-06-04 13:00:00,95.4,95.4,95.3,95.34,1009
2026-06-04 14:00:00,95.33,95.33,95.29,95.32,220
2026-06-04 15:00:00,95.32,95.32,95.2,95.23,633
2026-06-04 16:00:00,95.22,95.22,95.0,95.03,1831
2026-06-04 17:00:00,95.04,95.04,94.94,94.97,932
2026-06-04 18:00:00,94.98,94.98,94.88,94.91,2713
2026-06-04 19:00:00,94.91,94.94,94.91,94.93,191
2026-06-04 20:00:00,94.91,94.91,94.71,94.73,4086
2026-06-04 21:00:00,94.71,94.79,94.71,94.77,4381
2026-06-04 22:00:00,94.75,94.94,94.75,94.91,4249
2026-06-04 23:00:00,94.93,94.93,94.79,94.84,1739
2026-06-05 00:00:00,94.83,94.97,94.83,94.95,1206
2026-06-05 01:00:00,94.94,94.94,94.79,94.83,3950
2026-06-05 02:00:00,94.83,94.95,94.83,94.9,3831
2026-06-05 03:00:00,94.9,94.93,94.89,94.91,1150
2026-06-05 04:00:00,94.92,94.92,94.81,94.82,3893
2026-06-05 05:00:00,94.82,94.84,94.82,94.83,4527
2026-06-05 06:00:00,94.82,94.82,94.66,94.7,4183
2026-06-05 07:00:00,94.7,94.7,94.56,94.58,2370
2026-06-05 08:00:00,94.59,94.61,94.56,94.57,4874
2026-06-05 09:00:00,94.58,94.58,94.52,94.52,1505
2026-06-05 10:00:00,94.52,94.6,94.52,94.58,1008
2026-06-05 11:00:00,94.57,94.58,94.51,94.54,2719
2026-06-05 12:00:00,94.56,94.59,94.56,94.58,1114
2026-06-05 13:00:00,94.56,94.56,94.51,94.51,3529
2026-06-05 14:00:00,94.54,94.54,94.49,94.49,3396
2026-06-05 15:00:00,94.48,94.48,94.29,94.32,4598
2026-06-05 16:00:00,94.31,94.31,94.26,94.28,819
2026-06-05 17:00:00,94.29,94.29,94.24,94.26,3655
2026-06-05 18:00:00,94.28,94.28,94.19,94.21,1697
2026-06-05 19:00:00,94.21,94.25,94.21,94.24,65
2026-06-05 20:00:00,94.22,94.33,94.22,94.27,4334
2026-06-05 21:00:00,94.26,94.26,94.18,94.2,2332
2026-06-05 22:00:00,94.2,94.31,94.2,94.3,4879
2026-06-05 23:00:00,94.31,94.37,94.3,94.34,3396
2026-06-06 00:00:00,94.33,94.39,94.33,94.36,3789
2026-06-06 01:00:00,94.39,94.39,94.29,94.31,2909
2026-06-06 02:00:00,94.32,94.32,94.22,94.24,2020
2026-06-06 03:00:00,94.24,94.3,94.23,94.26,4539
2026-06-06 04:00:00,94.24,94.34,94.24,94.3,4644
2026-06-06 05:00:00,94.29,94.36,94.27,94.31,2611
2026-06-06 06:00:00,94.28,94.44,94.28,94.42,2255
2026-06-06 07:00:00,94.41,94.49,94.41,94.47,2888
2026-06-06 08:00:00,94.47,94.47,94.41,94.44,1475
2026-06-06 09:00:00,94.46,94.57,94.46,94.54,99
2026-06-06 10:00:00,94.54,94.63,94.54,94.61,2044
2026-06-06 11:00:00,94.61,94.73,94.61,94.7,2521
2026-06-06 12:00:00,94.72,94.72,94.67,94.67,4330
2026-06-06 13:00:00,94.67,94.72,94.64,94.67,3942
2026-06-06 14:00:00,94.65,94.72,94.65,94.7,2880
2026-06-06 15:00:00,94.69,94.78,94.69,94.77,2706
2026-06-06 16:00:00,94.76,94.8,94.76,94.78,1227
2026-06-06 17:00:00,94.77,94.95,94.77,94.93,2685
2026-06-06 18:00:00,94.93,94.93,94.82,94.84,4207
2026-06-06 19:00:00,94.83,94.83,94.7,94.72,114
2026-06-06 20:00:00,94.74,94.74,94.67,94.69,2574
2026-06-06 21:00:00,94.69,94.75,94.67,94.7,2260
2026-06-06 22:00:00,94.69,94.72,94.66,94.69,2197
2026-06-06 23:00:00,94.69,94.86,94.69,94.82,330
2026-06-07 00:00:00,94.82,94.9,94.82,94.89,1366
2026-06-07 01:00:00,94.9,94.9,94.74,94.75,675
2026-06-07 02:00:00,94.74,94.74,94.62,94.64,4496
2026-06-07 03:00:00,94.64,94.64,94.35,94.36,1049
2026-06-07 04:00:00,94.36,94.41,94.36,94.39,1181
2026-06-07 05:00:00,94.39,94.48,94.39,94.45,3645
2026-06-07 06:00:00,94.46,94.49,94.44,94.47,999
2026-06-07 07:00:00,94.48,94.51,94.48,94.5,1183
2026-06-07 08:00:00,94.52,94.53,94.5,94.51,2027
2026-06-07 09:00:00,94.51,94.57,94.51,94.54,1698
2026-06-07 10:00:00,94.54,94.54,94.48,94.5,4283
2026-06-07 11:00:00,94.53,94.53,94.4,94.42,4976
2026-06-07 12:00:00,94.4,94.4,94.38,94.39,4858
2026-06-07 13:00:00,94.39,94.39,94.28,94.3,4765
2026-06-07 14:00:00,94.3,94.38,94.3,94.36,685
2026-06-07 15:00:00,94.36,94.46,94.36,94.43,4961
2026-06-07 16:00:00,94.43,94.59,94.43,94.56,572
2026-06-07 17:00:00,94.56,94.56,94.49,94.53,2581
2026-06-07 18:00:00,94.53,94.62,94.53,94.61,4340
2026-06-07 19:00:00,94.63,94.63,94.52,94.54,339
2026-06-07 20:00:00,94.54,94.71,94.54,94.68,357
2026-06-07 21:00:00,94.68,94.68,94.46,94.49,527
2026-06-07 22:00:00,94.48,94.48,94.4,94.41,2155
2026-06-07 23:00:00,94.41,94.42,94.34,94.38,4606
2026-06-08 00:00:00,94.38,94.39,94.32,94.35,3147
2026-06-08 01:00:00,94.36,94.36,94.18,94.23,2579
2026-06-08 02:00:00,94.22,94.28,94.22,94.25,4325
2026-06-08 03:00:00,94.26,94.26,94.16,94.17,4845
2026-06-08 04:00:00,94.17,94.24,94.16,94.21,3441
2026-06-08 05:00:00,94.21,94.4,94.21,94.36,1766
2026-06-08 06:00:00,94.35,94.4,94.31,94.35,2783
2026-06-08 07:00:00,94.35,94.35,94.21,94.26,533
2026-06-08 08:00:00,94.25,94.29,94.25,94.29,1237
2026-06-08 09:00:00,94.29,94.34,94.29,94.33,4754
2026-06-08 10:00:00,94.35,94.51,94.35,94.48,2016
2026-06-08 11:00:00,94.48,94.53,94.48,94.51,2745
2026-06-08 12:00:00,94.51,94.66,94.51,94.64,799
2026-06-08 13:00:00,94.63,94.63,94.58,94.6,1761
2026-06-08 14:00:00,94.61,94.7,94.61,94.67,3405
2026-06-08 15:00:00,94.68,94.68,94.6,94.62,4769
2026-06-08 16:00:00,94.62,94.73,94.62,94.72,3001
2026-06-08 17:00:00,94.71,94.74,94.68,94.7,4370
2026-06-08 18:00:00,94.69,94.69,94.67,94.68,1006
2026-06-08 19:00:00,94.68,94.68,94.63,94.65,2313
2026-06-08 20:00:00,94.64,94.7,94.63,94.67,4825
2026-06-08 21:00:00,94.67,94.69,94.63,94.66,3275
2026-06-08 22:00:00,94.67,94.7,94.62,94.66,1975
2026-06-08 23:00:00,94.66,94.78,94.66,94.75,4792
2026-06-09 00:00:00,94.74,94.74,94.66,94.68,1504
2026-06-09 01:00:00,94.68,94.68,94.62,94.64,4043
2026-06-09 02:00:00,94.63,94.77,94.63,94.75,4291
2026-06-09 03:00:00,94.75,94.75,94.61,94.63,4574
2026-06-09 04:00:00,94.62,94.62,94.52,94.55,895
2026-06-09 05:00:00,94.55,94.66,94.55,94.64,335
2026-06-09 06:00:00,94.65,94.79,94.65,94.77,1417
2026-06-09 07:00:00,94.78,94.88,94.78,94.84,3622
2026-06-09 08:00:00,94.84,94.89,94.83,94.86,1214
2026-06-09 09:00:00,94.86,94.87,94.85,94.86,1592
2026-06-09 10:00:00,94.89,94.91,94.83,94.87,3357
2026-06-09 11:00:00,94.88,94.88,94.67,94.7,1670
2026-06-09 12:00:00,94.7,94.72,94.67,94.69,3776
2026-06-09 13:00:00,94.68,94.74,94.66,94.71,2923
