Timestamp (UTC),Open,High,Low,Close,BRN Aug26: Volume
2026-05-01 00:00:00,91.45,91.51,91.44,91.47,300
2026-05-01 01:00:00,91.47,91.52,91.46,91.49,2734
2026-05-01 02:00:00,91.49,91.67,91.49,91.65,4981
2026-05-01 03:00:00,91.65,91.65,91.57,91.6,2508
2026-05-01 04:00:00,91.61,91.61,91.29,91.31,4083
2026-05-01 05:00:00,91.3,91.41,91.3,91.39,835
2026-05-01 06:00:00,91.42,91.42,91.26,91.29,4937
2026-05-01 07:00:00,91.29,91.37,91.29,91.33,1938
2026-05-01 08:00:00,91.32,91.32,91.19,91.21,91
2026-05-01 09:00:00,91.22,91.34,91.22,91.32,3662
2026-05-01 10:00:00,91.31,91.45,91.31,91.4,1222
2026-05-01 11:00:00,91.41,91.41,91.23,91.24,1166
2026-05-01 12:00:00,91.23,91.25,91.19,91.22,1334
2026-05-01 13:00:00,91.23,91.23,91.17,91.18,2306
2026-05-01 14:00:00,91.17,91.19,91.14,91.17,811
2026-05-01 15:00:00,91.18,91.29,91.18,91.28,4310
2026-05-01 16:00:00,91.27,91.41,91.27,91.38,1065
2026-05-01 17:00:00,91.37,91.39,91.34,91.37,1933
2026-05-01 18:00:00,91.36,91.39,91.34,91.36,2236
2026-05-01 19:00:00,91.37,91.37,91.32,91.34,366
2026-05-01 20:00:00,91.34,91.37,91.34,91.35,4470
2026-05-01 21:00:00,91.34,91.34,91.26,91.31,2670
2026-05-01 22:00:00,91.3,91.38,91.3,91.34,366
2026-05-01 23:00:00,91.36,91.36,91.28,91.3,3172
2026-05-02 00:00:00,91.28,91.46,91.28,91.42,2930
2026-05-02 01:00:00,91.4,91.48,91.4,91.46,4472
2026-05-02 02:00:00,91.44,91.44,91.37,91.38,398
2026-05-02 03:00:00,91.39,91.39,91.35,91.36,315
2026-05-02 04:00:00,91.35,91.37,91.34,91.36,1135
2026-05-02 05:00:00,91.37,91.37,91.31,91.32,4136
2026-05-02 06:00:00,91.32,91.43,91.32,91.4,1791
2026-05-02 07:00:00,91.41,91.49,91.41,91.48,647
2026-05-02 08:00:00,91.49,91.56,91.49,91.54,4151
2026-05-02 09:00:00,91.53,91.62,91.53,91.6,4624
2026-05-02 10:00:00,91.59,91.73,91.59,91.72,4242
2026-05-02 11:00:00,91.71,91.71,91.65,91.67,1893
2026-05-02 12:00:00,91.68,91.68,91.6,91.63,3891
2026-05-02 13:00:00,91.64,91.79,91.64,91.75,2857
2026-05-02 14:00:00,91.75,91.75,91.63,91.64,4071
2026-05-02 15:00:00,91.65,91.75,91.65,91.73,309
2026-05-02 16:00:00,91.74,91.74,91.59,91.64,2619
2026-05-02 17:00:00,91.64,91.65,91.6,91.63,1570
2026-05-02 18:00:00,91.63,91.65,91.6,91.62,3014
2026-05-02 19:00:00,91.62,91.62,91.35,91.39,4673
2026-05-02 20:00:00,91.39,91.5,91.39,91.48,3354
2026-05-02 21:00:00,91.5,91.5,91.34,91.37,4395
2026-05-02 22:00:00,91.36,91.36,91.32,91.34,565
2026-05-02 23:00:00,91.34,91.4,91.31,91.36,518
2026-05-03 00:00:00,91.37,91.38,91.31,91.33,3106
2026-05-03 01:00:00,91.34,91.37,91.34,91.37,2485
2026-05-03 02:00:00,91.37,91.42,91.37,91.42,1286
2026-05-03 03:00:00,91.41,91.5,91.41,91.47,1577
2026-05-03 04:00:00,91.47,91.5,91.47,91.48,2637
2026-05-03 05:00:00,91.48,91.49,91.46,91.47,2783
2026-05-03 06:00:00,91.46,91.52,91.46,91.51,370
2026-05-03 07:00:00,91.5,91.5,91.36,91.41,485
2026-05-03 08:00:00,91.41,91.56,91.41,91.55,4848
2026-05-03 09:00:00,91.54,91.63,91.54,91.61,1696
2026-05-03 10:00:00,91.6,91.6,91.53,91.57,567
2026-05-03 11:00:00,91.57,91.64,91.54,91.58,4292
2026-05-03 12:00:00,91.58,91.67,91.58,91.64,3052
2026-05-03 13:00:00,91.64,91.75,91.64,91.7,793
2026-05-03 14:00:00,91.7,91.88,91.7,91.85,2908
2026-05-03 15:00:00,91.85,91.9,91.85,91.87,2995
2026-05-03 16:00:00,91.87,91.99,91.87,91.99,101
2026-05-03 17:00:00,91.99,92.09,91.99,92.07,1590
2026-05-03 18:00:00,92.07,92.07,91.96,91.98,2435
2026-05-03 19:00:00,91.98,92.05,91.98,92.01,2489
2026-05-03 20:00:00,92.01,92.01,91.95,91.96,3041
2026-05-03 21:00:00,91.96,92.03,91.96,92.01,2219
2026-05-03 22:00:00,92.01,92.05,91.98,92.02,3506
2026-05-03 23:00:00,92.02,92.23,92.02,92.19,835
2026-05-04 00:00:00,92.18,92.22,92.18,92.2,4720
2026-05-04 01:00:00,92.21,92.29,92.21,92.28,768
2026-05-04 02:00:00,92.28,92.28,92.11,92.15,1240
2026-05-04 03:00:00,92.13,92.13,92.05,92.08,2773
2026-05-04 04:00:00,92.08,92.08,91.97,92.0,3449
2026-05-04 05:00:00,91.99,92.07,91.99,92.05,2615
2026-05-04 06:00:00,92.04,92.2,92.04,92.14,2345
2026-05-04 07:00:00,92.14,92.14,92.06,92.09,618
2026-05-04 08:00:00,92.1,92.12,92.1,92.11,3136
2026-05-04 09:00:00,92.14,92.15,92.1,92.13,1434
2026-05-04 10:00:00,92.14,92.15,92.1,92.12,469
2026-05-04 11:00:00,92.09,92.09,92.03,92.06,975
2026-05-04 12:00:00,92.04,92.11,92.04,92.09,190
2026-05-04 13:00:00,92.09,92.22,92.09,92.19,600
2026-05-04 14:00:00,92.19,92.26,92.19,92.25,1114
2026-05-04 15:00:00,92.25,92.41,92.25,92.37,2064
2026-05-04 16:00:00,92.39,92.39,92.23,92.24,3280
2026-05-04 17:00:00,92.24,92.24,92.16,92.19,1757
2026-05-04 18:00:00,92.18,92.34,92.18,92.33,937
2026-05-04 19:00:00,92.32,92.42,92.32,92.39,77
2026-05-04 20:00:00,92.37,92.39,92.34,92.36,4801
2026-05-04 21:00:00,92.36,92.62,92.36,92.61,3483
2026-05-04 22:00:00,92.6,92.6,92.51,92.53,4051
2026-05-04 23:00:00,92.52,92.52,92.44,92.45,1431
2026-05-05 00:00:00,92.45,92.52,92.45,92.5,4962
2026-05-05 01:00:00,92.49,92.5,92.42,92.44,2265
2026-05-05 02:00:00,92.46,92.5,92.41,92.45,785
2026-05-05 03:00:00,92.44,92.44,92.3,92.33,2493
2026-05-05 04:00:00,92.33,92.35,92.3,92.33,2339
2026-05-05 05:00:00,92.34,92.36,92.32,92.34,1371
2026-05-05 06:00:00,92.35,92.47,92.35,92.46,2030
2026-05-05 07:00:00,92.46,92.54,92.46,92.5,1045
2026-05-05 08:00:00,92.49,92.49,92.42,92.45,1156
2026-05-05 09:00:00,92.43,92.43,92.3,92.34,2040
2026-05-05 10:00:00,92.34,92.41,92.34,92.39,2778
2026-05-05 11:00:00,92.38,92.43,92.38,92.41,464
2026-05-05 12:00:00,92.41,92.41,92.28,92.31,4235
2026-05-05 13:00:00,92.31,92.31,92.24,92.27,4242
2026-05-05 14:00:00,92.28,92.28,92.06,92.07,4575
2026-05-05 15:00:00,92.06,92.06,91.96,92.01,176
2026-05-05 16:00:00,92.0,92.0,91.92,91.97,2288
2026-05-05 17:00:00,91.98,91.99,91.92,91.96,975
2026-05-05 18:00:00,91.97,92.02,91.97,92.01,3047
2026-05-05 19:00:00,92.02,92.02,91.91,91.93,4698
2026-05-05 20:00:00,91.94,92.08,91.94,92.04,1177
2026-05-05 21:00:00,92.03,92.03,91.99,92.01,4401
2026-05-05 22:00:00,92.01,92.13,92.01,92.08,1854
2026-05-05 23:00:00,92.1,92.1,92.06,92.09,2069
2026-05-06 00:00:00,92.08,92.08,91.92,91.93,1289
2026-05-06 01:00:00,91.94,92.05,91.94,92.01,217
2026-05-06 02:00:00,92.01,92.16,92.01,92.11,591
2026-05-06 03:00:00,92.08,92.13,92.07,92.09,690
2026-05-06 04:00:00,92.08,92.08,92.02,92.03,4698
2026-05-06 05:00:00,92.04,92.09,92.04,92.06,4990
2026-05-06 06:00:00,92.07,92.24,92.07,92.2,371
2026-05-06 07:00:00,92.2,92.42,92.2,92.39,4871
2026-05-06 08:00:00,92.37,92.38,92.36,92.37,1631
2026-05-06 09:00:00,92.37,92.41,92.37,92.4,2509
2026-05-06 10:00:00,92.38,92.54,92.38,92.5,200
2026-05-06 11:00:00,92.52,92.52,92.47,92.5,3693
2026-05-06 12:00:00,92.5,92.5,92.41,92.42,4315
2026-05-06 13:00:00,92.42,92.42,92.33,92.36,971
2026-05-06 14:00:00,92.39,92.39,92.32,92.34,3050
2026-05-06 15:00:00,92.35,92.41,92.35,92.39,299
2026-05-06 16:00:00,92.39,92.41,92.37,92.4,29
2026-05-06 17:00:00,92.4,92.54,92.4,92.5,2246
2026-05-06 18:00:00,92.5,92.5,92.39,92.41,4670
2026-05-06 19:00:00,92.4,92.42,92.36,92.38,1409
2026-05-06 20:00:00,92.37,92.37,92.22,92.24,4727
2026-05-06 21:00:00,92.25,92.38,92.25,92.33,1050
2026-05-06 22:00:00,92.33,92.33,92.15,92.16,4816
2026-05-06 23:00:00,92.15,92.16,92.14,92.15,3537
2026-05-07 00:00:00,92.15,92.17,92.11,92.15,1772
2026-05-07 01:00:00,92.15,92.15,92.05,92.06,1982
2026-05-07 02:00:00,92.08,92.08,91.95,91.98,2032
2026-05-07 03:00:00,91.99,91.99,91.79,91.83,3672
2026-05-07 04:00:00,91.84,91.86,91.82,91.83,1261
2026-05-07 05:00:00,91.81,91.98,91.81,91.95,4694
2026-05-07 06:00:00,91.95,92.01,91.95,91.99,4535
2026-05-07 07:00:00,91.99,91.99,91.77,91.78,603
2026-05-07 08:00:00,91.77,91.77,91.72,91.73,2952
2026-05-07 09:00:00,91.73,91.73,91.7,91.72,3810
2026-05-07 10:00:00,91.7,91.7,91.57,91.6,810
2026-05-07 11:00:00,91.61,91.61,91.57,91.59,1072
2026-05-07 12:00:00,91.59,91.6,91.53,91.57,1483
2026-05-07 13:00:00,91.57,91.62,91.55,91.57,4360
2026-05-07 14:00:00,91.58,91.64,91.57,91.61,2921
2026-05-07 15:00:00,91.62,91.8,91.62,91.76,163
2026-05-07 16:00:00,91.75,91.8,91.75,91.78,1861
2026-05-07 17:00:00,91.77,91.77,91.74,91.76,3819
2026-05-07 18:00:00,91.75,91.75,91.66,91.69,4509
2026-05-07 19:00:00,91.69,91.75,91.69,91.73,708
2026-05-07 20:00:00,91.71,91.71,91.58,91.61,4191
2026-05-07 21:00:00,91.61,91.61,91.41,91.45,4200
2026-05-07 22:00:00,91.45,91.55,91.45,91.5,3107
2026-05-07 23:00:00,91.5,91.55,91.5,91.53,3481
2026-05-08 00:00:00,91.54,91.54,91.48,91.51,1302
2026-05-08 01:00:00,91.51,91.53,91.45,91.49,311
2026-05-08 02:00:00,91.5,91.6,91.5,91.56,1565
2026-05-08 03:00:00,91.56,91.56,91.51,91.53,4233
2026-05-08 04:00:00,91.52,91.66,91.52,91.62,2581
2026-05-08 05:00:00,91.62,91.62,91.5,91.54,1215
2026-05-08 06:00:00,91.53,91.68,91.53,91.63,2324
2026-05-08 07:00:00,91.62,91.73,91.62,91.71,3701
2026-05-08 08:00:00,91.71,91.78,91.71,91.75,1873
2026-05-08 09:00:00,91.76,91.82,91.74,91.79,2532
2026-05-08 10:00:00,91.8,91.83,91.76,91.79,2496
2026-05-08 11:00:00,91.77,91.87,91.77,91.85,2722
2026-05-08 12:00:00,91.86,91.94,91.86,91.9,665
2026-05-08 13:00:00,91.91,91.99,91.91,91.95,4370
2026-05-08 14:00:00,91.95,92.09,91.95,92.06,4003
2026-05-08 15:00:00,92.07,92.15,92.07,92.12,2878
2026-05-08 16:00:00,92.11,92.24,92.11,92.23,1265
2026-05-08 17:00:00,92.24,92.3,92.24,92.28,1337
2026-05-08 18:00:00,92.27,92.32,92.27,92.3,1433
2026-05-08 19:00:00,92.3,92.3,92.2,92.24,1868
2026-05-08 20:00:00,92.22,92.22,92.13,92.15,2663
2026-05-08 21:00:00,92.15,92.27,92.15,92.25,2969
2026-05-08 22:00:00,92.25,92.25,92.12,92.15,3288
2026-05-08 23:00:00,92.14,92.15,92.08,92.12,1223
2026-05-09 00:00:00,92.11,92.18,92.11,92.16,2216
2026-05-09 01:00:00,92.16,92.2,92.14,92.18,3941
2026-05-09 02:00:00,92.19,92.19,92.1,92.13,2125
2026-05-09 03:00:00,92.13,92.29,92.13,92.28,944
2026-05-09 04:00:00,92.28,92.33,92.25,92.3,4873
2026-05-09 05:00:00,92.3,92.3,92.16,92.17,2193
2026-05-09 06:00:00,92.17,92.23,92.17,92.2,4082
2026-05-09 07:00:00,92.21,92.23,92.19,92.21,3343
2026-05-09 08:00:00,92.22,92.28,92.22,92.25,608
2026-05-09 09:00:00,92.25,92.25,92.19,92.22,4552
2026-05-09 10:00:00,92.24,92.24,92.12,92.17,3053
2026-05-09 11:00:00,92.17,92.17,92.14,92.16,1098
2026-05-09 12:00:00,92.18,92.18,92.13,92.15,2962
2026-05-09 13:00:00,92.15,92.15,92.1,92.13,4161
2026-05-09 14:00:00,92.14,92.15,92.09,92.12,1804
2026-05-09 15:00:00,92.1,92.19,92.1,92.17,994
2026-05-09 16:00:00,92.17,92.17,92.11,92.13,3544
2026-05-09 17:00:00,92.13,92.23,92.13,92.19,3642
2026-05-09 18:00:00,92.2,92.22,92.13,92.18,4590
2026-05-09 19:00:00,92.18,92.24,92.18,92.21,4016
2026-05-09 20:00:00,92.22,92.22,92.13,92.18,3529
2026-05-09 21:00:00,92.18,92.18,92.1,92.13,617
2026-05-09 22:00:00,92.13,92.13,92.09,92.12,4586
2026-05-09 23:00:00,92.11,92.29,92.11,92.27,2864
2026-05-10 00:00:00,92.26,92.26,92.2,92.22,105
2026-05-10 01:00:00,92.24,92.3,92.24,92.28,4918
2026-05-10 02:00:00,92.29,92.29,92.2,92.21,2503
2026-05-10 03:00:00,92.22,92.26,92.21,92.22,329
2026-05-10 04:00:00,92.22,92.37,92.22,92.33,3678
2026-05-10 05:00:00,92.33,92.33,92.26,92.3,2918
2026-05-10 06:00:00,92.29,92.29,92.25,92.27,777
2026-05-10 07:00:00,92.26,92.34,92.25,92.29,4671
2026-05-10 08:00:00,92.29,92.35,92.29,92.33,4200
2026-05-10 09:00:00,92.31,92.34,92.27,92.31,509
2026-05-10 10:00:00,92.29,92.45,92.29,92.41,2615
2026-05-10 11:00:00,92.4,92.48,92.4,92.46,2170
2026-05-10 12:00:00,92.46,92.58,92.46,92.55,2328
2026-05-10 13:00:00,92.57,92.57,92.48,92.52,2852
2026-05-10 14:00:00,92.52,92.63,92.52,92.6,3384
2026-05-10 15:00:00,92.59,92.59,92.52,92.54,4740
2026-05-10 16:00:00,92.54,92.54,92.45,92.47,115
2026-05-10 17:00:00,92.47,92.47,92.34,92.37,2393
2026-05-10 18:00:00,92.37,92.39,92.34,92.36,498
2026-05-10 19:00:00,92.36,92.46,92.36,92.44,1283
2026-05-10 20:00:00,92.44,92.57,92.44,92.54,3201
2026-05-10 21:00:00,92.52,92.56,92.49,92.53,4796
2026-05-10 22:00:00,92.53,92.54,92.46,92.51,598
2026-05-10 23:00:00,92.52,92.66,92.52,92.64,827
2026-05-11 00:00:00,92.65,92.69,92.63,92.65,2558
2026-05-11 01:00:00,92.62,92.62,92.53,92.55,3075
2026-05-11 02:00:00,92.55,92.55,92.5,92.51,4550
2026-05-11 03:00:00,92.52,92.52,92.45,92.49,3359
2026-05-11 04:00:00,92.51,92.6,92.51,92.56,346
2026-05-11 05:00:00,92.58,92.67,92.58,92.65,4421
2026-05-11 06:00:00,92.64,92.71,92.64,92.67,3408
2026-05-11 07:00:00,92.67,92.67,92.61,92.63,1818
2026-05-11 08:00:00,92.62,92.74,92.62,92.69,3043
2026-05-11 09:00:00,92.68,92.82,92.68,92.81,3561
2026-05-11 10:00:00,92.8,92.8,92.74,92.76,1157
2026-05-11 11:00:00,92.76,92.76,92.68,92.71,2709
2026-05-11 12:00:00,92.72,92.77,92.72,92.75,3397
2026-05-11 13:00:00,92.76,92.77,92.75,92.76,966
2026-05-11 14:00:00,92.77,92.77,92.74,92.75,4314
2026-05-11 15:00:00,92.77,92.82,92.77,92.8,3017
2026-05-11 16:00:00,92.8,92.8,92.61,92.64,1711
2026-05-11 17:00:00,92.67,92.73,92.67,92.71,3266
2026-05-11 18:00:00,92.72,92.79,92.71,92.76,4896
2026-05-11 19:00:00,92.77,92.78,92.74,92.76,1415
2026-05-11 20:00:00,92.76,92.78,92.7,92.74,4955
2026-05-11 21:00:00,92.73,92.73,92.65,92.7,528
2026-05-11 22:00:00,92.69,92.71,92.68,92.69,1954
2026-05-11 23:00:00,92.69,92.69,92.62,92.65,1570
2026-05-12 00:00:00,92.65,92.71,92.65,92.69,2503
2026-05-12 01:00:00,92.71,92.71,92.64,92.67,3841
2026-05-12 02:00:00,92.65,92.72,92.65,92.7,4527
2026-05-12 03:00:00,92.72,92.72,92.7,92.71,507
2026-05-12 04:00:00,92.71,92.77,92.71,92.75,793
2026-05-12 05:00:00,92.75,92.78,92.72,92.75,4527
2026-05-12 06:00:00,92.76,92.85,92.76,92.8,1391
2026-05-12 07:00:00,92.81,92.89,92.81,92.87,4532
2026-05-12 08:00:00,92.89,92.89,92.86,92.88,1660
2026-05-12 09:00:00,92.88,92.88,92.79,92.84,258
2026-05-12 10:00:00,92.84,92.96,92.84,92.95,1021
2026-05-12 11:00:00,92.96,93.01,92.92,92.96,4492
2026-05-12 12:00:00,92.96,92.96,92.85,92.88,3122
2026-05-12 13:00:00,92.88,92.88,92.83,92.85,295
2026-05-12 14:00:00,92.84,92.84,92.77,92.79,4353
2026-05-12 15:00:00,92.79,92.79,92.74,92.77,4230
2026-05-12 16:00:00,92.78,92.78,92.66,92.67,4970
2026-05-12 17:00:00,92.68,92.68,92.65,92.67,1022
2026-05-12 18:00:00,92.68,92.85,92.68,92.83,3617
2026-05-12 19:00:00,92.83,92.89,92.83,92.86,2461
2026-05-12 20:00:00,92.87,92.98,92.87,92.95,1918
2026-05-12 21:00:00,92.97,93.0,92.97,92.99,3370
2026-05-12 22:00:00,92.98,93.04,92.98,93.01,4492
2026-05-12 23:00:00,93.02,93.11,93.02,93.09,3611
2026-05-13 00:00:00,93.09,93.13,93.09,93.11,525
2026-05-13 01:00:00,93.1,93.1,93.03,93.04,1246
2026-05-13 02:00:00,93.05,93.05,92.96,92.99,4851
2026-05-13 03:00:00,93.01,93.01,92.84,92.84,3856
2026-05-13 04:00:00,92.83,92.83,92.68,92.7,1846
2026-05-13 05:00:00,92.69,92.69,92.62,92.64,3255
2026-05-13 06:00:00,92.64,92.7,92.64,92.68,125
2026-05-13 07:00:00,92.7,92.7,92.54,92.56,3004
2026-05-13 08:00:00,92.55,92.65,92.55,92.63,3612
2026-05-13 09:00:00,92.65,92.65,92.58,92.62,2229
2026-05-13 10:00:00,92.63,92.63,92.49,92.53,1597
2026-05-13 11:00:00,92.54,92.54,92.43,92.48,3095
2026-05-13 12:00:00,92.48,92.54,92.48,92.51,2948
2026-05-13 13:00:00,92.51,92.66,92.51,92.64,3427
2026-05-13 14:00:00,92.65,92.65,92.59,92.61,2294
2026-05-13 15:00:00,92.61,92.61,92.51,92.53,4895
2026-05-13 16:00:00,92.52,92.59,92.52,92.56,603
2026-05-13 17:00:00,92.57,92.72,92.57,92.7,2229
2026-05-13 18:00:00,92.73,92.75,92.72,92.74,3318
2026-05-13 19:00:00,92.75,92.88,92.75,92.86,33
2026-05-13 20:00:00,92.87,93.03,92.87,93.0,91
2026-05-13 21:00:00,93.0,93.02,92.95,92.98,1784
2026-05-13 22:00:00,92.97,92.97,92.87,92.92,4390
2026-05-13 23:00:00,92.91,92.91,92.87,92.88,4956
2026-05-14 00:00:00,92.89,92.89,92.85,92.86,1977
2026-05-14 01:00:00,92.86,92.91,92.86,92.89,451
2026-05-14 02:00:00,92.89,93.0,92.89,92.96,1905
2026-05-14 03:00:00,92.96,93.06,92.96,93.03,2331
2026-05-14 04:00:00,93.03,93.05,92.99,93.03,1563
2026-05-14 05:00:00,93.03,93.03,92.96,92.97,2187
2026-05-14 06:00:00,92.97,92.97,92.85,92.88,3498
2026-05-14 07:00:00,92.88,92.95,92.88,92.93,574
2026-05-14 08:00:00,92.94,92.94,92.69,92.72,4864
2026-05-14 09:00:00,92.7,92.73,92.68,92.7,4250
2026-05-14 10:00:00,92.72,92.77,92.7,92.74,1862
2026-05-14 11:00:00,92.73,92.73,92.64,92.66,837
2026-05-14 12:00:00,92.67,92.69,92.64,92.67,4564
2026-05-14 13:00:00,92.67,92.68,92.62,92.64,22
2026-05-14 14:00:00,92.62,92.66,92.62,92.65,2027
2026-05-14 15:00:00,92.65,92.71,92.65,92.69,4612
2026-05-14 16:00:00,92.7,92.82,92.7,92.76,4058
2026-05-14 17:00:00,92.75,92.84,92.75,92.82,1476
2026-05-14 18:00:00,92.81,92.87,92.77,92.82,120
2026-05-14 19:00:00,92.83,92.84,92.75,92.8,3540
2026-05-14 20:00:00,92.78,92.81,92.78,92.79,706
2026-05-14 21:00:00,92.79,92.9,92.79,92.88,3845
2026-05-14 22:00:00,92.87,93.01,92.87,92.99,478
2026-05-14 23:00:00,92.98,92.98,92.86,92.89,3889
2026-05-15 00:00:00,92.89,92.93,92.89,92.9,1998
2026-05-15 01:00:00,92.91,92.95,92.9,92.92,967
2026-05-15 02:00:00,92.91,92.96,92.91,92.95,2571
2026-05-15 03:00:00,92.94,92.94,92.89,92.9,35
2026-05-15 04:00:00,92.89,93.09,92.89,93.05,3972
2026-05-15 05:00:00,93.04,93.05,93.01,93.03,2129
2026-05-15 06:00:00,93.03,93.12,93.03,93.09,3251
2026-05-15 07:00:00,93.09,93.09,92.98,92.99,2269
2026-05-15 08:00:00,93.01,93.01,92.87,92.92,4857
2026-05-15 09:00:00,92.92,93.06,92.92,93.0,4936
2026-05-15 10:00:00,93.01,93.07,93.01,93.03,463
2026-05-15 11:00:00,93.01,93.11,93.01,93.1,2377
2026-05-15 12:00:00,93.11,93.2,93.11,93.17,941
2026-05-15 13:00:00,93.15,93.28,93.15,93.26,983
2026-05-15 14:00:00,93.25,93.25,93.1,93.11,2923
2026-05-15 15:00:00,93.12,93.12,93.0,93.04,457
2026-05-15 16:00:00,93.03,93.08,93.03,93.05,84
2026-05-15 17:00:00,93.07,93.13,93.07,93.11,2728
2026-05-15 18:00:00,93.11,93.11,92.99,93.0,395
2026-05-15 19:00:00,92.98,92.98,92.83,92.86,48
2026-05-15 20:00:00,92.86,92.86,92.79,92.81,841
2026-05-15 21:00:00,92.81,92.87,92.81,92.86,3099
2026-05-15 22:00:00,92.86,93.01,92.86,92.98,3164
2026-05-15 23:00:00,92.97,93.06,92.97,93.05,2328
2026-05-16 00:00:00,93.06,93.06,92.94,92.97,933
2026-05-16 01:00:00,92.96,93.06,92.96,93.0,4118
2026-05-16 02:00:00,93.0,93.2,93.0,93.16,445
2026-05-16 03:00:00,93.16,93.21,93.16,93.2,1092
2026-05-16 04:00:00,93.2,93.41,93.2,93.38,4267
2026-05-16 05:00:00,93.38,93.39,93.32,93.35,2988
2026-05-16 06:00:00,93.35,93.35,93.23,93.24,3052
2026-05-16 07:00:00,93.24,93.25,93.2,93.21,4968
2026-05-16 08:00:00,93.22,93.41,93.22,93.36,1860
2026-05-16 09:00:00,93.36,93.49,93.36,93.45,1248
2026-05-16 10:00:00,93.45,93.45,93.24,93.25,1192
2026-05-16 11:00:00,93.26,93.32,93.26,93.3,4490
2026-05-16 12:00:00,93.31,93.31,93.23,93.24,1028
2026-05-16 13:00:00,93.25,93.25,93.11,93.15,668
2026-05-16 14:00:00,93.16,93.16,93.06,93.08,4426
2026-05-16 15:00:00,93.07,93.15,93.07,93.13,1658
2026-05-16 16:00:00,93.13,93.25,93.13,93.22,3713
2026-05-16 17:00:00,93.23,93.23,93.14,93.16,2845
2026-05-16 18:00:00,93.16,93.28,93.16,93.26,1191
2026-05-16 19:00:00,93.26,93.26,93.18,93.2,4879
2026-05-16 20:00:00,93.19,93.22,93.18,93.19,2121
2026-05-16 21:00:00,93.2,93.2,93.09,93.12,2350
2026-05-16 22:00:00,93.11,93.12,93.1,93.11,1566
2026-05-16 23:00:00,93.12,93.12,93.05,93.07,4252
2026-05-17 00:00:00,93.08,93.08,93.0,93.04,4797
2026-05-17 01:00:00,93.06,93.08,93.05,93.07,3018
2026-05-17 02:00:00,93.07,93.19,93.07,93.18,3480
2026-05-17 03:00:00,93.19,93.47,93.19,93.47,2317
2026-05-17 04:00:00,93.47,93.51,93.47,93.49,422
2026-05-17 05:00:00,93.49,93.51,93.46,93.48,2008
2026-05-17 06:00:00,93.48,93.48,93.33,93.35,3874
2026-05-17 07:00:00,93.34,93.34,93.25,93.26,3975
2026-05-17 08:00:00,93.26,93.26,93.12,93.14,1128
2026-05-17 09:00:00,93.14,93.22,93.14,93.21,4812
2026-05-17 10:00:00,93.18,93.18,93.11,93.12,3177
2026-05-17 11:00:00,93.12,93.22,93.12,93.2,4986
2026-05-17 12:00:00,93.2,93.32,93.2,93.29,736
2026-05-17 13:00:00,93.29,93.45,93.29,93.44,898
2026-05-17 14:00:00,93.43,93.43,93.31,93.34,238
2026-05-17 15:00:00,93.32,93.41,93.32,93.41,1932
2026-05-17 16:00:00,93.41,93.41,93.35,93.38,4734
2026-05-17 17:00:00,93.37,93.37,93.28,93.32,3942
2026-05-17 18:00:00,93.31,93.47,93.31,93.43,3013
2026-05-17 19:00:00,93.43,93.57,93.43,93.55,222
2026-05-17 20:00:00,93.54,93.56,93.53,93.55,2990
2026-05-17 21:00:00,93.54,93.65,93.54,93.62,3606
2026-05-17 22:00:00,93.61,93.72,93.61,93.7,1687
2026-05-17 23:00:00,93.69,93.69,93.61,93.65,4097
2026-05-18 00:00:00,93.65,93.73,93.65,93.71,4451
2026-05-18 01:00:00,93.73,93.73,93.69,93.71,4136
2026-05-18 02:00:00,93.71,93.75,93.7,93.72,635
2026-05-18 03:00:00,93.73,93.75,93.7,93.72,4128
2026-05-18 04:00:00,93.73,93.76,93.67,93.72,1151
2026-05-18 05:00:00,93.73,93.76,93.71,93.73,4605
2026-05-18 06:00:00,93.75,93.9,93.75,93.88,902
2026-05-18 07:00:00,93.86,93.92,93.86,93.91,696
2026-05-18 08:00:00,93.91,94.07,93.91,94.04,337
2026-05-18 09:00:00,94.05,94.05,93.97,93.99,1134
2026-05-18 10:00:00,94.0,94.15,94.0,94.12,294
2026-05-18 11:00:00,94.11,94.19,94.11,94.16,773
2026-05-18 12:00:00,94.16,94.16,94.08,94.12,2486
2026-05-18 13:00:00,94.12,94.17,94.12,94.15,3536
2026-05-18 14:00:00,94.15,94.15,94.09,94.1,2277
2026-05-18 15:00:00,94.1,94.19,94.1,94.16,4998
2026-05-18 16:00:00,94.15,94.15,93.97,93.99,1485
2026-05-18 17:00:00,94.0,94.02,93.95,93.99,2346
2026-05-18 18:00:00,93.99,94.2,93.99,94.17,1252
2026-05-18 19:00:00,94.16,94.22,94.16,94.19,3228
2026-05-18 20:00:00,94.18,94.33,94.18,94.28,3260
2026-05-18 21:00:00,94.27,94.47,94.27,94.42,2040
2026-05-18 22:00:00,94.42,94.42,94.33,94.34,4582
2026-05-18 23:00:00,94.35,94.53,94.35,94.52,4358
2026-05-19 00:00:00,94.52,94.56,94.47,94.51,3637
2026-05-19 01:00:00,94.51,94.56,94.49,94.51,2726
2026-05-19 02:00:00,94.51,94.51,94.32,94.35,1687
2026-05-19 03:00:00,94.36,94.37,94.33,94.35,4037
2026-05-19 04:00:00,94.34,94.46,94.34,94.44,249
2026-05-19 05:00:00,94.44,94.48,94.44,94.46,1321
2026-05-19 06:00:00,94.45,94.46,94.43,94.45,2817
2026-05-19 07:00:00,94.47,94.47,94.22,94.25,3861
2026-05-19 08:00:00,94.25,94.25,94.12,94.16,2556
2026-05-19 09:00:00,94.16,94.22,94.16,94.2,4015
2026-05-19 10:00:00,94.2,94.2,94.11,94.13,519
2026-05-19 11:00:00,94.14,94.14,94.06,94.11,496
2026-05-19 12:00:00,94.1,94.22,94.1,94.21,4380
2026-05-19 13:00:00,94.21,94.21,94.13,94.16,1512
2026-05-19 14:00:00,94.17,94.2,94.15,94.19,2137
2026-05-19 15:00:00,94.2,94.24,94.18,94.22,4671
2026-05-19 16:00:00,94.25,94.25,94.14,94.17,3543
2026-05-19 17:00:00,94.18,94.29,94.18,94.28,738
2026-05-19 18:00:00,94.3,94.3,94.2,94.24,3327
2026-05-19 19:00:00,94.24,94.24,94.15,94.17,4880
2026-05-19 20:00:00,94.16,94.16,94.09,94.11,2569
2026-05-19 21:00:00,94.12,94.13,94.05,94.09,2170
2026-05-19 22:00:00,94.08,94.21,94.08,94.17,4328
2026-05-19 23:00:00,94.18,94.29,94.18,94.24,177
2026-05-20 00:00:00,94.24,94.48,94.24,94.46,2267
2026-05-20 01:00:00,94.46,94.5,94.46,94.48,2281
2026-05-20 02:00:00,94.49,94.49,94.44,94.45,3724
2026-05-20 03:00:00,94.45,94.48,94.42,94.45,977
2026-05-20 04:00:00,94.45,94.54,94.45,94.5,1018
2026-05-20 05:00:00,94.5,94.5,94.36,94.38,1422
2026-05-20 06:00:00,94.39,94.42,94.37,94.4,2848
2026-05-20 07:00:00,94.41,94.58,94.41,94.54,1173
2026-05-20 08:00:00,94.55,94.55,94.53,94.53,2809
2026-05-20 09:00:00,94.54,94.54,94.47,94.5,4122
2026-05-20 10:00:00,94.5,94.5,94.38,94.41,3735
2026-05-20 11:00:00,94.41,94.58,94.41,94.57,3950
2026-05-20 12:00:00,94.57,94.57,94.53,94.55,1411
2026-05-20 13:00:00,94.54,94.54,94.51,94.53,1235
2026-05-20 14:00:00,94.54,94.54,94.45,94.48,2614
2026-05-20 15:00:00,94.47,94.54,94.47,94.5,4588
2026-05-20 16:00:00,94.49,94.52,94.48,94.5,2332
2026-05-20 17:00:00,94.5,94.53,94.49,94.51,631
2026-05-20 18:00:00,94.51,94.51,94.36,94.4,515
2026-05-20 19:00:00,94.4,94.55,94.4,94.52,3031
2026-05-20 20:00:00,94.51,94.51,94.43,94.44,753
2026-05-20 21:00:00,94.44,94.44,94.39,94.4,3374
2026-05-20 22:00:00,94.4,94.55,94.4,94.5,2226
2026-05-20 23:00:00,94.5,94.59,94.5,94.58,3553
2026-05-21 00:00:00,94.57,94.57,94.41,94.44,4187
2026-05-21 01:00:00,94.42,94.54,94.42,94.51,3638
2026-05-21 02:00:00,94.5,94.5,94.43,94.44,1733
2026-05-21 03:00:00,94.44,94.44,94.29,94.33,1784
2026-05-21 04:00:00,94.33,94.35,94.26,94.31,3438
2026-05-21 05:00:00,94.3,94.4,94.3,94.37,1253
2026-05-21 06:00:00,94.37,94.37,94.25,94.27,54
2026-05-21 07:00:00,94.28,94.37,94.28,94.34,2460
2026-05-21 08:00:00,94.34,94.34,94.28,94.31,1876
2026-05-21 09:00:00,94.31,94.35,94.31,94.34,4545
2026-05-21 10:00:00,94.33,94.44,94.33,94.42,2213
2026-05-21 11:00:00,94.42,94.42,94.33,94.37,733
2026-05-21 12:00:00,94.37,94.41,94.35,94.38,4440
2026-05-21 13:00:00,94.38,94.53,94.38,94.49,880
2026-05-21 14:00:00,94.5,94.56,94.5,94.54,1236
2026-05-21 15:00:00,94.53,94.72,94.53,94.69,3353
2026-05-21 16:00:00,94.69,94.86,94.69,94.85,1890
2026-05-21 17:00:00,94.85,94.85,94.8,94.81,3006
2026-05-21 18:00:00,94.81,94.9,94.81,94.86,1717
2026-05-21 19:00:00,94.86,94.86,94.73,94.75,3565
2026-05-21 20:00:00,94.75,94.89,94.75,94.86,643
2026-05-21 21:00:00,94.85,94.88,94.85,94.87,4603
2026-05-21 22:00:00,94.88,94.97,94.88,94.93,2692
2026-05-21 23:00:00,94.92,94.92,94.85,94.87,2982
2026-05-22 00:00:00,94.86,94.91,94.85,94.88,4703
2026-05-22 01:00:00,94.88,94.88,94.81,94.83,1927
2026-05-22 02:00:00,94.82,94.82,94.74,94.76,4093
2026-05-22 03:00:00,94.78,94.78,94.68,94.7,4172
2026-05-22 04:00:00,94.71,94.71,94.59,94.62,4186
2026-05-22 05:00:00,94.63,94.75,94.63,94.73,53
2026-05-22 06:00:00,94.72,94.72,94.61,94.64,4186
2026-05-22 07:00:00,94.64,94.65,94.58,94.63,1847
2026-05-22 08:00:00,94.63,94.63,94.53,94.56,2699
2026-05-22 09:00:00,94.56,94.56,94.44,94.48,1497
2026-05-22 10:00:00,94.49,94.52,94.48,94.5,2107
2026-05-22 11:00:00,94.49,94.6,94.49,94.57,2647
2026-05-22 12:00:00,94.56,94.56,94.45,94.49,3063
2026-05-22 13:00:00,94.5,94.61,94.5,94.6,2237
2026-05-22 14:00:00,94.59,94.76,94.59,94.75,85
2026-05-22 15:00:00,94.76,94.86,94.76,94.85,3916
2026-05-22 16:00:00,94.85,94.92,94.85,94.9,2248
2026-05-22 17:00:00,94.88,94.88,94.85,94.87,431
2026-05-22 18:00:00,94.87,94.87,94.8,94.81,3861
2026-05-22 19:00:00,94.8,94.9,94.8,94.87,2482
2026-05-22 20:00:00,94.86,94.97,94.86,94.95,614
2026-05-22 21:00:00,94.95,94.95,94.82,94.83,2362
2026-05-22 22:00:00,94.82,94.82,94.66,94.71,1499
2026-05-22 23:00:00,94.71,94.78,94.71,94.75,945
2026-05-23 00:00:00,94.76,94.82,94.75,94.79,390
2026-05-23 01:00:00,94.79,94.93,94.79,94.91,3781
2026-05-23 02:00:00,94.9,94.96,94.9,94.94,2993
2026-05-23 03:00:00,94.95,94.96,94.89,94.92,747
2026-05-23 04:00:00,94.92,94.92,94.8,94.81,4511
2026-05-23 05:00:00,94.82,94.84,94.8,94.82,358
2026-05-23 06:00:00,94.83,95.01,94.83,94.99,2102
2026-05-23 07:00:00,95.0,95.0,94.91,94.96,739
2026-05-23 08:00:00,94.97,95.15,94.97,95.12,456
2026-05-23 09:00:00,95.11,95.11,95.01,95.02,1693
2026-05-23 10:00:00,95.02,95.02,94.99,95.01,4287
2026-05-23 11:00:00,95.01,95.01,94.92,94.95,507
2026-05-23 12:00:00,94.96,95.14,94.96,95.13,2586
2026-05-23 13:00:00,95.14,95.14,95.1,95.11,1762
2026-05-23 14:00:00,95.12,95.32,95.12,95.27,2355
2026-05-23 15:00:00,95.27,95.37,95.27,95.33,2732
2026-05-23 16:00:00,95.32,95.32,95.27,95.29,870
2026-05-23 17:00:00,95.31,95.31,95.22,95.23,2751
2026-05-23 18:00:00,95.23,95.31,95.23,95.3,3139
2026-05-23 19:00:00,95.29,95.29,95.26,95.26,2664
2026-05-23 20:00:00,95.25,95.29,95.24,95.27,3824
2026-05-23 21:00:00,95.26,95.36,95.26,95.35,4018
2026-05-23 22:00:00,95.35,95.36,95.28,95.32,1700
2026-05-23 23:00:00,95.31,95.38,95.31,95.36,2302
2026-05-24 00:00:00,95.36,95.4,95.36,95.39,4593
2026-05-24 01:00:00,95.39,95.5,95.39,95.48,3149
2026-05-24 02:00:00,95.5,95.51,95.48,95.49,3670
2026-05-24 03:00:00,95.49,95.64,95.49,95.61,1425
2026-05-24 04:00:00,95.6,95.7,95.6,95.67,1260
2026-05-24 05:00:00,95.67,95.79,95.67,95.76,686
2026-05-24 06:00:00,95.76,95.88,95.76,95.85,2349
2026-05-24 07:00:00,95.85,95.91,95.84,95.87,4274
2026-05-24 08:00:00,95.88,95.89,95.84,95.86,2674
2026-05-24 09:00:00,95.85,95.88,95.85,95.86,4655
2026-05-24 10:00:00,95.87,95.89,95.84,95.87,220
2026-05-24 11:00:00,95.87,95.87,95.83,95.86,2216
2026-05-24 12:00:00,95.87,95.89,95.82,95.85,788
2026-05-24 13:00:00,95.85,95.86,95.84,95.85,4512
2026-05-24 14:00:00,95.86,96.0,95.86,95.99,1432
2026-05-24 15:00:00,96.0,96.0,95.88,95.91,138
2026-05-24 16:00:00,95.91,95.94,95.91,95.93,4557
2026-05-24 17:00:00,95.94,96.04,95.94,96.01,3565
2026-05-24 18:00:00,96.0,96.14,96.0,96.12,4215
2026-05-24 19:00:00,96.12,96.33,96.12,96.31,143
2026-05-24 20:00:00,96.3,96.3,96.21,96.23,4669
2026-05-24 21:00:00,96.21,96.29,96.21,96.27,1268
2026-05-24 22:00:00,96.27,96.35,96.27,96.34,1745
2026-05-24 23:00:00,96.34,96.34,96.3,96.31,2960
2026-05-25 00:00:00,96.32,96.38,96.32,96.38,177
2026-05-25 01:00:00,96.36,96.45,96.36,96.41,2125
2026-05-25 02:00:00,96.42,96.49,96.42,96.48,2653
2026-05-25 03:00:00,96.48,96.58,96.48,96.54,3772
2026-05-25 04:00:00,96.53,96.71,96.53,96.68,676
2026-05-25 05:00:00,96.67,96.74,96.66,96.69,2016
2026-05-25 06:00:00,96.69,96.69,96.53,96.57,2173
2026-05-25 07:00:00,96.58,96.58,96.41,96.47,2150
2026-05-25 08:00:00,96.48,96.57,96.48,96.56,1985
2026-05-25 09:00:00,96.55,96.57,96.53,96.55,428
2026-05-25 10:00:00,96.55,96.74,96.55,96.7,212
2026-05-25 11:00:00,96.68,96.78,96.67,96.72,4252
2026-05-25 12:00:00,96.73,96.73,96.62,96.63,2370
2026-05-25 13:00:00,96.62,96.75,96.62,96.71,4566
2026-05-25 14:00:00,96.7,96.87,96.7,96.86,1815
2026-05-25 15:00:00,96.86,96.88,96.83,96.86,3799
2026-05-25 16:00:00,96.85,96.85,96.77,96.78,4950
2026-05-25 17:00:00,96.77,96.89,96.77,96.85,2195
2026-05-25 18:00:00,96.85,96.85,96.72,96.73,1984
2026-05-25 19:00:00,96.73,96.73,96.67,96.69,1694
2026-05-25 20:00:00,96.7,96.77,96.67,96.72,2278
2026-05-25 21:00:00,96.73,96.81,96.73,96.8,4845
2026-05-25 22:00:00,96.8,96.8,96.65,96.69,892
2026-05-25 23:00:00,96.68,96.78,96.68,96.76,75
2026-05-26 00:00:00,96.75,96.75,96.64,96.66,2608
2026-05-26 01:00:00,96.66,96.83,96.66,96.8,3043
2026-05-26 02:00:00,96.79,96.8,96.77,96.78,249
2026-05-26 03:00:00,96.78,96.78,96.73,96.75,1938
2026-05-26 04:00:00,96.73,96.8,96.73,96.79,3210
2026-05-26 05:00:00,96.81,96.81,96.74,96.79,4490
2026-05-26 06:00:00,96.79,96.79,96.62,96.64,3581
2026-05-26 07:00:00,96.63,96.65,96.6,96.62,2363
2026-05-26 08:00:00,96.6,96.87,96.6,96.84,1443
2026-05-26 09:00:00,96.82,96.91,96.82,96.89,1783
2026-05-26 10:00:00,96.9,96.96,96.89,96.92,1668
2026-05-26 11:00:00,96.92,96.99,96.92,96.96,299
2026-05-26 12:00:00,96.99,96.99,96.94,96.96,972
2026-05-26 13:00:00,96.96,96.96,96.83,96.86,1532
2026-05-26 14:00:00,96.87,96.9,96.87,96.9,3762
2026-05-26 15:00:00,96.89,96.89,96.84,96.85,2618
2026-05-26 16:00:00,96.86,96.86,96.77,96.8,435
2026-05-26 17:00:00,96.82,96.82,96.7,96.72,981
2026-05-26 18:00:00,96.72,96.72,96.61,96.64,4578
2026-05-26 19:00:00,96.63,96.67,96.62,96.65,4824
2026-05-26 20:00:00,96.64,96.74,96.64,96.74,4207
2026-05-26 21:00:00,96.74,96.91,96.74,96.9,3097
2026-05-26 22:00:00,96.91,96.91,96.72,96.74,4697
2026-05-26 23:00:00,96.74,96.86,96.74,96.85,1583
2026-05-27 00:00:00,96.85,96.85,96.48,96.51,4494
2026-05-27 01:00:00,96.5,96.5,96.41,96.42,828
2026-05-27 02:00:00,96.4,96.4,96.21,96.24,2492
2026-05-27 03:00:00,96.22,96.39,96.22,96.37,2087
2026-05-27 04:00:00,96.36,96.36,96.28,96.3,388
2026-05-27 05:00:00,96.3,96.4,96.3,96.38,678
2026-05-27 06:00:00,96.38,96.48,96.38,96.47,758
2026-05-27 07:00:00,96.47,96.56,96.47,96.53,2978
2026-05-27 08:00:00,96.54,96.61,96.54,96.57,2770
2026-05-27 09:00:00,96.58,96.65,96.58,96.63,2416
2026-05-27 10:00:00,96.63,96.74,96.63,96.73,2335
2026-05-27 11:00:00,96.72,96.8,96.72,96.78,3597
2026-05-27 12:00:00,96.78,96.82,96.78,96.81,571
2026-05-27 13:00:00,96.83,96.83,96.71,96.74,4927
2026-05-27 14:00:00,96.74,96.74,96.56,96.58,2749
2026-05-27 15:00:00,96.57,96.72,96.57,96.7,3150
2026-05-27 16:00:00,96.71,96.78,96.71,96.77,1495
2026-05-27 17:00:00,96.78,96.8,96.75,96.77,482
2026-05-27 18:00:00,96.78,96.78,96.69,96.72,3898
2026-05-27 19:00:00,96.72,96.72,96.69,96.7,4684
2026-05-27 20:00:00,96.7,96.73,96.7,96.71,1641
2026-05-27 21:00:00,96.7,96.7,96.62,96.65,35
2026-05-27 22:00:00,96.64,96.64,96.53,96.55,52
2026-05-27 23:00:00,96.55,96.55,96.51,96.53,1833
2026-05-28 00:00:00,96.54,96.62,96.54,96.61,471
2026-05-28 01:00:00,96.61,96.61,96.51,96.52,442
2026-05-28 02:00:00,96.52,96.58,96.52,96.55,3391
2026-05-28 03:00:00,96.56,96.64,96.56,96.61,4717
2026-05-28 04:00:00,96.63,96.63,96.57,96.59,185
2026-05-28 05:00:00,96.58,96.58,96.48,96.51,3009
2026-05-28 06:00:00,96.5,96.64,96.5,96.63,3578
2026-05-28 07:00:00,96.61,96.75,96.61,96.69,1252
2026-05-28 08:00:00,96.69,96.81,96.69,96.76,1556
2026-05-28 09:00:00,96.78,96.83,96.78,96.81,1205
2026-05-28 10:00:00,96.81,96.99,96.81,96.97,2601
2026-05-28 11:00:00,96.98,97.06,96.98,97.01,3710
2026-05-28 12:00:00,97.01,97.06,96.97,97.02,4044
2026-05-28 13:00:00,97.01,97.1,97.01,97.07,3711
2026-05-28 14:00:00,97.07,97.14,97.07,97.12,1424
2026-05-28 15:00:00,97.13,97.25,97.13,97.22,854
2026-05-28 16:00:00,97.23,97.39,97.23,97.36,858
2026-05-28 17:00:00,97.37,97.37,97.22,97.24,2511
2026-05-28 18:00:00,97.24,97.35,97.24,97.32,1036
2026-05-28 19:00:00,97.32,97.32,97.26,97.27,3902
2026-05-28 20:00:00,97.26,97.26,97.17,97.21,4298
2026-05-28 21:00:00,97.22,97.22,97.06,97.09,974
2026-05-28 22:00:00,97.07,97.07,97.02,97.04,1096
2026-05-28 23:00:00,97.03,97.03,96.89,96.92,1971
2026-05-29 00:00:00,96.9,96.97,96.89,96.94,239
2026-05-29 01:00:00,96.94,96.97,96.91,96.93,2086
2026-05-29 02:00:00,96.94,97.03,96.94,97.02,1492
2026-05-29 03:00:00,97.03,97.04,97.02,97.03,2121
2026-05-29 04:00:00,97.02,97.02,96.85,96.89,2113
2026-05-29 05:00:00,96.9,96.93,96.84,96.88,3231
2026-05-29 06:00:00,96.87,96.98,96.87,96.95,4790
2026-05-29 07:00:00,96.97,96.97,96.83,96.85,2143
2026-05-29 08:00:00,96.84,96.89,96.84,96.88,2074
2026-05-29 09:00:00,96.9,97.06,96.9,97.02,377
2026-05-29 10:00:00,97.01,97.01,96.85,96.91,4126
2026-05-29 11:00:00,96.89,96.94,96.89,96.91,956
2026-05-29 12:00:00,96.91,97.13,96.91,97.11,701
2026-05-29 13:00:00,97.11,97.19,97.11,97.17,4177
2026-05-29 14:00:00,97.16,97.25,97.16,97.22,1800
2026-05-29 15:00:00,97.23,97.28,97.23,97.27,1405
2026-05-29 16:00:00,97.27,97.31,97.27,97.29,1894
2026-05-29 17:00:00,97.27,97.27,97.22,97.25,4641
2026-05-29 18:00:00,97.24,97.33,97.24,97.3,4943
2026-05-29 19:00:00,97.3,97.4,97.3,97.38,2148
2026-05-29 20:00:00,97.4,97.5,97.4,97.47,4108
2026-05-29 21:00:00,97.46,97.55,97.46,97.53,1585
2026-05-29 22:00:00,97.53,97.61,97.53,97.57,790
2026-05-29 23:00:00,97.56,97.56,97.45,97.48,811
2026-05-30 00:00:00,97.48,97.54,97.48,97.51,1740
2026-05-30 01:00:00,97.5,97.57,97.5,97.56,2846
2026-05-30 02:00:00,97.57,97.68,97.57,97.64,4423
2026-05-30 03:00:00,97.63,97.63,97.52,97.53,3497
2026-05-30 04:00:00,97.52,97.6,97.52,97.59,1062
2026-05-30 05:00:00,97.59,97.59,97.51,97.53,4755
2026-05-30 06:00:00,97.53,97.59,97.53,97.58,343
2026-05-30 07:00:00,97.57,97.77,97.57,97.74,4672
2026-05-30 08:00:00,97.72,97.78,97.72,97.76,3583
2026-05-30 09:00:00,97.77,97.77,97.72,97.74,4775
2026-05-30 10:00:00,97.72,97.72,97.56,97.58,1212
2026-05-30 11:00:00,97.58,97.58,97.44,97.45,508
2026-05-30 12:00:00,97.45,97.45,97.36,97.39,2275
2026-05-30 13:00:00,97.37,97.49,97.37,97.48,947
2026-05-30 14:00:00,97.48,97.5,97.46,97.48,209
2026-05-30 15:00:00,97.48,97.61,97.48,97.59,2240
2026-05-30 16:00:00,97.59,97.66,97.59,97.64,4427
2026-05-30 17:00:00,97.63,97.66,97.63,97.65,2346
2026-05-30 18:00:00,97.65,97.65,97.6,97.61,2433
2026-05-30 19:00:00,97.61,97.65,97.59,97.61,574
2026-05-30 20:00:00,97.61,97.68,97.61,97.66,279
2026-05-30 21:00:00,97.65,97.65,97.54,97.57,1481
2026-05-30 22:00:00,97.57,97.6,97.54,97.56,642
2026-05-30 23:00:00,97.56,97.56,97.38,97.41,733
2026-05-31 00:00:00,97.41,97.41,97.34,97.37,3849
2026-05-31 01:00:00,97.37,97.37,97.29,97.31,2604
2026-05-31 02:00:00,97.31,97.51,97.31,97.47,4666
2026-05-31 03:00:00,97.47,97.47,97.42,97.44,2965
2026-05-31 04:00:00,97.44,97.44,97.34,97.36,2614
2026-05-31 05:00:00,97.37,97.5,97.37,97.47,968
2026-05-31 06:00:00,97.46,97.46,97.4,97.41,1819
2026-05-31 07:00:00,97.42,97.63,97.42,97.59,3595
2026-05-31 08:00:00,97.58,97.58,97.5,97.52,2297
2026-05-31 09:00:00,97.53,97.53,97.44,97.48,1256
2026-05-31 10:00:00,97.48,97.48,97.39,97.4,2676
2026-05-31 11:00:00,97.41,97.41,97.3,97.34,1442
2026-05-31 12:00:00,97.33,97.36,97.29,97.32,2143
2026-05-31 13:00:00,97.33,97.33,97.25,97.26,1665
2026-05-31 14:00:00,97.26,97.26,97.23,97.24,1351
2026-05-31 15:00:00,97.23,97.23,97.16,97.17,1820
2026-05-31 16:00:00,97.19,97.2,97.16,97.18,73
2026-05-31 17:00:00,97.19,97.19,97.14,97.16,3687
2026-05-31 18:00:00,97.18,97.34,97.18,97.32,4122
2026-05-31 19:00:00,97.32,97.32,97.16,97.19,683
2026-05-31 20:00:00,97.19,97.19,97.08,97.1,4185
2026-05-31 21:00:00,97.09,97.22,97.09,97.2,874
2026-05-31 22:00:00,97.2,97.21,97.15,97.18,916
2026-05-31 23:00:00,97.19,97.19,97.12,97.13,1756
2026-06-01 00:00:00,97.12,97.27,97.12,97.26,2234
2026-06-01 01:00:00,97.26,97.33,97.26,97.3,1872
2026-06-01 02:00:00,97.3,97.45,97.3,97.42,4318
2026-06-01 03:00:00,97.41,97.41,97.28,97.3,2190
2026-06-01 04:00:00,97.3,97.36,97.3,97.35,4554
2026-06-01 05:00:00,97.35,97.44,97.35,97.42,3720
2026-06-01 06:00:00,97.41,97.41,97.31,97.33,439
2026-06-01 07:00:00,97.33,97.33,97.27,97.29,2925
2026-06-01 08:00:00,97.3,97.35,97.3,97.33,4793
2026-06-01 09:00:00,97.34,97.34,97.26,97.29,4055
2026-06-01 10:00:00,97.28,97.38,97.28,97.36,4705
2026-06-01 11:00:00,97.34,97.43,97.34,97.39,778
2026-06-01 12:00:00,97.37,97.43,97.37,97.42,2021
2026-06-01 13:00:00,97.43,97.43,97.24,97.27,4820
2026-06-01 14:00:00,97.27,97.27,97.15,97.16,3800
2026-06-01 15:00:00,97.17,97.17,97.08,97.12,203
2026-06-01 16:00:00,97.1,97.13,97.1,97.12,1851
2026-06-01 17:00:00,97.13,97.13,96.89,96.92,22
2026-06-01 18:00:00,96.94,96.96,96.9,96.93,3907
2026-06-01 19:00:00,96.92,96.92,96.87,96.88,514
2026-06-01 20:00:00,96.87,97.03,96.87,97.0,4659
2026-06-01 21:00:00,97.01,97.07,97.01,97.05,2081
2026-06-01 22:00:00,97.06,97.06,96.94,96.97,3523
2026-06-01 23:00:00,96.97,97.04,96.95,97.01,3018
2026-06-02 00:00:00,97.02,97.08,97.02,97.06,4002
2026-06-02 01:00:00,97.07,97.07,96.98,97.01,1570
2026-06-02 02:00:00,97.01,97.13,97.01,97.11,3555
2026-06-02 03:00:00,97.11,97.11,97.01,97.03,4068
2026-06-02 04:00:00,97.04,97.04,96.98,96.99,4889
2026-06-02 05:00:00,97.0,97.01,96.95,96.98,2255
2026-06-02 06:00:00,96.97,97.1,96.97,97.05,887
2026-06-02 07:00:00,97.05,97.05,96.93,96.96,1871
2026-06-02 08:00:00,96.95,96.95,96.82,96.84,4517
2026-06-02 09:00:00,96.84,96.84,96.72,96.76,1758
2026-06-02 10:00:00,96.77,96.84,96.77,96.82,1346
2026-06-02 11:00:00,96.81,96.81,96.7,96.72,611
2026-06-02 12:00:00,96.73,96.8,96.73,96.77,1418
2026-06-02 13:00:00,96.76,96.91,96.76,96.87,991
2026-06-02 14:00:00,96.86,96.86,96.79,96.81,4726
2026-06-02 15:00:00,96.8,96.8,96.57,96.59,775
2026-06-02 16:00:00,96.59,96.61,96.53,96.57,3212
2026-06-02 17:00:00,96.55,96.55,96.47,96.48,4157
2026-06-02 18:00:00,96.48,96.48,96.38,96.4,567
2026-06-02 19:00:00,96.39,96.54,96.39,96.51,3054
2026-06-02 20:00:00,96.51,96.63,96.51,96.62,4247
2026-06-02 21:00:00,96.62,96.8,96.62,96.75,4612
2026-06-02 22:00:00,96.74,96.89,96.74,96.86,4406
2026-06-02 23:00:00,96.86,96.86,96.74,96.75,3616
2026-06-03 00:00:00,96.76,96.87,96.76,96.84,4712
2026-06-03 01:00:00,96.85,96.85,96.79,96.8,3547
2026-06-03 02:00:00,96.78,96.8,96.78,96.79,4208
2026-06-03 03:00:00,96.79,96.91,96.79,96.88,4635
2026-06-03 04:00:00,96.89,96.94,96.89,96.92,2112
2026-06-03 05:00:00,96.93,96.93,96.87,96.89,1720
2026-06-03 06:00:00,96.89,96.9,96.81,96.86,339
2026-06-03 07:00:00,96.87,96.87,96.79,96.81,503
2026-06-03 08:00:00,96.79,96.87,96.79,96.86,3257
2026-06-03 09:00:00,96.87,96.87,96.82,96.85,4412
2026-06-03 10:00:00,96.86,97.01,96.86,96.98,2136
2026-06-03 11:00:00,96.98,97.04,96.98,97.02,4499
2026-06-03 12:00:00,97.01,97.15,97.01,97.12,2605
2026-06-03 13:00:00,97.11,97.22,97.11,97.2,3590
2026-06-03 14:00:00,97.2,97.2,97.15,97.18,4691
2026-06-03 15:00:00,97.17,97.17,96.98,97.01,1616
2026-06-03 16:00:00,97.03,97.03,96.91,96.94,3768
2026-06-03 17:00:00,96.93,97.08,96.93,97.07,2964
2026-06-03 18:00:00,97.06,97.09,97.03,97.06,472
2026-06-03 19:00:00,97.07,97.11,97.03,97.08,2972
2026-06-03 20:00:00,97.08,97.08,97.02,97.03,1995
2026-06-03 21:00:00,97.02,97.19,97.02,97.17,2115
2026-06-03 22:00:00,97.17,97.17,97.04,97.06,1060
2026-06-03 23:00:00,97.09,97.09,96.98,97.01,1009
2026-06-04 00:00:00,97.02,97.02,96.83,96.84,2805
2026-06-04 01:00:00,96.86,96.86,96.72,96.73,4200
2026-06-04 02:00:00,96.75,96.75,96.61,96.64,536
2026-06-04 03:00:00,96.65,96.68,96.62,96.66,1965
2026-06-04 04:00:00,96.67,96.67,96.6,96.62,2002
2026-06-04 05:00:00,96.64,96.64,96.57,96.59,1326
2026-06-04 06:00:00,96.62,96.62,96.56,96.58,4592
2026-06-04 07:00:00,96.57,96.58,96.52,96.55,1761
2026-06-04 08:00:00,96.54,96.54,96.43,96.45,1100
2026-06-04 09:00:00,96.45,96.45,96.36,96.38,4024
2026-06-04 10:00:00,96.36,96.36,96.29,96.3,826
2026-06-04 11:00:00,96.3,96.39,96.3,96.36,1034
2026-06-04 12:00:00,96.37,96.41,96.37,96.4,3746
2026-06-04 13:00:00,96.39,96.39,96.3,96.34,2801
2026-06-04 14:00:00,96.34,96.34,96.3,96.32,141
2026-06-04 15:00:00,96.32,96.32,96.2,96.22,1130
2026-06-04 16:00:00,96.22,96.22,95.98,96.02,1764
2026-06-04 17:00:00,96.01,96.01,95.94,95.95,1742
2026-06-04 18:00:00,95.95,95.95,95.86,95.89,4086
2026-06-04 19:00:00,95.88,95.93,95.88,95.91,1481
2026-06-04 20:00:00,95.91,95.91,95.67,95.7,2084
2026-06-04 21:00:00,95.7,95.75,95.7,95.74,2109
2026-06-04 22:00:00,95.73,95.93,95.73,95.89,1312
2026-06-04 23:00:00,95.9,95.9,95.8,95.82,3102
2026-06-05 00:00:00,95.84,95.95,95.84,95.93,2240
2026-06-05 01:00:00,95.94,95.94,95.76,95.81,2717
2026-06-05 02:00:00,95.79,95.92,95.79,95.88,2808
2026-06-05 03:00:00,95.88,95.91,95.88,95.9,713
2026-06-05 04:00:00,95.9,95.9,95.78,95.8,2393
2026-06-05 05:00:00,95.81,95.84,95.77,95.8,4380
2026-06-05 06:00:00,95.82,95.82,95.65,95.67,3703
2026-06-05 07:00:00,95.65,95.65,95.5,95.53,1681
2026-06-05 08:00:00,95.55,95.55,95.52,95.53,2027
2026-06-05 09:00:00,95.51,95.51,95.46,95.47,916
2026-06-05 10:00:00,95.48,95.57,95.48,95.52,1212
2026-06-05 11:00:00,95.52,95.52,95.45,95.48,3643
2026-06-05 12:00:00,95.48,95.54,95.48,95.52,133
2026-06-05 13:00:00,95.53,95.53,95.43,95.45,4822
2026-06-05 14:00:00,95.44,95.44,95.42,95.43,3624
2026-06-05 15:00:00,95.43,95.43,95.23,95.25,1223
2026-06-05 16:00:00,95.25,95.25,95.2,95.21,1741
2026-06-05 17:00:00,95.22,95.22,95.17,95.18,949
2026-06-05 18:00:00,95.19,95.19,95.12,95.13,848
2026-06-05 19:00:00,95.14,95.19,95.13,95.15,4463
2026-06-05 20:00:00,95.14,95.21,95.14,95.19,3653
2026-06-05 21:00:00,95.19,95.19,95.09,95.12,2199
2026-06-05 22:00:00,95.14,95.26,95.14,95.22,4592
2026-06-05 23:00:00,95.22,95.28,95.22,95.27,931
2026-06-06 00:00:00,95.26,95.31,95.26,95.29,2099
2026-06-06 01:00:00,95.28,95.28,95.22,95.24,3467
2026-06-06 02:00:00,95.24,95.24,95.13,95.16,1111
2026-06-06 03:00:00,95.18,95.2,95.16,95.18,4010
2026-06-06 04:00:00,95.17,95.23,95.17,95.23,3764
2026-06-06 05:00:00,95.22,95.25,95.22,95.23,126
2026-06-06 06:00:00,95.24,95.36,95.24,95.35,3892
2026-06-06 07:00:00,95.36,95.43,95.36,95.4,4959
2026-06-06 08:00:00,95.4,95.4,95.36,95.37,2520
2026-06-06 09:00:00,95.35,95.52,95.35,95.49,1068
2026-06-06 10:00:00,95.48,95.6,95.48,95.56,4716
2026-06-06 11:00:00,95.57,95.69,95.57,95.67,720
2026-06-06 12:00:00,95.67,95.67,95.6,95.63,2607
2026-06-06 13:00:00,95.64,95.65,95.6,95.62,4957
2026-06-06 14:00:00,95.61,95.7,95.61,95.65,4897
2026-06-06 15:00:00,95.65,95.74,95.65,95.72,3597
2026-06-06 16:00:00,95.71,95.74,95.71,95.73,3096
2026-06-06 17:00:00,95.75,95.91,95.75,95.89,1114
2026-06-06 18:00:00,95.88,95.88,95.77,95.79,2682
2026-06-06 19:00:00,95.8,95.8,95.64,95.67,1912
2026-06-06 20:00:00,95.67,95.67,95.62,95.64,4035
2026-06-06 21:00:00,95.62,95.66,95.62,95.65,2515
2026-06-06 22:00:00,95.64,95.67,95.62,95.64,330
2026-06-06 23:00:00,95.63,95.8,95.63,95.78,488
2026-06-07 00:00:00,95.76,95.86,95.76,95.84,4255
2026-06-07 01:00:00,95.84,95.84,95.68,95.7,3130
2026-06-07 02:00:00,95.7,95.7,95.55,95.58,165
2026-06-07 03:00:00,95.57,95.57,95.25,95.28,3393
2026-06-07 04:00:00,95.28,95.35,95.25,95.31,858
2026-06-07 05:00:00,95.29,95.38,95.29,95.37,4118
2026-06-07 06:00:00,95.37,95.41,95.36,95.39,990
2026-06-07 07:00:00,95.4,95.46,95.39,95.42,3451
2026-06-07 08:00:00,95.41,95.47,95.37,95.43,4990
2026-06-07 09:00:00,95.42,95.46,95.42,95.45,1507
2026-06-07 10:00:00,95.47,95.47,95.37,95.41,1299
2026-06-07 11:00:00,95.44,95.44,95.27,95.33,4127
2026-06-07 12:00:00,95.31,95.31,95.28,95.29,1152
2026-06-07 13:00:00,95.3,95.3,95.16,95.19,2667
2026-06-07 14:00:00,95.2,95.29,95.2,95.25,1478
2026-06-07 15:00:00,95.26,95.35,95.26,95.33,4094
2026-06-07 16:00:00,95.33,95.51,95.33,95.46,137
2026-06-07 17:00:00,95.45,95.47,95.38,95.42,1287
2026-06-07 18:00:00,95.44,95.52,95.44,95.51,464
2026-06-07 19:00:00,95.5,95.5,95.42,95.43,602
2026-06-07 20:00:00,95.42,95.6,95.42,95.57,3356
2026-06-07 21:00:00,95.57,95.57,95.34,95.37,2068
2026-06-07 22:00:00,95.37,95.37,95.26,95.3,1951
2026-06-07 23:00:00,95.3,95.3,95.24,95.26,3253
2026-06-08 00:00:00,95.25,95.25,95.18,95.22,2625
2026-06-08 01:00:00,95.21,95.21,95.07,95.08,1579
2026-06-08 02:00:00,95.09,95.12,95.09,95.11,4991
2026-06-08 03:00:00,95.1,95.1,95.02,95.03,2541
2026-06-08 04:00:00,95.05,95.08,95.05,95.07,737
2026-06-08 05:00:00,95.05,95.27,95.05,95.23,4190
2026-06-08 06:00:00,95.23,95.23,95.16,95.21,4860
2026-06-08 07:00:00,95.21,95.21,95.06,95.11,1070
2026-06-08 08:00:00,95.1,95.16,95.1,95.13,4567
2026-06-08 09:00:00,95.12,95.19,95.12,95.19,684
2026-06-08 10:00:00,95.2,95.36,95.2,95.33,2009
2026-06-08 11:00:00,95.32,95.39,95.32,95.37,4060
2026-06-08 12:00:00,95.38,95.54,95.38,95.51,3563
2026-06-08 13:00:00,95.52,95.52,95.44,95.47,1565
2026-06-08 14:00:00,95.45,95.56,95.45,95.55,2116
2026-06-08 15:00:00,95.55,95.55,95.49,95.51,762
2026-06-08 16:00:00,95.51,95.64,95.51,95.61,717
2026-06-08 17:00:00,95.61,95.61,95.58,95.59,59
2026-06-08 18:00:00,95.59,95.59,95.55,95.56,776
2026-06-08 19:00:00,95.57,95.57,95.5,95.52,4172
2026-06-08 20:00:00,95.51,95.57,95.51,95.54,291
2026-06-08 21:00:00,95.57,95.58,95.5,95.54,4944
2026-06-08 22:00:00,95.55,95.55,95.52,95.54,3048
2026-06-08 23:00:00,95.53,95.68,95.53,95.64,4846
2026-06-09 00:00:00,95.63,95.63,95.53,95.57,4995
2026-06-09 01:00:00,95.57,95.57,95.51,95.53,186
2026-06-09 02:00:00,95.52,95.66,95.52,95.65,147
2026-06-09 03:00:00,95.65,95.65,95.49,95.51,3100
2026-06-09 04:00:00,95.5,95.5,95.41,95.44,3833
2026-06-09 05:00:00,95.45,95.54,95.45,95.53,4138
2026-06-09 06:00:00,95.54,95.68,95.54,95.67,62
2026-06-09 07:00:00,95.67,95.75,95.67,95.74,4112
2026-06-09 08:00:00,95.75,95.8,95.71,95.77,356
2026-06-09 09:00:00,95.77,95.83,95.72,95.78,4630
2026-06-09 10:00:00,95.77,95.84,95.73,95.79,3399
2026-06-09 11:00:00,95.79,95.79,95.56,95.61,2973
2026-06-09 12:00:00,95.61,95.62,95.59,95.6,2194
2026-06-09 13:00:00,95.6,95.66,95.57,95.62,3378
