Timestamp (UTC),Open,High,Low,Close,BRN Nov26: Volume
2026-05-01 00:00:00,89.83,89.84,89.8,89.82,1336
2026-05-01 01:00:00,89.83,89.86,89.83,89.85,4761
2026-05-01 02:00:00,89.86,90.0,89.86,89.99,2547
2026-05-01 03:00:00,90.0,90.0,89.92,89.93,107
2026-05-01 04:00:00,89.93,89.93,89.67,89.69,1330
2026-05-01 05:00:00,89.69,89.79,89.69,89.75,2575
2026-05-01 06:00:00,89.76,89.76,89.64,89.66,3604
2026-05-01 07:00:00,89.67,89.7,89.65,89.68,2361
2026-05-01 08:00:00,89.68,89.68,89.56,89.59,964
2026-05-01 09:00:00,89.59,89.7,89.59,89.67,4951
2026-05-01 10:00:00,89.68,89.77,89.68,89.75,232
2026-05-01 11:00:00,89.75,89.75,89.6,89.61,3785
2026-05-01 12:00:00,89.6,89.6,89.57,89.58,1564
2026-05-01 13:00:00,89.58,89.58,89.53,89.55,4605
2026-05-01 14:00:00,89.55,89.57,89.52,89.54,1685
2026-05-01 15:00:00,89.56,89.65,89.56,89.63,3231
2026-05-01 16:00:00,89.62,89.73,89.62,89.72,2570
2026-05-01 17:00:00,89.7,89.72,89.67,89.7,3659
2026-05-01 18:00:00,89.7,89.72,89.67,89.69,1665
2026-05-01 19:00:00,89.7,89.7,89.67,89.68,509
2026-05-01 20:00:00,89.69,89.71,89.66,89.69,1955
2026-05-01 21:00:00,89.69,89.69,89.63,89.65,4211
2026-05-01 22:00:00,89.65,89.7,89.65,89.68,586
2026-05-01 23:00:00,89.68,89.68,89.63,89.65,192
2026-05-02 00:00:00,89.64,89.76,89.64,89.75,4395
2026-05-02 01:00:00,89.76,89.8,89.76,89.79,2604
2026-05-02 02:00:00,89.78,89.78,89.68,89.72,4696
2026-05-02 03:00:00,89.71,89.71,89.69,89.7,1716
2026-05-02 04:00:00,89.7,89.73,89.68,89.7,4445
2026-05-02 05:00:00,89.7,89.71,89.63,89.66,4211
2026-05-02 06:00:00,89.67,89.73,89.67,89.72,1720
2026-05-02 07:00:00,89.73,89.81,89.73,89.79,2032
2026-05-02 08:00:00,89.8,89.86,89.8,89.83,842
2026-05-02 09:00:00,89.84,89.91,89.84,89.89,3865
2026-05-02 10:00:00,89.88,90.02,89.88,89.99,1151
2026-05-02 11:00:00,90.0,90.0,89.93,89.96,3174
2026-05-02 12:00:00,89.95,89.95,89.89,89.92,2581
2026-05-02 13:00:00,89.93,90.04,89.93,90.03,3445
2026-05-02 14:00:00,90.03,90.03,89.92,89.94,3130
2026-05-02 15:00:00,89.93,90.03,89.93,90.02,4560
2026-05-02 16:00:00,90.02,90.02,89.93,89.94,571
2026-05-02 17:00:00,89.95,89.95,89.91,89.92,651
2026-05-02 18:00:00,89.91,89.95,89.88,89.91,1651
2026-05-02 19:00:00,89.92,89.92,89.71,89.72,341
2026-05-02 20:00:00,89.72,89.82,89.72,89.8,305
2026-05-02 21:00:00,89.82,89.82,89.69,89.7,971
2026-05-02 22:00:00,89.7,89.7,89.66,89.68,3477
2026-05-02 23:00:00,89.67,89.73,89.67,89.7,3912
2026-05-03 00:00:00,89.69,89.71,89.65,89.68,104
2026-05-03 01:00:00,89.67,89.75,89.67,89.71,1380
2026-05-03 02:00:00,89.71,89.8,89.71,89.76,1590
2026-05-03 03:00:00,89.77,89.84,89.77,89.81,4956
2026-05-03 04:00:00,89.81,89.85,89.81,89.82,3462
2026-05-03 05:00:00,89.82,89.82,89.78,89.8,1602
2026-05-03 06:00:00,89.8,89.86,89.79,89.83,1991
2026-05-03 07:00:00,89.82,89.82,89.72,89.75,3743
2026-05-03 08:00:00,89.76,89.9,89.76,89.87,4868
2026-05-03 09:00:00,89.87,89.94,89.87,89.93,476
2026-05-03 10:00:00,89.92,89.94,89.87,89.89,3949
2026-05-03 11:00:00,89.89,89.92,89.89,89.9,417
2026-05-03 12:00:00,89.9,89.98,89.9,89.95,172
2026-05-03 13:00:00,89.97,90.04,89.97,90.01,2124
2026-05-03 14:00:00,90.0,90.15,90.0,90.13,3206
2026-05-03 15:00:00,90.13,90.16,90.13,90.14,2101
2026-05-03 16:00:00,90.13,90.26,90.13,90.23,4536
2026-05-03 17:00:00,90.22,90.33,90.22,90.31,2745
2026-05-03 18:00:00,90.32,90.32,90.19,90.22,2642
2026-05-03 19:00:00,90.22,90.26,90.22,90.25,3444
2026-05-03 20:00:00,90.27,90.27,90.18,90.2,578
2026-05-03 21:00:00,90.22,90.25,90.22,90.24,4234
2026-05-03 22:00:00,90.23,90.29,90.21,90.25,2486
2026-05-03 23:00:00,90.25,90.41,90.25,90.39,654
2026-05-04 00:00:00,90.37,90.45,90.37,90.42,73
2026-05-04 01:00:00,90.41,90.5,90.41,90.49,1857
2026-05-04 02:00:00,90.46,90.46,90.34,90.38,4790
2026-05-04 03:00:00,90.39,90.39,90.29,90.31,4342
2026-05-04 04:00:00,90.32,90.32,90.22,90.24,4229
2026-05-04 05:00:00,90.23,90.31,90.23,90.29,3907
2026-05-04 06:00:00,90.29,90.39,90.29,90.36,1997
2026-05-04 07:00:00,90.37,90.37,90.3,90.31,3448
2026-05-04 08:00:00,90.32,90.36,90.32,90.34,1628
2026-05-04 09:00:00,90.34,90.38,90.33,90.35,2576
2026-05-04 10:00:00,90.34,90.35,90.3,90.34,585
2026-05-04 11:00:00,90.35,90.35,90.24,90.29,4285
2026-05-04 12:00:00,90.3,90.34,90.3,90.32,4225
2026-05-04 13:00:00,90.31,90.42,90.31,90.4,4206
2026-05-04 14:00:00,90.4,90.48,90.4,90.45,59
2026-05-04 15:00:00,90.44,90.6,90.44,90.56,170
2026-05-04 16:00:00,90.58,90.58,90.42,90.46,2013
2026-05-04 17:00:00,90.46,90.46,90.37,90.41,4902
2026-05-04 18:00:00,90.42,90.55,90.42,90.53,2602
2026-05-04 19:00:00,90.51,90.59,90.51,90.58,3095
2026-05-04 20:00:00,90.57,90.59,90.54,90.55,4914
2026-05-04 21:00:00,90.57,90.79,90.57,90.77,1964
2026-05-04 22:00:00,90.77,90.77,90.68,90.7,44
2026-05-04 23:00:00,90.69,90.69,90.62,90.63,92
2026-05-05 00:00:00,90.62,90.72,90.62,90.69,4482
2026-05-05 01:00:00,90.7,90.7,90.62,90.63,3377
2026-05-05 02:00:00,90.63,90.66,90.63,90.64,3279
2026-05-05 03:00:00,90.63,90.63,90.52,90.55,4948
2026-05-05 04:00:00,90.53,90.54,90.51,90.53,1957
2026-05-05 05:00:00,90.52,90.57,90.51,90.53,2004
2026-05-05 06:00:00,90.53,90.69,90.53,90.64,3173
2026-05-05 07:00:00,90.63,90.74,90.63,90.69,1718
2026-05-05 08:00:00,90.7,90.7,90.63,90.64,3894
2026-05-05 09:00:00,90.64,90.64,90.53,90.55,1179
2026-05-05 10:00:00,90.53,90.6,90.53,90.58,2460
2026-05-05 11:00:00,90.58,90.64,90.58,90.6,4171
2026-05-05 12:00:00,90.58,90.58,90.51,90.52,4264
2026-05-05 13:00:00,90.51,90.51,90.47,90.48,40
2026-05-05 14:00:00,90.5,90.5,90.27,90.3,1853
2026-05-05 15:00:00,90.31,90.31,90.21,90.25,870
2026-05-05 16:00:00,90.25,90.25,90.2,90.23,1304
2026-05-05 17:00:00,90.23,90.24,90.2,90.22,720
2026-05-05 18:00:00,90.23,90.3,90.21,90.25,2119
2026-05-05 19:00:00,90.26,90.26,90.18,90.2,3866
2026-05-05 20:00:00,90.21,90.33,90.21,90.29,630
2026-05-05 21:00:00,90.31,90.31,90.22,90.26,2243
2026-05-05 22:00:00,90.27,90.33,90.27,90.31,3759
2026-05-05 23:00:00,90.32,90.34,90.29,90.32,4143
2026-05-06 00:00:00,90.32,90.32,90.17,90.19,4503
2026-05-06 01:00:00,90.18,90.29,90.18,90.25,403
2026-05-06 02:00:00,90.25,90.36,90.25,90.33,2044
2026-05-06 03:00:00,90.33,90.35,90.29,90.32,1121
2026-05-06 04:00:00,90.32,90.32,90.25,90.27,1339
2026-05-06 05:00:00,90.27,90.32,90.24,90.29,209
2026-05-06 06:00:00,90.3,90.45,90.3,90.41,819
2026-05-06 07:00:00,90.4,90.58,90.4,90.57,4083
2026-05-06 08:00:00,90.59,90.59,90.54,90.55,3574
2026-05-06 09:00:00,90.55,90.59,90.55,90.57,3750
2026-05-06 10:00:00,90.58,90.68,90.58,90.65,106
2026-05-06 11:00:00,90.65,90.67,90.65,90.66,963
2026-05-06 12:00:00,90.67,90.67,90.55,90.58,1344
2026-05-06 13:00:00,90.58,90.58,90.51,90.53,808
2026-05-06 14:00:00,90.53,90.56,90.5,90.53,284
2026-05-06 15:00:00,90.5,90.59,90.5,90.57,3671
2026-05-06 16:00:00,90.56,90.6,90.54,90.57,1448
2026-05-06 17:00:00,90.58,90.68,90.58,90.67,1852
2026-05-06 18:00:00,90.67,90.67,90.58,90.59,3977
2026-05-06 19:00:00,90.58,90.6,90.52,90.56,1864
2026-05-06 20:00:00,90.55,90.55,90.42,90.44,2187
2026-05-06 21:00:00,90.42,90.57,90.42,90.53,794
2026-05-06 22:00:00,90.52,90.52,90.38,90.39,4792
2026-05-06 23:00:00,90.4,90.4,90.37,90.38,1766
2026-05-07 00:00:00,90.39,90.39,90.34,90.38,4846
2026-05-07 01:00:00,90.38,90.38,90.28,90.3,3787
2026-05-07 02:00:00,90.29,90.29,90.2,90.22,3865
2026-05-07 03:00:00,90.24,90.24,90.07,90.1,2546
2026-05-07 04:00:00,90.11,90.11,90.07,90.09,4819
2026-05-07 05:00:00,90.1,90.23,90.1,90.2,4701
2026-05-07 06:00:00,90.21,90.27,90.21,90.25,3279
2026-05-07 07:00:00,90.26,90.26,90.04,90.08,841
2026-05-07 08:00:00,90.06,90.07,89.99,90.03,80
2026-05-07 09:00:00,90.03,90.04,90.0,90.01,1567
2026-05-07 10:00:00,90.02,90.02,89.88,89.9,2812
2026-05-07 11:00:00,89.91,89.91,89.86,89.89,4844
2026-05-07 12:00:00,89.89,89.89,89.86,89.88,2969
2026-05-07 13:00:00,89.88,89.91,89.84,89.87,1704
2026-05-07 14:00:00,89.87,89.91,89.86,89.89,2247
2026-05-07 15:00:00,89.9,90.07,89.9,90.03,3468
2026-05-07 16:00:00,90.04,90.07,90.01,90.05,4449
2026-05-07 17:00:00,90.05,90.06,89.99,90.04,4787
2026-05-07 18:00:00,90.04,90.04,89.95,89.98,3741
2026-05-07 19:00:00,89.97,90.05,89.97,90.01,61
2026-05-07 20:00:00,90.0,90.0,89.89,89.9,4681
2026-05-07 21:00:00,89.91,89.91,89.74,89.76,3406
2026-05-07 22:00:00,89.75,89.83,89.75,89.79,856
2026-05-07 23:00:00,89.79,89.83,89.79,89.82,4505
2026-05-08 00:00:00,89.82,89.82,89.76,89.79,2832
2026-05-08 01:00:00,89.77,89.81,89.76,89.78,1948
2026-05-08 02:00:00,89.78,89.89,89.78,89.83,412
2026-05-08 03:00:00,89.83,89.83,89.8,89.81,406
2026-05-08 04:00:00,89.82,89.89,89.82,89.88,4384
2026-05-08 05:00:00,89.88,89.88,89.78,89.81,1081
2026-05-08 06:00:00,89.79,89.89,89.79,89.88,4292
2026-05-08 07:00:00,89.88,90.01,89.88,89.95,49
2026-05-08 08:00:00,89.93,90.01,89.93,89.99,2157
2026-05-08 09:00:00,89.99,90.05,89.99,90.02,3816
2026-05-08 10:00:00,90.02,90.05,90.01,90.03,4290
2026-05-08 11:00:00,90.04,90.09,90.04,90.08,2681
2026-05-08 12:00:00,90.08,90.16,90.08,90.13,1370
2026-05-08 13:00:00,90.11,90.18,90.11,90.17,1522
2026-05-08 14:00:00,90.15,90.3,90.15,90.27,619
2026-05-08 15:00:00,90.28,90.34,90.28,90.32,4647
2026-05-08 16:00:00,90.34,90.47,90.34,90.42,1045
2026-05-08 17:00:00,90.43,90.48,90.43,90.47,3547
2026-05-08 18:00:00,90.48,90.49,90.46,90.48,3320
2026-05-08 19:00:00,90.48,90.48,90.41,90.44,2328
2026-05-08 20:00:00,90.43,90.43,90.34,90.36,3912
2026-05-08 21:00:00,90.36,90.49,90.36,90.45,3147
2026-05-08 22:00:00,90.44,90.44,90.35,90.35,3099
2026-05-08 23:00:00,90.36,90.36,90.32,90.34,4909
2026-05-09 00:00:00,90.33,90.38,90.33,90.37,2971
2026-05-09 01:00:00,90.36,90.41,90.36,90.39,1153
2026-05-09 02:00:00,90.39,90.39,90.34,90.36,1372
2026-05-09 03:00:00,90.34,90.48,90.34,90.47,4634
2026-05-09 04:00:00,90.48,90.5,90.47,90.48,4586
2026-05-09 05:00:00,90.48,90.48,90.36,90.38,4775
2026-05-09 06:00:00,90.38,90.43,90.36,90.4,394
2026-05-09 07:00:00,90.41,90.42,90.39,90.41,4572
2026-05-09 08:00:00,90.42,90.46,90.42,90.45,2566
2026-05-09 09:00:00,90.44,90.47,90.4,90.43,1627
2026-05-09 10:00:00,90.42,90.42,90.33,90.37,3767
2026-05-09 11:00:00,90.38,90.38,90.34,90.36,1315
2026-05-09 12:00:00,90.36,90.38,90.33,90.34,154
2026-05-09 13:00:00,90.34,90.36,90.28,90.33,3081
2026-05-09 14:00:00,90.32,90.34,90.3,90.32,3402
2026-05-09 15:00:00,90.33,90.39,90.33,90.37,2230
2026-05-09 16:00:00,90.37,90.37,90.3,90.33,4460
2026-05-09 17:00:00,90.34,90.4,90.34,90.38,4639
2026-05-09 18:00:00,90.36,90.41,90.35,90.38,562
2026-05-09 19:00:00,90.37,90.42,90.37,90.4,2112
2026-05-09 20:00:00,90.41,90.42,90.33,90.37,1951
2026-05-09 21:00:00,90.39,90.39,90.3,90.34,4214
2026-05-09 22:00:00,90.34,90.34,90.32,90.33,1067
2026-05-09 23:00:00,90.32,90.48,90.32,90.46,915
2026-05-10 00:00:00,90.47,90.47,90.41,90.42,2436
2026-05-10 01:00:00,90.42,90.5,90.42,90.47,2396
2026-05-10 02:00:00,90.46,90.46,90.36,90.41,3414
2026-05-10 03:00:00,90.4,90.45,90.4,90.42,4190
2026-05-10 04:00:00,90.41,90.52,90.41,90.51,2647
2026-05-10 05:00:00,90.49,90.5,90.47,90.49,3137
2026-05-10 06:00:00,90.48,90.48,90.44,90.46,1776
2026-05-10 07:00:00,90.46,90.52,90.45,90.48,4465
2026-05-10 08:00:00,90.46,90.53,90.46,90.51,4916
2026-05-10 09:00:00,90.53,90.53,90.46,90.49,2544
2026-05-10 10:00:00,90.48,90.61,90.48,90.58,2739
2026-05-10 11:00:00,90.59,90.63,90.59,90.62,3484
2026-05-10 12:00:00,90.61,90.72,90.61,90.7,4114
2026-05-10 13:00:00,90.69,90.69,90.65,90.67,2498
2026-05-10 14:00:00,90.68,90.76,90.68,90.74,2058
2026-05-10 15:00:00,90.74,90.74,90.69,90.7,3587
2026-05-10 16:00:00,90.69,90.69,90.63,90.64,426
2026-05-10 17:00:00,90.65,90.65,90.52,90.55,3597
2026-05-10 18:00:00,90.55,90.58,90.53,90.55,4696
2026-05-10 19:00:00,90.55,90.64,90.55,90.63,3830
2026-05-10 20:00:00,90.62,90.71,90.62,90.7,586
2026-05-10 21:00:00,90.7,90.71,90.69,90.7,4267
2026-05-10 22:00:00,90.71,90.71,90.65,90.68,4392
2026-05-10 23:00:00,90.66,90.81,90.66,90.79,3459
2026-05-11 00:00:00,90.79,90.82,90.76,90.8,172
2026-05-11 01:00:00,90.82,90.82,90.68,90.71,3738
2026-05-11 02:00:00,90.71,90.71,90.66,90.68,4744
2026-05-11 03:00:00,90.69,90.69,90.66,90.67,3540
2026-05-11 04:00:00,90.67,90.75,90.67,90.72,463
2026-05-11 05:00:00,90.7,90.81,90.7,90.79,3127
2026-05-11 06:00:00,90.8,90.83,90.79,90.82,2499
2026-05-11 07:00:00,90.79,90.79,90.77,90.77,1296
2026-05-11 08:00:00,90.75,90.85,90.75,90.82,1195
2026-05-11 09:00:00,90.82,90.96,90.82,90.92,2391
2026-05-11 10:00:00,90.91,90.91,90.86,90.88,3349
2026-05-11 11:00:00,90.87,90.87,90.8,90.83,2992
2026-05-11 12:00:00,90.83,90.89,90.83,90.87,1658
2026-05-11 13:00:00,90.87,90.89,90.87,90.88,113
2026-05-11 14:00:00,90.88,90.88,90.85,90.86,3807
2026-05-11 15:00:00,90.86,90.95,90.86,90.9,1953
2026-05-11 16:00:00,90.91,90.91,90.75,90.76,1351
2026-05-11 17:00:00,90.75,90.83,90.75,90.81,2386
2026-05-11 18:00:00,90.82,90.87,90.82,90.85,3514
2026-05-11 19:00:00,90.86,90.88,90.84,90.85,4061
2026-05-11 20:00:00,90.86,90.86,90.79,90.82,42
2026-05-11 21:00:00,90.8,90.81,90.79,90.8,4371
2026-05-11 22:00:00,90.8,90.8,90.79,90.79,1995
2026-05-11 23:00:00,90.78,90.81,90.74,90.76,344
2026-05-12 00:00:00,90.76,90.83,90.76,90.8,2270
2026-05-12 01:00:00,90.79,90.8,90.76,90.78,2463
2026-05-12 02:00:00,90.78,90.82,90.78,90.8,2830
2026-05-12 03:00:00,90.79,90.81,90.78,90.8,2051
2026-05-12 04:00:00,90.78,90.89,90.78,90.84,1698
2026-05-12 05:00:00,90.84,90.85,90.83,90.84,1934
2026-05-12 06:00:00,90.84,90.9,90.82,90.88,2990
2026-05-12 07:00:00,90.9,90.95,90.9,90.93,152
2026-05-12 08:00:00,90.92,90.97,90.92,90.94,1849
2026-05-12 09:00:00,90.91,90.91,90.88,90.9,3884
2026-05-12 10:00:00,90.89,91.02,90.89,91.0,4479
2026-05-12 11:00:00,90.98,91.03,90.98,91.01,4410
2026-05-12 12:00:00,91.0,91.0,90.9,90.95,4132
2026-05-12 13:00:00,90.93,90.94,90.9,90.93,551
2026-05-12 14:00:00,90.91,90.91,90.84,90.87,3209
2026-05-12 15:00:00,90.89,90.89,90.84,90.85,1593
2026-05-12 16:00:00,90.85,90.85,90.72,90.76,1516
2026-05-12 17:00:00,90.75,90.77,90.74,90.76,3197
2026-05-12 18:00:00,90.75,90.93,90.75,90.89,1639
2026-05-12 19:00:00,90.9,90.92,90.89,90.91,3356
2026-05-12 20:00:00,90.91,91.01,90.91,90.99,946
2026-05-12 21:00:00,91.0,91.05,91.0,91.03,313
2026-05-12 22:00:00,91.03,91.07,91.02,91.05,2457
2026-05-12 23:00:00,91.05,91.16,91.05,91.11,1889
2026-05-13 00:00:00,91.12,91.14,91.1,91.12,2541
2026-05-13 01:00:00,91.14,91.14,91.06,91.07,437
2026-05-13 02:00:00,91.08,91.08,90.98,91.02,3252
2026-05-13 03:00:00,91.03,91.03,90.9,90.91,4796
2026-05-13 04:00:00,90.9,90.9,90.77,90.79,1683
2026-05-13 05:00:00,90.81,90.81,90.72,90.75,988
2026-05-13 06:00:00,90.73,90.81,90.73,90.78,1294
2026-05-13 07:00:00,90.8,90.8,90.64,90.68,2692
2026-05-13 08:00:00,90.68,90.76,90.68,90.74,2099
2026-05-13 09:00:00,90.73,90.75,90.72,90.73,3326
2026-05-13 10:00:00,90.73,90.73,90.64,90.65,2344
2026-05-13 11:00:00,90.64,90.64,90.57,90.61,4456
2026-05-13 12:00:00,90.6,90.65,90.6,90.64,1203
2026-05-13 13:00:00,90.64,90.75,90.64,90.74,2608
2026-05-13 14:00:00,90.72,90.72,90.69,90.7,2717
2026-05-13 15:00:00,90.7,90.7,90.6,90.62,976
2026-05-13 16:00:00,90.63,90.69,90.63,90.65,4319
2026-05-13 17:00:00,90.67,90.79,90.67,90.77,1330
2026-05-13 18:00:00,90.76,90.82,90.76,90.8,4932
2026-05-13 19:00:00,90.79,90.93,90.79,90.89,579
2026-05-13 20:00:00,90.88,91.03,90.88,91.0,4539
2026-05-13 21:00:00,90.99,91.01,90.97,90.99,1803
2026-05-13 22:00:00,91.0,91.0,90.92,90.93,1566
2026-05-13 23:00:00,90.91,90.92,90.85,90.89,1722
2026-05-14 00:00:00,90.89,90.9,90.83,90.87,1297
2026-05-14 01:00:00,90.87,90.93,90.87,90.89,2162
2026-05-14 02:00:00,90.9,90.96,90.9,90.95,975
2026-05-14 03:00:00,90.94,91.04,90.94,91.02,1428
2026-05-14 04:00:00,91.02,91.03,90.98,91.01,1585
2026-05-14 05:00:00,91.0,91.0,90.94,90.95,998
2026-05-14 06:00:00,90.96,90.96,90.86,90.87,4441
2026-05-14 07:00:00,90.88,90.94,90.88,90.91,3489
2026-05-14 08:00:00,90.92,90.92,90.7,90.73,1356
2026-05-14 09:00:00,90.71,90.75,90.7,90.72,2161
2026-05-14 10:00:00,90.71,90.76,90.71,90.74,1409
2026-05-14 11:00:00,90.75,90.75,90.65,90.68,1427
2026-05-14 12:00:00,90.69,90.71,90.67,90.69,1703
2026-05-14 13:00:00,90.69,90.69,90.64,90.67,2877
2026-05-14 14:00:00,90.67,90.68,90.64,90.66,266
2026-05-14 15:00:00,90.67,90.72,90.67,90.7,2834
2026-05-14 16:00:00,90.69,90.78,90.69,90.75,469
2026-05-14 17:00:00,90.74,90.84,90.74,90.79,405
2026-05-14 18:00:00,90.8,90.84,90.76,90.8,1213
2026-05-14 19:00:00,90.77,90.79,90.77,90.78,4846
2026-05-14 20:00:00,90.78,90.8,90.76,90.77,4260
2026-05-14 21:00:00,90.78,90.88,90.78,90.85,2280
2026-05-14 22:00:00,90.86,90.97,90.86,90.95,1801
2026-05-14 23:00:00,90.96,90.96,90.84,90.87,721
2026-05-15 00:00:00,90.88,90.9,90.85,90.88,2360
2026-05-15 01:00:00,90.88,90.9,90.87,90.89,961
2026-05-15 02:00:00,90.89,90.94,90.88,90.92,115
2026-05-15 03:00:00,90.92,90.92,90.87,90.88,4943
2026-05-15 04:00:00,90.89,91.04,90.89,91.03,298
2026-05-15 05:00:00,91.04,91.04,90.99,91.01,751
2026-05-15 06:00:00,91.0,91.1,91.0,91.07,3173
2026-05-15 07:00:00,91.07,91.07,90.94,90.98,1188
2026-05-15 08:00:00,90.97,90.97,90.9,90.92,4059
2026-05-15 09:00:00,90.92,91.01,90.92,90.99,4493
2026-05-15 10:00:00,90.96,91.07,90.96,91.02,4329
2026-05-15 11:00:00,91.03,91.1,91.03,91.08,2188
2026-05-15 12:00:00,91.07,91.17,91.07,91.13,2599
2026-05-15 13:00:00,91.13,91.23,91.13,91.2,2554
2026-05-15 14:00:00,91.19,91.19,91.05,91.08,4301
2026-05-15 15:00:00,91.08,91.08,91.0,91.01,4379
2026-05-15 16:00:00,91.0,91.06,91.0,91.02,3946
2026-05-15 17:00:00,91.02,91.09,91.02,91.07,3211
2026-05-15 18:00:00,91.07,91.07,90.97,90.99,4571
2026-05-15 19:00:00,90.98,90.98,90.84,90.88,3293
2026-05-15 20:00:00,90.9,90.9,90.82,90.83,2245
2026-05-15 21:00:00,90.84,90.9,90.84,90.87,2338
2026-05-15 22:00:00,90.87,90.99,90.87,90.97,3308
2026-05-15 23:00:00,90.96,91.06,90.96,91.04,4356
2026-05-16 00:00:00,91.04,91.04,90.93,90.97,202
2026-05-16 01:00:00,90.95,91.02,90.95,91.0,920
2026-05-16 02:00:00,90.98,91.15,90.98,91.13,4139
2026-05-16 03:00:00,91.13,91.18,91.13,91.17,4290
2026-05-16 04:00:00,91.18,91.33,91.18,91.32,4963
2026-05-16 05:00:00,91.32,91.32,91.26,91.3,1922
2026-05-16 06:00:00,91.31,91.31,91.2,91.21,2818
2026-05-16 07:00:00,91.19,91.21,91.19,91.2,4268
2026-05-16 08:00:00,91.2,91.34,91.2,91.32,699
2026-05-16 09:00:00,91.33,91.42,91.33,91.39,4220
2026-05-16 10:00:00,91.39,91.39,91.21,91.23,2702
2026-05-16 11:00:00,91.23,91.28,91.23,91.27,766
2026-05-16 12:00:00,91.27,91.27,91.2,91.22,2872
2026-05-16 13:00:00,91.19,91.19,91.13,91.14,2308
2026-05-16 14:00:00,91.16,91.16,91.04,91.07,4572
2026-05-16 15:00:00,91.08,91.14,91.08,91.12,1207
2026-05-16 16:00:00,91.11,91.22,91.11,91.2,2137
2026-05-16 17:00:00,91.19,91.19,91.13,91.15,67
2026-05-16 18:00:00,91.15,91.25,91.15,91.23,4427
2026-05-16 19:00:00,91.21,91.21,91.16,91.18,3705
2026-05-16 20:00:00,91.17,91.19,91.15,91.17,356
2026-05-16 21:00:00,91.18,91.18,91.1,91.12,2182
2026-05-16 22:00:00,91.12,91.13,91.09,91.11,3496
2026-05-16 23:00:00,91.11,91.12,91.06,91.08,2535
2026-05-17 00:00:00,91.09,91.09,91.03,91.05,4652
2026-05-17 01:00:00,91.05,91.1,91.03,91.07,734
2026-05-17 02:00:00,91.07,91.19,91.07,91.17,3604
2026-05-17 03:00:00,91.15,91.43,91.15,91.41,175
2026-05-17 04:00:00,91.41,91.44,91.41,91.43,1402
2026-05-17 05:00:00,91.44,91.44,91.4,91.42,551
2026-05-17 06:00:00,91.41,91.41,91.3,91.31,2405
2026-05-17 07:00:00,91.31,91.31,91.22,91.24,4869
2026-05-17 08:00:00,91.25,91.25,91.1,91.14,4379
2026-05-17 09:00:00,91.15,91.23,91.15,91.19,4299
2026-05-17 10:00:00,91.2,91.2,91.12,91.12,4053
2026-05-17 11:00:00,91.14,91.21,91.14,91.19,783
2026-05-17 12:00:00,91.21,91.29,91.21,91.27,1976
2026-05-17 13:00:00,91.26,91.44,91.26,91.4,2121
2026-05-17 14:00:00,91.39,91.39,91.27,91.31,1894
2026-05-17 15:00:00,91.31,91.38,91.31,91.36,1178
2026-05-17 16:00:00,91.36,91.37,91.3,91.33,4019
2026-05-17 17:00:00,91.33,91.33,91.27,91.29,1694
2026-05-17 18:00:00,91.29,91.4,91.29,91.38,1532
2026-05-17 19:00:00,91.39,91.54,91.39,91.5,98
2026-05-17 20:00:00,91.49,91.55,91.47,91.5,4051
2026-05-17 21:00:00,91.52,91.58,91.52,91.56,798
2026-05-17 22:00:00,91.57,91.66,91.57,91.64,3988
2026-05-17 23:00:00,91.64,91.64,91.58,91.59,4787
2026-05-18 00:00:00,91.57,91.69,91.57,91.65,42
2026-05-18 01:00:00,91.65,91.69,91.63,91.66,3580
2026-05-18 02:00:00,91.66,91.68,91.65,91.66,2657
2026-05-18 03:00:00,91.67,91.68,91.63,91.65,1272
2026-05-18 04:00:00,91.66,91.68,91.65,91.66,3008
2026-05-18 05:00:00,91.66,91.68,91.63,91.67,2443
2026-05-18 06:00:00,91.66,91.81,91.66,91.79,3385
2026-05-18 07:00:00,91.79,91.85,91.79,91.83,3965
2026-05-18 08:00:00,91.81,91.97,91.81,91.95,4732
2026-05-18 09:00:00,91.95,91.95,91.88,91.9,1583
2026-05-18 10:00:00,91.89,92.05,91.89,92.01,4320
2026-05-18 11:00:00,92.0,92.07,92.0,92.05,1416
2026-05-18 12:00:00,92.06,92.06,92.01,92.02,1420
2026-05-18 13:00:00,92.01,92.06,92.01,92.05,4422
2026-05-18 14:00:00,92.05,92.05,92.0,92.01,487
2026-05-18 15:00:00,92.0,92.06,92.0,92.05,1401
2026-05-18 16:00:00,92.05,92.05,91.9,91.91,2307
2026-05-18 17:00:00,91.91,91.95,91.9,91.92,868
2026-05-18 18:00:00,91.91,92.09,91.91,92.07,3706
2026-05-18 19:00:00,92.08,92.1,92.08,92.09,1863
2026-05-18 20:00:00,92.1,92.18,92.1,92.17,4038
2026-05-18 21:00:00,92.17,92.31,92.17,92.29,1759
2026-05-18 22:00:00,92.29,92.29,92.21,92.22,4469
2026-05-18 23:00:00,92.21,92.41,92.21,92.38,3850
2026-05-19 00:00:00,92.36,92.4,92.34,92.38,4032
2026-05-19 01:00:00,92.37,92.42,92.33,92.37,3200
2026-05-19 02:00:00,92.4,92.4,92.22,92.24,3165
2026-05-19 03:00:00,92.25,92.25,92.21,92.23,1129
2026-05-19 04:00:00,92.23,92.33,92.23,92.32,4339
2026-05-19 05:00:00,92.31,92.34,92.31,92.33,1611
2026-05-19 06:00:00,92.33,92.34,92.31,92.32,3683
2026-05-19 07:00:00,92.31,92.31,92.14,92.15,3560
2026-05-19 08:00:00,92.15,92.15,92.06,92.07,4014
2026-05-19 09:00:00,92.06,92.11,92.06,92.1,1009
2026-05-19 10:00:00,92.09,92.09,92.0,92.03,1507
2026-05-19 11:00:00,92.04,92.05,91.99,92.02,4461
2026-05-19 12:00:00,92.02,92.14,92.02,92.1,785
2026-05-19 13:00:00,92.11,92.11,92.05,92.06,4787
2026-05-19 14:00:00,92.07,92.14,92.05,92.08,3987
2026-05-19 15:00:00,92.07,92.12,92.06,92.09,1226
2026-05-19 16:00:00,92.09,92.09,92.03,92.07,2241
2026-05-19 17:00:00,92.07,92.2,92.07,92.15,1187
2026-05-19 18:00:00,92.15,92.15,92.09,92.12,1293
2026-05-19 19:00:00,92.12,92.12,92.03,92.06,3118
2026-05-19 20:00:00,92.06,92.06,91.97,92.01,4786
2026-05-19 21:00:00,91.99,92.01,91.95,91.99,1435
2026-05-19 22:00:00,91.99,92.1,91.99,92.06,3208
2026-05-19 23:00:00,92.07,92.15,92.07,92.13,1850
2026-05-20 00:00:00,92.14,92.32,92.14,92.32,405
2026-05-20 01:00:00,92.31,92.37,92.31,92.34,1268
2026-05-20 02:00:00,92.34,92.34,92.29,92.3,2055
2026-05-20 03:00:00,92.31,92.32,92.28,92.3,962
2026-05-20 04:00:00,92.3,92.36,92.3,92.35,2374
2026-05-20 05:00:00,92.36,92.36,92.22,92.24,4541
2026-05-20 06:00:00,92.25,92.27,92.25,92.26,3509
2026-05-20 07:00:00,92.26,92.43,92.26,92.38,3375
2026-05-20 08:00:00,92.38,92.41,92.34,92.37,4329
2026-05-20 09:00:00,92.38,92.38,92.31,92.33,2516
2026-05-20 10:00:00,92.33,92.33,92.23,92.26,1724
2026-05-20 11:00:00,92.24,92.39,92.24,92.38,4683
2026-05-20 12:00:00,92.37,92.37,92.33,92.36,1932
2026-05-20 13:00:00,92.36,92.36,92.32,92.34,3658
2026-05-20 14:00:00,92.34,92.34,92.24,92.28,2178
2026-05-20 15:00:00,92.3,92.36,92.28,92.31,3508
2026-05-20 16:00:00,92.29,92.33,92.29,92.32,3746
2026-05-20 17:00:00,92.31,92.35,92.31,92.33,2467
2026-05-20 18:00:00,92.32,92.32,92.21,92.23,3572
2026-05-20 19:00:00,92.24,92.34,92.24,92.32,356
2026-05-20 20:00:00,92.31,92.31,92.2,92.25,335
2026-05-20 21:00:00,92.25,92.25,92.19,92.21,3801
2026-05-20 22:00:00,92.22,92.32,92.22,92.29,3065
2026-05-20 23:00:00,92.29,92.38,92.29,92.34,291
2026-05-21 00:00:00,92.35,92.35,92.21,92.22,959
2026-05-21 01:00:00,92.23,92.31,92.23,92.28,1103
2026-05-21 02:00:00,92.27,92.27,92.21,92.22,2781
2026-05-21 03:00:00,92.23,92.23,92.11,92.12,418
2026-05-21 04:00:00,92.12,92.13,92.07,92.11,3006
2026-05-21 05:00:00,92.1,92.23,92.1,92.17,2914
2026-05-21 06:00:00,92.17,92.17,92.07,92.09,605
2026-05-21 07:00:00,92.11,92.18,92.11,92.15,2152
2026-05-21 08:00:00,92.15,92.15,92.11,92.12,3007
2026-05-21 09:00:00,92.13,92.17,92.13,92.15,3729
2026-05-21 10:00:00,92.14,92.23,92.14,92.22,3560
2026-05-21 11:00:00,92.2,92.21,92.14,92.18,2552
2026-05-21 12:00:00,92.18,92.2,92.18,92.19,2944
2026-05-21 13:00:00,92.2,92.32,92.2,92.29,848
2026-05-21 14:00:00,92.29,92.37,92.29,92.33,4205
2026-05-21 15:00:00,92.32,92.48,92.32,92.46,1700
2026-05-21 16:00:00,92.46,92.61,92.46,92.6,3935
2026-05-21 17:00:00,92.59,92.59,92.56,92.57,1665
2026-05-21 18:00:00,92.57,92.63,92.57,92.61,941
2026-05-21 19:00:00,92.61,92.61,92.48,92.51,3131
2026-05-21 20:00:00,92.52,92.64,92.52,92.6,2158
2026-05-21 21:00:00,92.6,92.62,92.56,92.61,270
2026-05-21 22:00:00,92.6,92.68,92.6,92.66,1389
2026-05-21 23:00:00,92.66,92.66,92.58,92.6,4315
2026-05-22 00:00:00,92.59,92.62,92.59,92.61,3615
2026-05-22 01:00:00,92.6,92.61,92.54,92.57,3899
2026-05-22 02:00:00,92.59,92.59,92.49,92.52,3648
2026-05-22 03:00:00,92.52,92.52,92.46,92.49,693
2026-05-22 04:00:00,92.49,92.49,92.4,92.42,464
2026-05-22 05:00:00,92.41,92.55,92.41,92.5,4713
2026-05-22 06:00:00,92.49,92.49,92.4,92.42,4207
2026-05-22 07:00:00,92.43,92.45,92.4,92.41,1736
2026-05-22 08:00:00,92.42,92.42,92.35,92.35,4540
2026-05-22 09:00:00,92.36,92.36,92.26,92.28,455
2026-05-22 10:00:00,92.28,92.34,92.28,92.3,2279
2026-05-22 11:00:00,92.3,92.4,92.3,92.37,4456
2026-05-22 12:00:00,92.38,92.38,92.24,92.29,1391
2026-05-22 13:00:00,92.26,92.43,92.26,92.38,2474
2026-05-22 14:00:00,92.38,92.54,92.38,92.52,1718
2026-05-22 15:00:00,92.52,92.62,92.52,92.6,4813
2026-05-22 16:00:00,92.6,92.66,92.6,92.64,861
2026-05-22 17:00:00,92.63,92.64,92.59,92.62,2428
2026-05-22 18:00:00,92.63,92.63,92.54,92.56,4489
2026-05-22 19:00:00,92.55,92.63,92.55,92.62,2067
2026-05-22 20:00:00,92.62,92.71,92.62,92.69,2565
2026-05-22 21:00:00,92.68,92.68,92.55,92.58,4076
2026-05-22 22:00:00,92.58,92.58,92.42,92.48,1487
2026-05-22 23:00:00,92.49,92.52,92.49,92.51,566
2026-05-23 00:00:00,92.52,92.56,92.52,92.54,3461
2026-05-23 01:00:00,92.54,92.68,92.54,92.64,1168
2026-05-23 02:00:00,92.65,92.69,92.65,92.67,1961
2026-05-23 03:00:00,92.66,92.67,92.64,92.65,144
2026-05-23 04:00:00,92.66,92.66,92.52,92.56,2123
2026-05-23 05:00:00,92.55,92.6,92.53,92.57,2660
2026-05-23 06:00:00,92.59,92.75,92.59,92.71,2542
2026-05-23 07:00:00,92.72,92.72,92.64,92.67,2422
2026-05-23 08:00:00,92.67,92.82,92.67,92.81,3246
2026-05-23 09:00:00,92.81,92.81,92.71,92.72,3018
2026-05-23 10:00:00,92.71,92.74,92.69,92.71,441
2026-05-23 11:00:00,92.71,92.71,92.61,92.67,2468
2026-05-23 12:00:00,92.68,92.87,92.68,92.83,1493
2026-05-23 13:00:00,92.83,92.84,92.78,92.81,142
2026-05-23 14:00:00,92.81,92.96,92.81,92.95,874
2026-05-23 15:00:00,92.95,93.03,92.95,93.0,1887
2026-05-23 16:00:00,93.01,93.01,92.93,92.95,3235
2026-05-23 17:00:00,92.94,92.95,92.88,92.9,1868
2026-05-23 18:00:00,92.9,92.98,92.9,92.96,4476
2026-05-23 19:00:00,92.97,92.97,92.89,92.93,4003
2026-05-23 20:00:00,92.93,92.96,92.92,92.94,2804
2026-05-23 21:00:00,92.94,93.02,92.94,93.0,880
2026-05-23 22:00:00,93.01,93.01,92.95,92.96,1132
2026-05-23 23:00:00,92.97,93.01,92.97,92.99,579
2026-05-24 00:00:00,93.0,93.07,93.0,93.03,4610
2026-05-24 01:00:00,93.02,93.11,93.02,93.1,3417
2026-05-24 02:00:00,93.09,93.11,93.08,93.1,4297
2026-05-24 03:00:00,93.09,93.23,93.09,93.2,3448
2026-05-24 04:00:00,93.22,93.3,93.2,93.25,4727
2026-05-24 05:00:00,93.24,93.34,93.24,93.32,3912
2026-05-24 06:00:00,93.33,93.45,93.33,93.39,702
2026-05-24 07:00:00,93.4,93.42,93.38,93.4,2029
2026-05-24 08:00:00,93.4,93.44,93.34,93.39,4562
2026-05-24 09:00:00,93.39,93.4,93.35,93.38,2125
2026-05-24 10:00:00,93.38,93.42,93.35,93.38,2126
2026-05-24 11:00:00,93.39,93.39,93.36,93.37,4008
2026-05-24 12:00:00,93.36,93.39,93.35,93.37,4882
2026-05-24 13:00:00,93.36,93.39,93.36,93.38,1701
2026-05-24 14:00:00,93.39,93.51,93.39,93.49,1942
2026-05-24 15:00:00,93.5,93.5,93.4,93.43,4504
2026-05-24 16:00:00,93.43,93.48,93.4,93.43,3139
2026-05-24 17:00:00,93.43,93.54,93.43,93.51,2811
2026-05-24 18:00:00,93.51,93.63,93.51,93.61,1547
2026-05-24 19:00:00,93.62,93.81,93.62,93.79,1637
2026-05-24 20:00:00,93.79,93.79,93.69,93.71,219
2026-05-24 21:00:00,93.71,93.79,93.71,93.76,3118
2026-05-24 22:00:00,93.76,93.84,93.76,93.82,4688
2026-05-24 23:00:00,93.82,93.82,93.78,93.79,4417
2026-05-25 00:00:00,93.8,93.86,93.8,93.84,2724
2026-05-25 01:00:00,93.86,93.88,93.85,93.86,1323
2026-05-25 02:00:00,93.88,93.94,93.88,93.91,2704
2026-05-25 03:00:00,93.91,93.98,93.91,93.96,4508
2026-05-25 04:00:00,93.94,94.12,93.94,94.08,4367
2026-05-25 05:00:00,94.08,94.13,94.06,94.1,1726
2026-05-25 06:00:00,94.1,94.1,93.98,94.0,1990
2026-05-25 07:00:00,94.0,94.0,93.88,93.91,521
2026-05-25 08:00:00,93.9,94.04,93.9,93.99,2209
2026-05-25 09:00:00,94.0,94.0,93.97,93.98,3437
2026-05-25 10:00:00,93.99,94.13,93.99,94.11,3048
2026-05-25 11:00:00,94.1,94.16,94.1,94.13,4699
2026-05-25 12:00:00,94.13,94.13,94.03,94.05,1171
2026-05-25 13:00:00,94.05,94.14,94.05,94.12,2467
2026-05-25 14:00:00,94.11,94.26,94.11,94.25,3314
2026-05-25 15:00:00,94.25,94.26,94.24,94.25,973
2026-05-25 16:00:00,94.25,94.25,94.14,94.18,1010
2026-05-25 17:00:00,94.2,94.27,94.2,94.24,2662
2026-05-25 18:00:00,94.23,94.23,94.1,94.14,4676
2026-05-25 19:00:00,94.14,94.14,94.09,94.11,273
2026-05-25 20:00:00,94.1,94.14,94.1,94.13,974
2026-05-25 21:00:00,94.13,94.21,94.13,94.2,2181
2026-05-25 22:00:00,94.2,94.2,94.06,94.11,1878
2026-05-25 23:00:00,94.1,94.18,94.1,94.16,1678
2026-05-26 00:00:00,94.17,94.17,94.05,94.07,4580
2026-05-26 01:00:00,94.09,94.24,94.09,94.19,4526
2026-05-26 02:00:00,94.19,94.22,94.14,94.18,1478
2026-05-26 03:00:00,94.18,94.18,94.13,94.15,937
2026-05-26 04:00:00,94.16,94.21,94.16,94.19,719
2026-05-26 05:00:00,94.21,94.24,94.16,94.19,2162
2026-05-26 06:00:00,94.19,94.19,94.04,94.05,2608
2026-05-26 07:00:00,94.06,94.07,94.04,94.05,4763
2026-05-26 08:00:00,94.04,94.25,94.04,94.24,2267
2026-05-26 09:00:00,94.24,94.31,94.24,94.28,1214
2026-05-26 10:00:00,94.26,94.35,94.26,94.31,1142
2026-05-26 11:00:00,94.29,94.38,94.29,94.35,4811
2026-05-26 12:00:00,94.36,94.38,94.32,94.35,2097
2026-05-26 13:00:00,94.35,94.35,94.23,94.26,3050
2026-05-26 14:00:00,94.27,94.32,94.27,94.3,722
2026-05-26 15:00:00,94.3,94.3,94.25,94.26,2272
2026-05-26 16:00:00,94.27,94.27,94.19,94.22,731
2026-05-26 17:00:00,94.24,94.24,94.12,94.15,80
2026-05-26 18:00:00,94.17,94.17,94.04,94.08,185
2026-05-26 19:00:00,94.08,94.12,94.06,94.09,525
2026-05-26 20:00:00,94.1,94.19,94.1,94.17,4190
2026-05-26 21:00:00,94.16,94.33,94.16,94.3,3542
2026-05-26 22:00:00,94.32,94.32,94.13,94.17,364
2026-05-26 23:00:00,94.19,94.3,94.19,94.27,3784
2026-05-27 00:00:00,94.26,94.26,93.96,93.98,4070
2026-05-27 01:00:00,94.0,94.0,93.88,93.91,2193
2026-05-27 02:00:00,93.89,93.89,93.74,93.75,3086
2026-05-27 03:00:00,93.76,93.88,93.76,93.86,1328
2026-05-27 04:00:00,93.86,93.86,93.79,93.81,3849
2026-05-27 05:00:00,93.81,93.89,93.81,93.87,387
2026-05-27 06:00:00,93.88,93.96,93.88,93.95,1238
2026-05-27 07:00:00,93.94,94.03,93.94,94.0,4119
2026-05-27 08:00:00,94.0,94.07,94.0,94.03,472
2026-05-27 09:00:00,94.05,94.09,94.05,94.08,921
2026-05-27 10:00:00,94.07,94.18,94.07,94.16,747
2026-05-27 11:00:00,94.16,94.24,94.16,94.2,3830
2026-05-27 12:00:00,94.2,94.27,94.19,94.23,3006
2026-05-27 13:00:00,94.23,94.23,94.16,94.18,2318
2026-05-27 14:00:00,94.18,94.18,94.02,94.04,2420
2026-05-27 15:00:00,94.04,94.17,94.04,94.15,389
2026-05-27 16:00:00,94.15,94.23,94.15,94.2,1931
2026-05-27 17:00:00,94.22,94.22,94.19,94.21,3126
2026-05-27 18:00:00,94.21,94.21,94.16,94.17,1031
2026-05-27 19:00:00,94.17,94.18,94.12,94.15,641
2026-05-27 20:00:00,94.15,94.2,94.13,94.17,4500
2026-05-27 21:00:00,94.17,94.17,94.12,94.12,3376
2026-05-27 22:00:00,94.1,94.1,94.0,94.03,4179
2026-05-27 23:00:00,94.03,94.04,94.0,94.02,2124
2026-05-28 00:00:00,94.02,94.1,94.02,94.08,1999
2026-05-28 01:00:00,94.07,94.07,93.99,94.0,1213
2026-05-28 02:00:00,94.02,94.06,94.0,94.03,2739
2026-05-28 03:00:00,94.03,94.09,94.03,94.08,686
2026-05-28 04:00:00,94.07,94.1,94.05,94.06,2494
2026-05-28 05:00:00,94.06,94.06,93.96,93.99,4536
2026-05-28 06:00:00,93.99,94.11,93.99,94.1,4858
2026-05-28 07:00:00,94.1,94.19,94.1,94.16,3885
2026-05-28 08:00:00,94.16,94.26,94.16,94.22,492
2026-05-28 09:00:00,94.22,94.32,94.22,94.27,3052
2026-05-28 10:00:00,94.27,94.46,94.27,94.41,3303
2026-05-28 11:00:00,94.41,94.46,94.41,94.44,2884
2026-05-28 12:00:00,94.43,94.46,94.43,94.45,2292
2026-05-28 13:00:00,94.45,94.5,94.45,94.49,3292
2026-05-28 14:00:00,94.49,94.57,94.49,94.55,4780
2026-05-28 15:00:00,94.54,94.65,94.54,94.63,83
2026-05-28 16:00:00,94.63,94.77,94.63,94.75,3975
2026-05-28 17:00:00,94.76,94.76,94.64,94.66,1694
2026-05-28 18:00:00,94.67,94.76,94.67,94.74,4101
2026-05-28 19:00:00,94.73,94.73,94.67,94.68,4621
2026-05-28 20:00:00,94.68,94.68,94.6,94.63,4090
2026-05-28 21:00:00,94.62,94.62,94.49,94.52,924
2026-05-28 22:00:00,94.51,94.51,94.46,94.47,1710
2026-05-28 23:00:00,94.47,94.47,94.35,94.37,2869
2026-05-29 00:00:00,94.37,94.42,94.33,94.38,3074
2026-05-29 01:00:00,94.4,94.4,94.34,94.38,1307
2026-05-29 02:00:00,94.38,94.48,94.38,94.46,3915
2026-05-29 03:00:00,94.46,94.47,94.45,94.46,3576
2026-05-29 04:00:00,94.46,94.46,94.3,94.34,3868
2026-05-29 05:00:00,94.33,94.37,94.31,94.34,4634
2026-05-29 06:00:00,94.34,94.42,94.34,94.41,4038
2026-05-29 07:00:00,94.4,94.4,94.31,94.32,1630
2026-05-29 08:00:00,94.33,94.38,94.33,94.35,4212
2026-05-29 09:00:00,94.36,94.51,94.36,94.47,3089
2026-05-29 10:00:00,94.48,94.48,94.36,94.38,324
2026-05-29 11:00:00,94.38,94.4,94.36,94.37,2896
2026-05-29 12:00:00,94.37,94.57,94.37,94.54,488
2026-05-29 13:00:00,94.53,94.61,94.53,94.6,1265
2026-05-29 14:00:00,94.6,94.66,94.6,94.65,2973
2026-05-29 15:00:00,94.65,94.73,94.65,94.7,4543
2026-05-29 16:00:00,94.7,94.73,94.7,94.72,136
2026-05-29 17:00:00,94.73,94.73,94.65,94.68,598
2026-05-29 18:00:00,94.67,94.75,94.67,94.74,4851
2026-05-29 19:00:00,94.75,94.83,94.75,94.82,191
2026-05-29 20:00:00,94.82,94.91,94.82,94.9,1389
2026-05-29 21:00:00,94.89,94.97,94.89,94.95,4914
2026-05-29 22:00:00,94.94,95.01,94.94,94.98,1217
2026-05-29 23:00:00,94.97,94.97,94.87,94.91,1590
2026-05-30 00:00:00,94.91,94.96,94.89,94.93,892
2026-05-30 01:00:00,94.93,94.98,94.93,94.96,2375
2026-05-30 02:00:00,94.96,95.04,94.96,95.04,3782
2026-05-30 03:00:00,95.04,95.04,94.91,94.94,2074
2026-05-30 04:00:00,94.93,95.02,94.93,94.99,1689
2026-05-30 05:00:00,95.0,95.0,94.92,94.95,3713
2026-05-30 06:00:00,94.95,95.02,94.95,94.99,455
2026-05-30 07:00:00,94.97,95.16,94.97,95.13,4403
2026-05-30 08:00:00,95.15,95.18,95.1,95.14,2780
2026-05-30 09:00:00,95.14,95.16,95.08,95.12,2522
2026-05-30 10:00:00,95.1,95.1,94.97,94.98,4293
2026-05-30 11:00:00,94.98,94.98,94.84,94.87,4982
2026-05-30 12:00:00,94.88,94.88,94.79,94.81,1809
2026-05-30 13:00:00,94.8,94.9,94.8,94.88,881
2026-05-30 14:00:00,94.87,94.89,94.87,94.87,3822
2026-05-30 15:00:00,94.87,94.99,94.87,94.97,3217
2026-05-30 16:00:00,94.95,95.02,94.95,95.0,1116
2026-05-30 17:00:00,95.02,95.06,94.98,95.02,4243
2026-05-30 18:00:00,95.02,95.02,94.93,94.98,2373
2026-05-30 19:00:00,94.99,95.03,94.92,94.98,4494
2026-05-30 20:00:00,94.97,95.05,94.97,95.01,4391
2026-05-30 21:00:00,95.02,95.02,94.91,94.93,3558
2026-05-30 22:00:00,94.94,94.96,94.92,94.94,2374
2026-05-30 23:00:00,94.9,94.9,94.79,94.81,3869
2026-05-31 00:00:00,94.83,94.83,94.76,94.77,3312
2026-05-31 01:00:00,94.78,94.78,94.68,94.72,2458
2026-05-31 02:00:00,94.72,94.88,94.72,94.86,1658
2026-05-31 03:00:00,94.86,94.86,94.81,94.83,4070
2026-05-31 04:00:00,94.84,94.84,94.75,94.77,4931
2026-05-31 05:00:00,94.77,94.89,94.77,94.86,2342
2026-05-31 06:00:00,94.87,94.87,94.78,94.81,526
2026-05-31 07:00:00,94.82,94.95,94.82,94.94,1596
2026-05-31 08:00:00,94.95,94.95,94.89,94.9,4610
2026-05-31 09:00:00,94.88,94.88,94.83,94.84,300
2026-05-31 10:00:00,94.84,94.84,94.76,94.78,4554
2026-05-31 11:00:00,94.77,94.78,94.72,94.74,4035
2026-05-31 12:00:00,94.74,94.77,94.69,94.73,4852
2026-05-31 13:00:00,94.74,94.74,94.65,94.67,2140
2026-05-31 14:00:00,94.67,94.67,94.64,94.65,834
2026-05-31 15:00:00,94.65,94.65,94.57,94.6,4542
2026-05-31 16:00:00,94.6,94.61,94.57,94.6,2939
2026-05-31 17:00:00,94.6,94.6,94.54,94.58,4453
2026-05-31 18:00:00,94.56,94.71,94.56,94.7,2160
2026-05-31 19:00:00,94.71,94.71,94.58,94.6,4477
2026-05-31 20:00:00,94.61,94.61,94.5,94.52,1523
2026-05-31 21:00:00,94.51,94.61,94.51,94.6,579
2026-05-31 22:00:00,94.6,94.6,94.56,94.57,2089
2026-05-31 23:00:00,94.58,94.58,94.49,94.54,1927
2026-06-01 00:00:00,94.52,94.67,94.52,94.65,4258
2026-06-01 01:00:00,94.65,94.72,94.65,94.69,3244
2026-06-01 02:00:00,94.69,94.82,94.69,94.79,1654
2026-06-01 03:00:00,94.78,94.78,94.68,94.69,2829
2026-06-01 04:00:00,94.68,94.75,94.68,94.73,4321
2026-06-01 05:00:00,94.74,94.82,94.74,94.78,1450
2026-06-01 06:00:00,94.79,94.79,94.68,94.7,2611
2026-06-01 07:00:00,94.7,94.7,94.65,94.68,1660
2026-06-01 08:00:00,94.67,94.73,94.67,94.72,2247
2026-06-01 09:00:00,94.73,94.73,94.66,94.68,335
2026-06-01 10:00:00,94.68,94.76,94.68,94.75,4146
2026-06-01 11:00:00,94.74,94.79,94.74,94.77,2554
2026-06-01 12:00:00,94.77,94.83,94.77,94.8,1556
2026-06-01 13:00:00,94.78,94.78,94.64,94.67,1591
2026-06-01 14:00:00,94.66,94.66,94.57,94.58,3329
2026-06-01 15:00:00,94.58,94.58,94.53,94.54,4176
2026-06-01 16:00:00,94.55,94.57,94.55,94.55,2198
2026-06-01 17:00:00,94.55,94.55,94.35,94.39,3475
2026-06-01 18:00:00,94.39,94.4,94.37,94.39,2382
2026-06-01 19:00:00,94.4,94.4,94.29,94.34,2558
2026-06-01 20:00:00,94.36,94.49,94.36,94.45,1091
2026-06-01 21:00:00,94.47,94.53,94.47,94.52,645
2026-06-01 22:00:00,94.52,94.52,94.41,94.45,1725
2026-06-01 23:00:00,94.46,94.51,94.46,94.49,1378
2026-06-02 00:00:00,94.5,94.56,94.5,94.54,1154
2026-06-02 01:00:00,94.53,94.53,94.45,94.5,3171
2026-06-02 02:00:00,94.51,94.59,94.51,94.58,1399
2026-06-02 03:00:00,94.59,94.59,94.49,94.51,2535
2026-06-02 04:00:00,94.52,94.52,94.46,94.47,2792
2026-06-02 05:00:00,94.48,94.48,94.45,94.46,2360
2026-06-02 06:00:00,94.46,94.52,94.46,94.5,293
2026-06-02 07:00:00,94.5,94.5,94.41,94.43,4018
2026-06-02 08:00:00,94.43,94.43,94.31,94.33,831
2026-06-02 09:00:00,94.33,94.33,94.25,94.26,3015
2026-06-02 10:00:00,94.27,94.32,94.27,94.3,4157
2026-06-02 11:00:00,94.3,94.3,94.18,94.22,4028
2026-06-02 12:00:00,94.23,94.28,94.23,94.27,4596
2026-06-02 13:00:00,94.25,94.4,94.25,94.35,1074
2026-06-02 14:00:00,94.38,94.38,94.27,94.29,4285
2026-06-02 15:00:00,94.29,94.29,94.1,94.11,1186
2026-06-02 16:00:00,94.12,94.14,94.06,94.1,2629
2026-06-02 17:00:00,94.08,94.08,94.0,94.03,2951
2026-06-02 18:00:00,94.03,94.03,93.92,93.95,479
2026-06-02 19:00:00,93.96,94.08,93.96,94.05,2235
2026-06-02 20:00:00,94.06,94.16,94.06,94.15,2087
2026-06-02 21:00:00,94.15,94.27,94.15,94.26,2076
2026-06-02 22:00:00,94.26,94.41,94.26,94.35,1775
2026-06-02 23:00:00,94.36,94.36,94.23,94.26,4633
2026-06-03 00:00:00,94.23,94.36,94.23,94.32,156
2026-06-03 01:00:00,94.31,94.34,94.26,94.29,1801
2026-06-03 02:00:00,94.28,94.33,94.26,94.29,1134
2026-06-03 03:00:00,94.31,94.4,94.31,94.37,4395
2026-06-03 04:00:00,94.37,94.44,94.36,94.41,1804
2026-06-03 05:00:00,94.41,94.41,94.36,94.39,608
2026-06-03 06:00:00,94.38,94.38,94.34,94.36,4718
2026-06-03 07:00:00,94.35,94.35,94.31,94.31,4595
2026-06-03 08:00:00,94.3,94.38,94.3,94.35,2125
2026-06-03 09:00:00,94.37,94.38,94.32,94.35,3679
2026-06-03 10:00:00,94.34,94.48,94.34,94.46,3492
2026-06-03 11:00:00,94.47,94.51,94.47,94.49,2198
2026-06-03 12:00:00,94.5,94.61,94.5,94.59,1161
2026-06-03 13:00:00,94.6,94.66,94.6,94.64,2424
2026-06-03 14:00:00,94.64,94.64,94.6,94.63,574
2026-06-03 15:00:00,94.63,94.63,94.47,94.48,687
2026-06-03 16:00:00,94.48,94.48,94.4,94.43,4301
2026-06-03 17:00:00,94.42,94.57,94.42,94.53,1434
2026-06-03 18:00:00,94.54,94.55,94.51,94.53,2024
2026-06-03 19:00:00,94.53,94.57,94.53,94.55,2245
2026-06-03 20:00:00,94.54,94.54,94.49,94.5,275
2026-06-03 21:00:00,94.5,94.64,94.5,94.63,276
2026-06-03 22:00:00,94.63,94.63,94.49,94.53,1061
2026-06-03 23:00:00,94.54,94.54,94.47,94.48,2492
2026-06-04 00:00:00,94.48,94.48,94.32,94.34,4020
2026-06-04 01:00:00,94.35,94.35,94.22,94.23,3057
2026-06-04 02:00:00,94.23,94.23,94.15,94.17,3314
2026-06-04 03:00:00,94.17,94.2,94.15,94.17,4939
2026-06-04 04:00:00,94.17,94.17,94.11,94.14,4119
2026-06-04 05:00:00,94.12,94.14,94.09,94.11,3206
2026-06-04 06:00:00,94.11,94.11,94.09,94.1,358
2026-06-04 07:00:00,94.09,94.11,94.06,94.08,4126
2026-06-04 08:00:00,94.07,94.07,93.98,93.99,4256
2026-06-04 09:00:00,93.99,93.99,93.92,93.94,1989
2026-06-04 10:00:00,93.94,93.94,93.84,93.87,3228
2026-06-04 11:00:00,93.87,93.93,93.87,93.91,1367
2026-06-04 12:00:00,93.91,93.96,93.91,93.94,2815
2026-06-04 13:00:00,93.93,93.93,93.87,93.89,1563
2026-06-04 14:00:00,93.89,93.92,93.84,93.88,2868
2026-06-04 15:00:00,93.87,93.87,93.76,93.8,3304
2026-06-04 16:00:00,93.78,93.78,93.57,93.62,2316
2026-06-04 17:00:00,93.62,93.62,93.56,93.57,964
2026-06-04 18:00:00,93.57,93.57,93.51,93.52,4932
2026-06-04 19:00:00,93.54,93.57,93.52,93.54,4209
2026-06-04 20:00:00,93.54,93.54,93.35,93.36,2901
2026-06-04 21:00:00,93.38,93.44,93.36,93.4,2082
2026-06-04 22:00:00,93.39,93.54,93.39,93.53,2028
2026-06-04 23:00:00,93.52,93.52,93.43,93.45,4777
2026-06-05 00:00:00,93.46,93.57,93.46,93.54,837
2026-06-05 01:00:00,93.55,93.55,93.41,93.44,942
2026-06-05 02:00:00,93.44,93.54,93.44,93.51,4903
2026-06-05 03:00:00,93.49,93.52,93.49,93.51,2511
2026-06-05 04:00:00,93.51,93.51,93.4,93.43,76
2026-06-05 05:00:00,93.42,93.45,93.41,93.43,2512
2026-06-05 06:00:00,93.45,93.45,93.3,93.32,1273
2026-06-05 07:00:00,93.31,93.31,93.18,93.21,4634
2026-06-05 08:00:00,93.22,93.24,93.16,93.2,3219
2026-06-05 09:00:00,93.21,93.21,93.13,93.16,310
2026-06-05 10:00:00,93.15,93.22,93.15,93.2,3773
2026-06-05 11:00:00,93.2,93.2,93.14,93.16,2617
2026-06-05 12:00:00,93.15,93.21,93.15,93.2,2001
2026-06-05 13:00:00,93.2,93.2,93.12,93.14,1916
2026-06-05 14:00:00,93.13,93.15,93.1,93.14,1095
2026-06-05 15:00:00,93.13,93.13,92.95,92.97,1923
2026-06-05 16:00:00,92.96,92.97,92.92,92.95,4857
2026-06-05 17:00:00,92.95,92.95,92.89,92.92,554
2026-06-05 18:00:00,92.9,92.9,92.82,92.87,3606
2026-06-05 19:00:00,92.9,92.92,92.85,92.9,3860
2026-06-05 20:00:00,92.89,92.96,92.89,92.92,1856
2026-06-05 21:00:00,92.92,92.92,92.81,92.86,2915
2026-06-05 22:00:00,92.86,92.96,92.86,92.95,2914
2026-06-05 23:00:00,92.96,93.01,92.96,93.0,1249
2026-06-06 00:00:00,93.0,93.06,92.97,93.02,2759
2026-06-06 01:00:00,93.01,93.01,92.92,92.96,3833
2026-06-06 02:00:00,92.97,92.97,92.89,92.9,2416
2026-06-06 03:00:00,92.9,92.93,92.88,92.92,1674
2026-06-06 04:00:00,92.9,93.0,92.9,92.96,2869
2026-06-06 05:00:00,92.95,93.0,92.92,92.97,1468
2026-06-06 06:00:00,92.98,93.09,92.98,93.06,4729
2026-06-06 07:00:00,93.06,93.14,93.06,93.11,1622
2026-06-06 08:00:00,93.12,93.13,93.05,93.1,4602
2026-06-06 09:00:00,93.1,93.23,93.1,93.2,665
2026-06-06 10:00:00,93.2,93.28,93.2,93.27,499
2026-06-06 11:00:00,93.25,93.37,93.25,93.35,1965
2026-06-06 12:00:00,93.34,93.34,93.31,93.33,1838
2026-06-06 13:00:00,93.32,93.39,93.3,93.33,1511
2026-06-06 14:00:00,93.33,93.39,93.33,93.36,814
2026-06-06 15:00:00,93.36,93.44,93.36,93.42,1226
2026-06-06 16:00:00,93.42,93.45,93.4,93.42,1162
2026-06-06 17:00:00,93.42,93.57,93.42,93.56,1771
2026-06-06 18:00:00,93.57,93.57,93.47,93.48,4267
2026-06-06 19:00:00,93.48,93.48,93.34,93.39,1230
2026-06-06 20:00:00,93.4,93.4,93.35,93.36,4095
2026-06-06 21:00:00,93.35,93.38,93.35,93.37,661
2026-06-06 22:00:00,93.35,93.38,93.35,93.36,3058
2026-06-06 23:00:00,93.36,93.51,93.36,93.48,2158
2026-06-07 00:00:00,93.48,93.58,93.48,93.53,284
2026-06-07 01:00:00,93.54,93.54,93.38,93.41,3384
2026-06-07 02:00:00,93.43,93.43,93.29,93.31,3069
2026-06-07 03:00:00,93.3,93.3,93.02,93.06,3027
2026-06-07 04:00:00,93.07,93.09,93.07,93.08,3890
2026-06-07 05:00:00,93.07,93.17,93.07,93.14,4331
2026-06-07 06:00:00,93.16,93.17,93.15,93.15,3271
2026-06-07 07:00:00,93.15,93.2,93.15,93.19,2274
2026-06-07 08:00:00,93.18,93.23,93.17,93.2,1913
2026-06-07 09:00:00,93.21,93.25,93.2,93.22,2394
2026-06-07 10:00:00,93.21,93.23,93.16,93.2,862
2026-06-07 11:00:00,93.22,93.22,93.11,93.12,1750
2026-06-07 12:00:00,93.13,93.13,93.08,93.1,4001
2026-06-07 13:00:00,93.1,93.1,92.96,93.01,3969
2026-06-07 14:00:00,93.01,93.08,93.01,93.06,4237
2026-06-07 15:00:00,93.07,93.17,93.07,93.13,3252
2026-06-07 16:00:00,93.13,93.31,93.13,93.25,4355
2026-06-07 17:00:00,93.24,93.28,93.19,93.23,199
2026-06-07 18:00:00,93.24,93.35,93.24,93.3,377
2026-06-07 19:00:00,93.3,93.3,93.22,93.23,3898
2026-06-07 20:00:00,93.23,93.38,93.23,93.36,49
2026-06-07 21:00:00,93.36,93.36,93.15,93.19,3625
2026-06-07 22:00:00,93.2,93.2,93.1,93.12,3867
2026-06-07 23:00:00,93.12,93.12,93.08,93.1,1361
2026-06-08 00:00:00,93.1,93.1,93.02,93.07,1280
2026-06-08 01:00:00,93.06,93.06,92.95,92.96,1931
2026-06-08 02:00:00,92.97,92.99,92.97,92.98,3549
2026-06-08 03:00:00,93.0,93.0,92.88,92.91,3632
2026-06-08 04:00:00,92.9,92.96,92.89,92.93,3702
2026-06-08 05:00:00,92.94,93.08,92.94,93.07,3055
2026-06-08 06:00:00,93.07,93.1,93.02,93.06,686
2026-06-08 07:00:00,93.06,93.06,92.95,92.99,2455
2026-06-08 08:00:00,92.98,93.04,92.98,93.02,1786
2026-06-08 09:00:00,93.03,93.07,93.03,93.05,3830
2026-06-08 10:00:00,93.05,93.21,93.05,93.18,2127
2026-06-08 11:00:00,93.17,93.23,93.17,93.21,3788
2026-06-08 12:00:00,93.22,93.34,93.22,93.32,534
2026-06-08 13:00:00,93.32,93.32,93.24,93.28,3536
2026-06-08 14:00:00,93.3,93.36,93.3,93.35,441
2026-06-08 15:00:00,93.36,93.36,93.29,93.3,1365
2026-06-08 16:00:00,93.3,93.43,93.3,93.4,1919
2026-06-08 17:00:00,93.41,93.41,93.35,93.38,4363
2026-06-08 18:00:00,93.37,93.4,93.33,93.36,2854
2026-06-08 19:00:00,93.36,93.36,93.32,93.33,4134
2026-06-08 20:00:00,93.34,93.38,93.33,93.35,3218
2026-06-08 21:00:00,93.35,93.38,93.3,93.34,939
2026-06-08 22:00:00,93.33,93.39,93.31,93.34,4474
2026-06-08 23:00:00,93.34,93.45,93.34,93.43,4804
2026-06-09 00:00:00,93.43,93.43,93.36,93.37,606
2026-06-09 01:00:00,93.38,93.38,93.31,93.33,4872
2026-06-09 02:00:00,93.33,93.44,93.33,93.42,3761
2026-06-09 03:00:00,93.42,93.42,93.28,93.32,1490
2026-06-09 04:00:00,93.35,93.35,93.25,93.26,462
2026-06-09 05:00:00,93.25,93.35,93.25,93.34,4450
2026-06-09 06:00:00,93.34,93.51,93.34,93.46,1757
2026-06-09 07:00:00,93.45,93.56,93.45,93.53,2554
2026-06-09 08:00:00,93.53,93.57,93.53,93.55,2167
2026-06-09 09:00:00,93.55,93.59,93.51,93.55,1244
2026-06-09 10:00:00,93.55,93.59,93.53,93.56,3859
2026-06-09 11:00:00,93.57,93.57,93.38,93.4,3787
2026-06-09 12:00:00,93.38,93.42,93.37,93.4,699
2026-06-09 13:00:00,93.38,93.42,93.38,93.41,4098
