Timestamp (UTC),Open,High,Low,Close,BRN Jul26: Volume
2026-05-01 00:00:00,92.01,92.03,92.0,92.01,2743
2026-05-01 01:00:00,92.01,92.09,92.0,92.05,2998
2026-05-01 02:00:00,92.04,92.25,92.04,92.21,227
2026-05-01 03:00:00,92.21,92.21,92.13,92.16,2428
2026-05-01 04:00:00,92.17,92.17,91.84,91.86,2053
2026-05-01 05:00:00,91.87,91.97,91.87,91.95,4796
2026-05-01 06:00:00,91.96,91.96,91.81,91.84,4629
2026-05-01 07:00:00,91.84,91.89,91.84,91.88,4725
2026-05-01 08:00:00,91.88,91.88,91.71,91.76,213
2026-05-01 09:00:00,91.76,91.89,91.76,91.87,4276
2026-05-01 10:00:00,91.86,91.97,91.86,91.96,2920
2026-05-01 11:00:00,91.96,91.96,91.75,91.79,115
2026-05-01 12:00:00,91.79,91.79,91.73,91.76,836
2026-05-01 13:00:00,91.78,91.78,91.7,91.72,4747
2026-05-01 14:00:00,91.7,91.72,91.68,91.7,341
2026-05-01 15:00:00,91.69,91.85,91.69,91.81,4054
2026-05-01 16:00:00,91.83,91.94,91.83,91.92,2559
2026-05-01 17:00:00,91.92,91.93,91.88,91.92,2304
2026-05-01 18:00:00,91.93,91.93,91.89,91.9,532
2026-05-01 19:00:00,91.9,91.93,91.86,91.89,1771
2026-05-01 20:00:00,91.89,91.91,91.88,91.89,3252
2026-05-01 21:00:00,91.89,91.89,91.82,91.84,435
2026-05-01 22:00:00,91.84,91.91,91.84,91.87,2328
2026-05-01 23:00:00,91.87,91.87,91.83,91.83,1289
2026-05-02 00:00:00,91.83,91.99,91.83,91.96,2735
2026-05-02 01:00:00,91.97,92.03,91.97,92.01,4149
2026-05-02 02:00:00,92.0,92.0,91.88,91.92,1499
2026-05-02 03:00:00,91.92,91.92,91.89,91.9,146
2026-05-02 04:00:00,91.88,91.91,91.87,91.89,4086
2026-05-02 05:00:00,91.91,91.91,91.81,91.85,3433
2026-05-02 06:00:00,91.86,91.97,91.86,91.92,4054
2026-05-02 07:00:00,91.93,92.03,91.93,92.01,4330
2026-05-02 08:00:00,92.03,92.09,92.03,92.08,681
2026-05-02 09:00:00,92.09,92.16,92.09,92.15,2029
2026-05-02 10:00:00,92.14,92.29,92.14,92.27,3119
2026-05-02 11:00:00,92.27,92.27,92.19,92.22,4676
2026-05-02 12:00:00,92.23,92.23,92.15,92.17,3545
2026-05-02 13:00:00,92.17,92.34,92.17,92.3,1152
2026-05-02 14:00:00,92.29,92.29,92.17,92.18,3648
2026-05-02 15:00:00,92.18,92.31,92.18,92.28,4366
2026-05-02 16:00:00,92.29,92.29,92.14,92.18,233
2026-05-02 17:00:00,92.18,92.18,92.16,92.17,2984
2026-05-02 18:00:00,92.15,92.19,92.15,92.17,1211
2026-05-02 19:00:00,92.15,92.15,91.87,91.92,4914
2026-05-02 20:00:00,91.93,92.05,91.93,92.03,3480
2026-05-02 21:00:00,92.05,92.05,91.86,91.91,55
2026-05-02 22:00:00,91.92,91.92,91.84,91.86,1153
2026-05-02 23:00:00,91.85,91.9,91.85,91.89,3625
2026-05-03 00:00:00,91.87,91.88,91.82,91.86,1158
2026-05-03 01:00:00,91.88,91.92,91.87,91.89,719
2026-05-03 02:00:00,91.87,91.97,91.87,91.94,2044
2026-05-03 03:00:00,91.96,92.03,91.96,92.0,2963
2026-05-03 04:00:00,91.98,92.03,91.98,92.02,4400
2026-05-03 05:00:00,92.01,92.03,91.97,92.0,4979
2026-05-03 06:00:00,92.01,92.08,92.01,92.04,3549
2026-05-03 07:00:00,92.04,92.04,91.91,91.93,3597
2026-05-03 08:00:00,91.94,92.09,91.94,92.07,1681
2026-05-03 09:00:00,92.08,92.15,92.08,92.13,2968
2026-05-03 10:00:00,92.12,92.12,92.05,92.09,1302
2026-05-03 11:00:00,92.1,92.11,92.09,92.1,1590
2026-05-03 12:00:00,92.09,92.21,92.09,92.16,4803
2026-05-03 13:00:00,92.15,92.25,92.15,92.22,1790
2026-05-03 14:00:00,92.23,92.41,92.23,92.39,846
2026-05-03 15:00:00,92.4,92.43,92.4,92.42,2003
2026-05-03 16:00:00,92.43,92.57,92.43,92.54,4447
2026-05-03 17:00:00,92.53,92.64,92.53,92.63,37
2026-05-03 18:00:00,92.62,92.62,92.48,92.53,4113
2026-05-03 19:00:00,92.53,92.61,92.53,92.56,4153
2026-05-03 20:00:00,92.57,92.57,92.48,92.51,1293
2026-05-03 21:00:00,92.51,92.58,92.51,92.56,1232
2026-05-03 22:00:00,92.57,92.59,92.53,92.57,686
2026-05-03 23:00:00,92.59,92.75,92.59,92.74,4246
2026-05-04 00:00:00,92.75,92.77,92.72,92.75,2822
2026-05-04 01:00:00,92.76,92.87,92.76,92.83,449
2026-05-04 02:00:00,92.84,92.84,92.66,92.7,4506
2026-05-04 03:00:00,92.69,92.69,92.59,92.62,4693
2026-05-04 04:00:00,92.64,92.64,92.51,92.53,3688
2026-05-04 05:00:00,92.51,92.61,92.51,92.59,3742
2026-05-04 06:00:00,92.59,92.7,92.59,92.69,4929
2026-05-04 07:00:00,92.69,92.69,92.62,92.63,3558
2026-05-04 08:00:00,92.64,92.66,92.63,92.66,4668
2026-05-04 09:00:00,92.65,92.72,92.64,92.68,3672
2026-05-04 10:00:00,92.68,92.68,92.62,92.66,3460
2026-05-04 11:00:00,92.66,92.66,92.58,92.59,2915
2026-05-04 12:00:00,92.58,92.67,92.58,92.63,329
2026-05-04 13:00:00,92.63,92.77,92.63,92.74,2579
2026-05-04 14:00:00,92.73,92.81,92.73,92.8,2483
2026-05-04 15:00:00,92.79,92.94,92.79,92.91,2998
2026-05-04 16:00:00,92.93,92.93,92.76,92.78,481
2026-05-04 17:00:00,92.77,92.77,92.67,92.71,263
2026-05-04 18:00:00,92.71,92.88,92.71,92.86,2807
2026-05-04 19:00:00,92.86,92.97,92.86,92.91,2921
2026-05-04 20:00:00,92.91,92.92,92.83,92.89,4544
2026-05-04 21:00:00,92.89,93.17,92.89,93.14,2995
2026-05-04 22:00:00,93.17,93.17,93.01,93.06,2161
2026-05-04 23:00:00,93.04,93.04,92.94,92.98,2414
2026-05-05 00:00:00,92.98,93.07,92.98,93.04,1795
2026-05-05 01:00:00,93.03,93.03,92.93,92.97,1531
2026-05-05 02:00:00,92.98,93.0,92.97,92.98,1469
2026-05-05 03:00:00,93.0,93.0,92.85,92.87,1255
2026-05-05 04:00:00,92.86,92.88,92.83,92.86,3738
2026-05-05 05:00:00,92.87,92.89,92.86,92.87,4740
2026-05-05 06:00:00,92.87,93.03,92.87,93.0,4748
2026-05-05 07:00:00,93.0,93.05,93.0,93.03,4748
2026-05-05 08:00:00,93.03,93.03,92.93,92.98,1450
2026-05-05 09:00:00,92.99,92.99,92.86,92.87,4487
2026-05-05 10:00:00,92.88,92.94,92.88,92.92,2226
2026-05-05 11:00:00,92.92,92.98,92.92,92.95,1732
2026-05-05 12:00:00,92.93,92.93,92.85,92.86,3324
2026-05-05 13:00:00,92.86,92.86,92.8,92.83,2670
2026-05-05 14:00:00,92.82,92.82,92.58,92.61,1997
2026-05-05 15:00:00,92.64,92.64,92.53,92.55,2404
2026-05-05 16:00:00,92.55,92.55,92.51,92.52,4164
2026-05-05 17:00:00,92.52,92.53,92.51,92.52,1554
2026-05-05 18:00:00,92.5,92.58,92.5,92.57,4713
2026-05-05 19:00:00,92.55,92.55,92.47,92.49,3643
2026-05-05 20:00:00,92.49,92.61,92.49,92.59,3807
2026-05-05 21:00:00,92.6,92.6,92.56,92.57,4413
2026-05-05 22:00:00,92.57,92.67,92.57,92.65,2943
2026-05-05 23:00:00,92.66,92.67,92.63,92.66,2762
2026-05-06 00:00:00,92.65,92.65,92.47,92.49,755
2026-05-06 01:00:00,92.5,92.59,92.5,92.57,4433
2026-05-06 02:00:00,92.58,92.7,92.58,92.68,3134
2026-05-06 03:00:00,92.68,92.68,92.64,92.66,4860
2026-05-06 04:00:00,92.66,92.66,92.59,92.59,3396
2026-05-06 05:00:00,92.58,92.64,92.58,92.63,3615
2026-05-06 06:00:00,92.63,92.8,92.63,92.78,1301
2026-05-06 07:00:00,92.79,93.0,92.79,92.98,1664
2026-05-06 08:00:00,92.98,92.99,92.92,92.95,2370
2026-05-06 09:00:00,92.94,93.03,92.94,92.99,2904
2026-05-06 10:00:00,92.97,93.12,92.97,93.1,3420
2026-05-06 11:00:00,93.1,93.11,93.07,93.09,4799
2026-05-06 12:00:00,93.07,93.07,93.0,93.01,207
2026-05-06 13:00:00,93.01,93.01,92.91,92.95,4929
2026-05-06 14:00:00,92.94,92.96,92.88,92.92,1935
2026-05-06 15:00:00,92.93,92.99,92.93,92.98,3078
2026-05-06 16:00:00,92.96,93.02,92.94,92.99,3399
2026-05-06 17:00:00,92.99,93.1,92.99,93.09,3670
2026-05-06 18:00:00,93.09,93.09,92.98,93.0,1573
2026-05-06 19:00:00,92.99,92.99,92.94,92.96,611
2026-05-06 20:00:00,92.95,92.95,92.8,92.82,4035
2026-05-06 21:00:00,92.82,92.96,92.82,92.91,751
2026-05-06 22:00:00,92.9,92.9,92.72,92.73,1548
2026-05-06 23:00:00,92.72,92.75,92.7,92.73,3723
2026-05-07 00:00:00,92.73,92.76,92.7,92.72,996
2026-05-07 01:00:00,92.74,92.74,92.6,92.62,4044
2026-05-07 02:00:00,92.62,92.62,92.49,92.53,1891
2026-05-07 03:00:00,92.53,92.53,92.37,92.38,1661
2026-05-07 04:00:00,92.38,92.4,92.35,92.38,3164
2026-05-07 05:00:00,92.37,92.51,92.37,92.5,1611
2026-05-07 06:00:00,92.49,92.56,92.49,92.54,4406
2026-05-07 07:00:00,92.56,92.56,92.3,92.32,1500
2026-05-07 08:00:00,92.31,92.31,92.24,92.27,3833
2026-05-07 09:00:00,92.29,92.31,92.23,92.25,1587
2026-05-07 10:00:00,92.26,92.26,92.1,92.13,4963
2026-05-07 11:00:00,92.14,92.14,92.08,92.11,362
2026-05-07 12:00:00,92.1,92.14,92.07,92.1,3161
2026-05-07 13:00:00,92.11,92.14,92.08,92.1,1792
2026-05-07 14:00:00,92.1,92.17,92.1,92.15,995
2026-05-07 15:00:00,92.15,92.35,92.15,92.31,2069
2026-05-07 16:00:00,92.32,92.35,92.28,92.32,2862
2026-05-07 17:00:00,92.31,92.31,92.29,92.3,2601
2026-05-07 18:00:00,92.29,92.29,92.18,92.22,710
2026-05-07 19:00:00,92.21,92.28,92.21,92.26,3820
2026-05-07 20:00:00,92.25,92.25,92.12,92.14,1150
2026-05-07 21:00:00,92.16,92.16,91.95,91.97,2887
2026-05-07 22:00:00,91.98,92.04,91.98,92.02,4306
2026-05-07 23:00:00,92.01,92.08,92.01,92.06,4655
2026-05-08 00:00:00,92.07,92.07,92.02,92.03,2213
2026-05-08 01:00:00,92.04,92.04,91.99,92.01,2930
2026-05-08 02:00:00,92.01,92.1,92.01,92.08,100
2026-05-08 03:00:00,92.1,92.1,92.01,92.05,4819
2026-05-08 04:00:00,92.05,92.17,92.05,92.16,551
2026-05-08 05:00:00,92.14,92.14,92.04,92.08,2958
2026-05-08 06:00:00,92.08,92.19,92.08,92.17,1088
2026-05-08 07:00:00,92.19,92.27,92.19,92.26,4220
2026-05-08 08:00:00,92.25,92.33,92.25,92.3,1405
2026-05-08 09:00:00,92.32,92.36,92.31,92.34,779
2026-05-08 10:00:00,92.34,92.37,92.32,92.34,3578
2026-05-08 11:00:00,92.35,92.45,92.35,92.41,3532
2026-05-08 12:00:00,92.41,92.48,92.41,92.46,798
2026-05-08 13:00:00,92.47,92.52,92.47,92.51,217
2026-05-08 14:00:00,92.52,92.67,92.52,92.64,2945
2026-05-08 15:00:00,92.65,92.71,92.65,92.7,1144
2026-05-08 16:00:00,92.69,92.84,92.69,92.82,4370
2026-05-08 17:00:00,92.82,92.91,92.82,92.87,2806
2026-05-08 18:00:00,92.87,92.91,92.84,92.88,1767
2026-05-08 19:00:00,92.86,92.86,92.81,92.82,4153
2026-05-08 20:00:00,92.83,92.83,92.72,92.73,115
2026-05-08 21:00:00,92.72,92.86,92.72,92.84,57
2026-05-08 22:00:00,92.85,92.85,92.71,92.74,2327
2026-05-08 23:00:00,92.74,92.74,92.67,92.7,1483
2026-05-09 00:00:00,92.69,92.78,92.69,92.74,3863
2026-05-09 01:00:00,92.74,92.77,92.74,92.76,3595
2026-05-09 02:00:00,92.75,92.75,92.68,92.71,547
2026-05-09 03:00:00,92.7,92.89,92.7,92.87,2381
2026-05-09 04:00:00,92.88,92.9,92.87,92.89,2872
2026-05-09 05:00:00,92.9,92.9,92.73,92.75,4850
2026-05-09 06:00:00,92.76,92.81,92.76,92.79,4920
2026-05-09 07:00:00,92.78,92.82,92.77,92.8,4177
2026-05-09 08:00:00,92.8,92.88,92.8,92.84,3991
2026-05-09 09:00:00,92.85,92.85,92.79,92.8,3477
2026-05-09 10:00:00,92.8,92.8,92.68,92.74,4638
2026-05-09 11:00:00,92.75,92.75,92.72,92.73,4564
2026-05-09 12:00:00,92.74,92.74,92.7,92.72,1377
2026-05-09 13:00:00,92.74,92.74,92.67,92.7,4973
2026-05-09 14:00:00,92.71,92.71,92.68,92.69,1261
2026-05-09 15:00:00,92.69,92.77,92.69,92.74,3201
2026-05-09 16:00:00,92.74,92.74,92.68,92.7,1482
2026-05-09 17:00:00,92.69,92.8,92.69,92.77,4670
2026-05-09 18:00:00,92.75,92.77,92.74,92.75,2835
2026-05-09 19:00:00,92.76,92.82,92.75,92.79,2882
2026-05-09 20:00:00,92.8,92.8,92.74,92.76,565
2026-05-09 21:00:00,92.77,92.77,92.68,92.71,4661
2026-05-09 22:00:00,92.71,92.72,92.67,92.7,1039
2026-05-09 23:00:00,92.68,92.88,92.68,92.86,4375
2026-05-10 00:00:00,92.86,92.86,92.78,92.8,486
2026-05-10 01:00:00,92.82,92.88,92.82,92.86,1034
2026-05-10 02:00:00,92.87,92.87,92.78,92.8,4084
2026-05-10 03:00:00,92.79,92.84,92.75,92.8,4952
2026-05-10 04:00:00,92.81,92.93,92.81,92.91,768
2026-05-10 05:00:00,92.92,92.92,92.87,92.89,3821
2026-05-10 06:00:00,92.88,92.88,92.81,92.85,2083
2026-05-10 07:00:00,92.87,92.88,92.86,92.87,3585
2026-05-10 08:00:00,92.86,92.93,92.86,92.9,4941
2026-05-10 09:00:00,92.91,92.91,92.87,92.89,1971
2026-05-10 10:00:00,92.89,93.02,92.89,93.0,2228
2026-05-10 11:00:00,93.01,93.06,93.01,93.05,3792
2026-05-10 12:00:00,93.05,93.16,93.05,93.15,2153
2026-05-10 13:00:00,93.15,93.15,93.09,93.12,4034
2026-05-10 14:00:00,93.11,93.22,93.11,93.2,2348
2026-05-10 15:00:00,93.2,93.2,93.13,93.15,226
2026-05-10 16:00:00,93.14,93.14,93.05,93.07,2034
2026-05-10 17:00:00,93.07,93.07,92.94,92.97,1046
2026-05-10 18:00:00,92.96,92.97,92.93,92.95,2261
2026-05-10 19:00:00,92.95,93.05,92.95,93.04,3723
2026-05-10 20:00:00,93.04,93.18,93.04,93.14,3599
2026-05-10 21:00:00,93.13,93.18,93.11,93.13,2089
2026-05-10 22:00:00,93.14,93.14,93.1,93.12,4273
2026-05-10 23:00:00,93.11,93.31,93.11,93.26,917
2026-05-11 00:00:00,93.25,93.3,93.24,93.27,517
2026-05-11 01:00:00,93.27,93.27,93.12,93.16,2136
2026-05-11 02:00:00,93.16,93.16,93.11,93.12,97
2026-05-11 03:00:00,93.12,93.13,93.06,93.11,2794
2026-05-11 04:00:00,93.1,93.2,93.1,93.18,267
2026-05-11 05:00:00,93.17,93.28,93.17,93.27,3047
2026-05-11 06:00:00,93.25,93.34,93.25,93.3,3901
2026-05-11 07:00:00,93.3,93.3,93.24,93.27,3306
2026-05-11 08:00:00,93.28,93.34,93.28,93.32,4654
2026-05-11 09:00:00,93.31,93.49,93.31,93.45,284
2026-05-11 10:00:00,93.46,93.46,93.38,93.41,2736
2026-05-11 11:00:00,93.4,93.4,93.32,93.35,4556
2026-05-11 12:00:00,93.35,93.45,93.35,93.4,2284
2026-05-11 13:00:00,93.4,93.45,93.38,93.41,2399
2026-05-11 14:00:00,93.42,93.44,93.38,93.41,685
2026-05-11 15:00:00,93.41,93.47,93.41,93.46,27
2026-05-11 16:00:00,93.47,93.47,93.29,93.3,2234
2026-05-11 17:00:00,93.3,93.37,93.3,93.36,1912
2026-05-11 18:00:00,93.34,93.44,93.34,93.41,386
2026-05-11 19:00:00,93.42,93.45,93.4,93.42,4057
2026-05-11 20:00:00,93.41,93.41,93.37,93.39,4966
2026-05-11 21:00:00,93.39,93.39,93.29,93.35,2358
2026-05-11 22:00:00,93.35,93.36,93.3,93.33,1482
2026-05-11 23:00:00,93.33,93.33,93.29,93.3,1525
2026-05-12 00:00:00,93.31,93.35,93.31,93.34,2048
2026-05-12 01:00:00,93.36,93.36,93.3,93.31,1537
2026-05-12 02:00:00,93.31,93.36,93.31,93.34,608
2026-05-12 03:00:00,93.34,93.37,93.34,93.36,3908
2026-05-12 04:00:00,93.37,93.42,93.35,93.4,2723
2026-05-12 05:00:00,93.4,93.42,93.36,93.4,3859
2026-05-12 06:00:00,93.4,93.48,93.4,93.46,4181
2026-05-12 07:00:00,93.47,93.54,93.47,93.53,3816
2026-05-12 08:00:00,93.53,93.56,93.51,93.54,1307
2026-05-12 09:00:00,93.54,93.54,93.46,93.49,109
2026-05-12 10:00:00,93.5,93.63,93.5,93.62,3919
2026-05-12 11:00:00,93.62,93.64,93.6,93.63,478
2026-05-12 12:00:00,93.63,93.63,93.54,93.56,4921
2026-05-12 13:00:00,93.54,93.56,93.5,93.53,2819
2026-05-12 14:00:00,93.53,93.53,93.45,93.47,2689
2026-05-12 15:00:00,93.46,93.48,93.4,93.44,4876
2026-05-12 16:00:00,93.46,93.46,93.32,93.34,4885
2026-05-12 17:00:00,93.34,93.36,93.32,93.34,4565
2026-05-12 18:00:00,93.33,93.54,93.33,93.51,2583
2026-05-12 19:00:00,93.52,93.56,93.52,93.54,2250
2026-05-12 20:00:00,93.55,93.64,93.55,93.63,4475
2026-05-12 21:00:00,93.63,93.68,93.63,93.66,2735
2026-05-12 22:00:00,93.64,93.71,93.64,93.68,765
2026-05-12 23:00:00,93.67,93.78,93.67,93.76,2021
2026-05-13 00:00:00,93.76,93.79,93.76,93.77,2003
2026-05-13 01:00:00,93.78,93.78,93.67,93.7,2038
2026-05-13 02:00:00,93.7,93.7,93.62,93.65,3098
2026-05-13 03:00:00,93.65,93.65,93.48,93.5,2007
2026-05-13 04:00:00,93.51,93.51,93.31,93.34,4604
2026-05-13 05:00:00,93.34,93.34,93.26,93.29,4548
2026-05-13 06:00:00,93.28,93.35,93.28,93.33,3783
2026-05-13 07:00:00,93.36,93.36,93.19,93.2,1861
2026-05-13 08:00:00,93.19,93.32,93.19,93.28,2725
2026-05-13 09:00:00,93.26,93.31,93.22,93.26,1352
2026-05-13 10:00:00,93.25,93.25,93.14,93.17,3081
2026-05-13 11:00:00,93.18,93.18,93.09,93.12,291
2026-05-13 12:00:00,93.13,93.18,93.13,93.17,2947
2026-05-13 13:00:00,93.16,93.32,93.16,93.31,2084
2026-05-13 14:00:00,93.33,93.33,93.26,93.28,4721
2026-05-13 15:00:00,93.28,93.28,93.17,93.19,2697
2026-05-13 16:00:00,93.19,93.26,93.19,93.22,4945
2026-05-13 17:00:00,93.2,93.38,93.2,93.37,3022
2026-05-13 18:00:00,93.37,93.44,93.37,93.41,3229
2026-05-13 19:00:00,93.39,93.59,93.39,93.54,4654
2026-05-13 20:00:00,93.54,93.71,93.54,93.69,2091
2026-05-13 21:00:00,93.69,93.71,93.66,93.68,3728
2026-05-13 22:00:00,93.67,93.67,93.6,93.61,1951
2026-05-13 23:00:00,93.62,93.62,93.54,93.57,1848
2026-05-14 00:00:00,93.57,93.58,93.51,93.54,3642
2026-05-14 01:00:00,93.53,93.6,93.53,93.57,4311
2026-05-14 02:00:00,93.57,93.67,93.57,93.65,2845
2026-05-14 03:00:00,93.65,93.74,93.65,93.72,1893
2026-05-14 04:00:00,93.72,93.74,93.67,93.72,2187
2026-05-14 05:00:00,93.73,93.73,93.63,93.67,4005
2026-05-14 06:00:00,93.65,93.65,93.55,93.57,3625
2026-05-14 07:00:00,93.56,93.62,93.56,93.61,1785
2026-05-14 08:00:00,93.61,93.61,93.38,93.39,4323
2026-05-14 09:00:00,93.41,93.41,93.36,93.38,4010
2026-05-14 10:00:00,93.36,93.45,93.36,93.42,2014
2026-05-14 11:00:00,93.42,93.42,93.3,93.34,1245
2026-05-14 12:00:00,93.34,93.36,93.33,93.35,1518
2026-05-14 13:00:00,93.34,93.36,93.27,93.31,2475
2026-05-14 14:00:00,93.31,93.33,93.3,93.32,4997
2026-05-14 15:00:00,93.31,93.39,93.31,93.37,4057
2026-05-14 16:00:00,93.36,93.45,93.36,93.43,1622
2026-05-14 17:00:00,93.44,93.51,93.44,93.49,484
2026-05-14 18:00:00,93.5,93.54,93.48,93.5,3871
2026-05-14 19:00:00,93.5,93.52,93.44,93.48,3835
2026-05-14 20:00:00,93.48,93.49,93.42,93.47,4464
2026-05-14 21:00:00,93.47,93.57,93.47,93.56,3020
2026-05-14 22:00:00,93.54,93.7,93.54,93.68,3910
2026-05-14 23:00:00,93.68,93.68,93.56,93.57,930
2026-05-15 00:00:00,93.58,93.61,93.57,93.58,2669
2026-05-15 01:00:00,93.58,93.63,93.56,93.6,3523
2026-05-15 02:00:00,93.61,93.67,93.61,93.63,1440
2026-05-15 03:00:00,93.62,93.62,93.56,93.58,3226
2026-05-15 04:00:00,93.58,93.76,93.58,93.74,2886
2026-05-15 05:00:00,93.73,93.73,93.68,93.71,4339
2026-05-15 06:00:00,93.7,93.79,93.7,93.77,2243
2026-05-15 07:00:00,93.79,93.79,93.64,93.66,1595
2026-05-15 08:00:00,93.66,93.66,93.56,93.58,4045
2026-05-15 09:00:00,93.59,93.69,93.59,93.67,4068
2026-05-15 10:00:00,93.68,93.72,93.68,93.71,2776
2026-05-15 11:00:00,93.7,93.79,93.7,93.77,99
2026-05-15 12:00:00,93.77,93.87,93.77,93.85,281
2026-05-15 13:00:00,93.85,93.99,93.85,93.95,1781
2026-05-15 14:00:00,93.95,93.95,93.79,93.8,2607
2026-05-15 15:00:00,93.8,93.8,93.71,93.72,4041
2026-05-15 16:00:00,93.72,93.77,93.69,93.74,1879
2026-05-15 17:00:00,93.75,93.81,93.75,93.79,433
2026-05-15 18:00:00,93.79,93.79,93.65,93.69,1542
2026-05-15 19:00:00,93.69,93.69,93.53,93.54,826
2026-05-15 20:00:00,93.55,93.55,93.47,93.49,4257
2026-05-15 21:00:00,93.48,93.56,93.48,93.53,1622
2026-05-15 22:00:00,93.54,93.68,93.54,93.65,2703
2026-05-15 23:00:00,93.65,93.75,93.65,93.73,4659
2026-05-16 00:00:00,93.72,93.72,93.62,93.64,2954
2026-05-16 01:00:00,93.63,93.69,93.63,93.68,605
2026-05-16 02:00:00,93.67,93.85,93.67,93.84,2357
2026-05-16 03:00:00,93.84,93.89,93.84,93.88,709
2026-05-16 04:00:00,93.86,94.07,93.86,94.06,4875
2026-05-16 05:00:00,94.07,94.07,94.02,94.03,1482
2026-05-16 06:00:00,94.05,94.05,93.9,93.92,1581
2026-05-16 07:00:00,93.93,93.93,93.84,93.88,636
2026-05-16 08:00:00,93.9,94.08,93.9,94.04,2549
2026-05-16 09:00:00,94.03,94.15,94.03,94.13,2376
2026-05-16 10:00:00,94.13,94.13,93.88,93.93,1940
2026-05-16 11:00:00,93.94,94.0,93.94,93.98,2480
2026-05-16 12:00:00,93.99,93.99,93.86,93.91,4749
2026-05-16 13:00:00,93.91,93.91,93.79,93.82,959
2026-05-16 14:00:00,93.82,93.82,93.71,93.73,1961
2026-05-16 15:00:00,93.74,93.8,93.74,93.79,2105
2026-05-16 16:00:00,93.79,93.92,93.79,93.88,3437
2026-05-16 17:00:00,93.86,93.86,93.8,93.83,4680
2026-05-16 18:00:00,93.82,93.95,93.82,93.92,1290
2026-05-16 19:00:00,93.92,93.92,93.83,93.85,2285
2026-05-16 20:00:00,93.84,93.87,93.82,93.84,4479
2026-05-16 21:00:00,93.84,93.84,93.73,93.77,4857
2026-05-16 22:00:00,93.77,93.77,93.74,93.75,4789
2026-05-16 23:00:00,93.75,93.75,93.69,93.71,3282
2026-05-17 00:00:00,93.69,93.71,93.65,93.68,1996
2026-05-17 01:00:00,93.68,93.71,93.68,93.7,1823
2026-05-17 02:00:00,93.71,93.86,93.71,93.82,3346
2026-05-17 03:00:00,93.81,94.15,93.81,94.12,1875
2026-05-17 04:00:00,94.14,94.16,94.13,94.14,4534
2026-05-17 05:00:00,94.14,94.18,94.08,94.13,4896
2026-05-17 06:00:00,94.12,94.12,93.97,93.99,204
2026-05-17 07:00:00,93.99,93.99,93.87,93.9,1005
2026-05-17 08:00:00,93.89,93.89,93.75,93.77,797
2026-05-17 09:00:00,93.76,93.89,93.76,93.84,1774
2026-05-17 10:00:00,93.85,93.85,93.74,93.75,2951
2026-05-17 11:00:00,93.75,93.84,93.75,93.82,4555
2026-05-17 12:00:00,93.83,93.95,93.83,93.92,1865
2026-05-17 13:00:00,93.94,94.13,93.94,94.08,265
2026-05-17 14:00:00,94.09,94.09,93.95,93.97,818
2026-05-17 15:00:00,93.98,94.06,93.98,94.03,4535
2026-05-17 16:00:00,94.03,94.03,93.98,93.99,1960
2026-05-17 17:00:00,94.01,94.01,93.89,93.93,1971
2026-05-17 18:00:00,93.93,94.06,93.93,94.05,1427
2026-05-17 19:00:00,94.05,94.22,94.05,94.17,1400
2026-05-17 20:00:00,94.17,94.2,94.15,94.17,4011
2026-05-17 21:00:00,94.18,94.26,94.18,94.24,2302
2026-05-17 22:00:00,94.23,94.35,94.23,94.32,3897
2026-05-17 23:00:00,94.33,94.33,94.26,94.27,4893
2026-05-18 00:00:00,94.28,94.36,94.28,94.33,1315
2026-05-18 01:00:00,94.35,94.36,94.31,94.33,4011
2026-05-18 02:00:00,94.35,94.35,94.32,94.34,2190
2026-05-18 03:00:00,94.33,94.35,94.32,94.34,3870
2026-05-18 04:00:00,94.33,94.36,94.33,94.35,3885
2026-05-18 05:00:00,94.37,94.37,94.33,94.35,3823
2026-05-18 06:00:00,94.34,94.52,94.34,94.5,1111
2026-05-18 07:00:00,94.5,94.59,94.5,94.54,2246
2026-05-18 08:00:00,94.55,94.7,94.55,94.68,659
2026-05-18 09:00:00,94.67,94.67,94.58,94.62,1479
2026-05-18 10:00:00,94.61,94.77,94.61,94.75,1415
2026-05-18 11:00:00,94.75,94.81,94.75,94.8,4908
2026-05-18 12:00:00,94.78,94.78,94.72,94.75,3495
2026-05-18 13:00:00,94.77,94.83,94.77,94.79,4168
2026-05-18 14:00:00,94.8,94.8,94.71,94.73,2685
2026-05-18 15:00:00,94.74,94.82,94.74,94.79,1133
2026-05-18 16:00:00,94.8,94.8,94.6,94.61,1285
2026-05-18 17:00:00,94.61,94.62,94.6,94.61,237
2026-05-18 18:00:00,94.61,94.82,94.61,94.79,3778
2026-05-18 19:00:00,94.78,94.83,94.78,94.82,777
2026-05-18 20:00:00,94.82,94.92,94.82,94.91,145
2026-05-18 21:00:00,94.91,95.08,94.91,95.06,2837
2026-05-18 22:00:00,95.05,95.05,94.95,94.98,1277
2026-05-18 23:00:00,94.98,95.19,94.98,95.16,3543
2026-05-19 00:00:00,95.16,95.18,95.14,95.16,1281
2026-05-19 01:00:00,95.17,95.18,95.12,95.15,217
2026-05-19 02:00:00,95.15,95.15,94.97,94.98,4038
2026-05-19 03:00:00,94.96,95.0,94.96,94.98,2369
2026-05-19 04:00:00,95.0,95.12,95.0,95.09,2052
2026-05-19 05:00:00,95.07,95.14,95.07,95.11,3810
2026-05-19 06:00:00,95.11,95.13,95.06,95.09,3735
2026-05-19 07:00:00,95.1,95.1,94.84,94.88,1898
2026-05-19 08:00:00,94.89,94.89,94.76,94.79,564
2026-05-19 09:00:00,94.78,94.84,94.78,94.82,4776
2026-05-19 10:00:00,94.83,94.83,94.73,94.75,4799
2026-05-19 11:00:00,94.76,94.76,94.7,94.72,530
2026-05-19 12:00:00,94.72,94.83,94.72,94.82,1097
2026-05-19 13:00:00,94.82,94.82,94.76,94.77,3499
2026-05-19 14:00:00,94.78,94.83,94.78,94.81,3401
2026-05-19 15:00:00,94.82,94.86,94.81,94.84,4253
2026-05-19 16:00:00,94.84,94.84,94.78,94.79,4125
2026-05-19 17:00:00,94.82,94.93,94.82,94.91,1542
2026-05-19 18:00:00,94.9,94.9,94.85,94.88,4221
2026-05-19 19:00:00,94.9,94.9,94.78,94.8,4937
2026-05-19 20:00:00,94.81,94.81,94.71,94.74,954
2026-05-19 21:00:00,94.74,94.74,94.66,94.71,1609
2026-05-19 22:00:00,94.68,94.81,94.68,94.79,1635
2026-05-19 23:00:00,94.79,94.9,94.79,94.86,1751
2026-05-20 00:00:00,94.87,95.13,94.87,95.1,2972
2026-05-20 01:00:00,95.09,95.13,95.09,95.12,1590
2026-05-20 02:00:00,95.13,95.13,95.04,95.08,4481
2026-05-20 03:00:00,95.08,95.12,95.07,95.08,4343
2026-05-20 04:00:00,95.08,95.15,95.08,95.14,3667
2026-05-20 05:00:00,95.14,95.14,94.99,95.02,4498
2026-05-20 06:00:00,95.02,95.06,95.02,95.04,351
2026-05-20 07:00:00,95.05,95.2,95.05,95.19,2398
2026-05-20 08:00:00,95.2,95.2,95.14,95.18,248
2026-05-20 09:00:00,95.2,95.2,95.12,95.14,4124
2026-05-20 10:00:00,95.14,95.14,95.02,95.05,4447
2026-05-20 11:00:00,95.05,95.25,95.05,95.22,1354
2026-05-20 12:00:00,95.22,95.24,95.15,95.2,600
2026-05-20 13:00:00,95.21,95.21,95.16,95.17,1964
2026-05-20 14:00:00,95.16,95.16,95.1,95.12,565
2026-05-20 15:00:00,95.13,95.16,95.13,95.15,573
2026-05-20 16:00:00,95.14,95.17,95.12,95.15,264
2026-05-20 17:00:00,95.16,95.2,95.13,95.16,2460
2026-05-20 18:00:00,95.14,95.14,95.0,95.05,3390
2026-05-20 19:00:00,95.05,95.19,95.05,95.17,42
2026-05-20 20:00:00,95.17,95.17,95.07,95.09,1032
2026-05-20 21:00:00,95.1,95.1,95.03,95.05,3225
2026-05-20 22:00:00,95.05,95.2,95.05,95.16,243
2026-05-20 23:00:00,95.15,95.25,95.15,95.24,1319
2026-05-21 00:00:00,95.26,95.26,95.06,95.08,4354
2026-05-21 01:00:00,95.07,95.2,95.07,95.16,1848
2026-05-21 02:00:00,95.14,95.14,95.06,95.08,1763
2026-05-21 03:00:00,95.08,95.08,94.95,94.96,4395
2026-05-21 04:00:00,94.96,94.97,94.91,94.94,1607
2026-05-21 05:00:00,94.95,95.01,94.95,95.0,705
2026-05-21 06:00:00,95.01,95.01,94.87,94.89,1471
2026-05-21 07:00:00,94.89,95.0,94.89,94.96,3046
2026-05-21 08:00:00,94.95,94.96,94.89,94.93,4675
2026-05-21 09:00:00,94.92,94.98,94.92,94.96,889
2026-05-21 10:00:00,94.97,95.06,94.97,95.05,3463
2026-05-21 11:00:00,95.05,95.05,94.97,94.99,1976
2026-05-21 12:00:00,94.99,95.05,94.96,95.0,3912
2026-05-21 13:00:00,95.02,95.13,95.02,95.12,1928
2026-05-21 14:00:00,95.12,95.18,95.12,95.16,1559
2026-05-21 15:00:00,95.16,95.35,95.16,95.31,3391
2026-05-21 16:00:00,95.33,95.52,95.33,95.48,1140
2026-05-21 17:00:00,95.49,95.49,95.41,95.44,1316
2026-05-21 18:00:00,95.44,95.51,95.44,95.49,4987
2026-05-21 19:00:00,95.49,95.49,95.36,95.38,2147
2026-05-21 20:00:00,95.37,95.5,95.37,95.49,4867
2026-05-21 21:00:00,95.51,95.54,95.47,95.51,2019
2026-05-21 22:00:00,95.51,95.61,95.51,95.57,4558
2026-05-21 23:00:00,95.56,95.56,95.48,95.5,3170
2026-05-22 00:00:00,95.5,95.53,95.5,95.52,4119
2026-05-22 01:00:00,95.52,95.52,95.44,95.46,153
2026-05-22 02:00:00,95.47,95.47,95.38,95.39,2228
2026-05-22 03:00:00,95.39,95.39,95.28,95.32,4206
2026-05-22 04:00:00,95.32,95.32,95.22,95.24,975
2026-05-22 05:00:00,95.26,95.36,95.26,95.35,404
2026-05-22 06:00:00,95.35,95.35,95.25,95.26,4148
2026-05-22 07:00:00,95.26,95.29,95.22,95.25,1981
2026-05-22 08:00:00,95.25,95.25,95.16,95.18,4035
2026-05-22 09:00:00,95.18,95.18,95.06,95.1,2319
2026-05-22 10:00:00,95.09,95.14,95.09,95.12,3605
2026-05-22 11:00:00,95.12,95.23,95.12,95.19,3741
2026-05-22 12:00:00,95.19,95.19,95.09,95.1,2972
2026-05-22 13:00:00,95.1,95.25,95.1,95.22,3733
2026-05-22 14:00:00,95.2,95.39,95.2,95.38,527
2026-05-22 15:00:00,95.38,95.52,95.38,95.49,495
2026-05-22 16:00:00,95.49,95.55,95.49,95.53,351
2026-05-22 17:00:00,95.53,95.54,95.47,95.5,4617
2026-05-22 18:00:00,95.49,95.49,95.42,95.43,3975
2026-05-22 19:00:00,95.41,95.55,95.41,95.5,2657
2026-05-22 20:00:00,95.49,95.62,95.49,95.59,4292
2026-05-22 21:00:00,95.59,95.59,95.43,95.46,3496
2026-05-22 22:00:00,95.46,95.46,95.29,95.33,2031
2026-05-22 23:00:00,95.34,95.39,95.34,95.36,4860
2026-05-23 00:00:00,95.37,95.42,95.36,95.4,4720
2026-05-23 01:00:00,95.4,95.56,95.4,95.53,504
2026-05-23 02:00:00,95.54,95.58,95.54,95.56,835
2026-05-23 03:00:00,95.56,95.56,95.52,95.54,611
2026-05-23 04:00:00,95.53,95.53,95.39,95.42,1979
2026-05-23 05:00:00,95.42,95.47,95.4,95.43,2123
2026-05-23 06:00:00,95.43,95.65,95.43,95.62,1220
2026-05-23 07:00:00,95.63,95.63,95.55,95.58,4352
2026-05-23 08:00:00,95.6,95.8,95.6,95.75,3860
2026-05-23 09:00:00,95.75,95.75,95.62,95.65,1615
2026-05-23 10:00:00,95.64,95.65,95.6,95.63,4191
2026-05-23 11:00:00,95.64,95.64,95.54,95.57,2390
2026-05-23 12:00:00,95.57,95.79,95.57,95.76,1464
2026-05-23 13:00:00,95.75,95.77,95.7,95.73,4005
2026-05-23 14:00:00,95.74,95.92,95.74,95.9,2740
2026-05-23 15:00:00,95.88,96.02,95.88,95.97,171
2026-05-23 16:00:00,95.97,95.97,95.91,95.92,916
2026-05-23 17:00:00,95.92,95.92,95.83,95.86,2419
2026-05-23 18:00:00,95.86,95.97,95.86,95.94,884
2026-05-23 19:00:00,95.95,95.95,95.86,95.9,782
2026-05-23 20:00:00,95.89,95.93,95.89,95.91,4285
2026-05-23 21:00:00,95.92,95.99,95.92,95.99,2164
2026-05-23 22:00:00,95.98,95.98,95.93,95.95,1967
2026-05-23 23:00:00,95.98,96.0,95.95,95.99,3077
2026-05-24 00:00:00,95.99,96.04,95.99,96.02,276
2026-05-24 01:00:00,96.04,96.16,96.04,96.11,1574
2026-05-24 02:00:00,96.12,96.16,96.08,96.12,3798
2026-05-24 03:00:00,96.13,96.26,96.13,96.25,4066
2026-05-24 04:00:00,96.26,96.33,96.26,96.31,1414
2026-05-24 05:00:00,96.33,96.45,96.33,96.41,1246
2026-05-24 06:00:00,96.42,96.51,96.42,96.5,4385
2026-05-24 07:00:00,96.5,96.54,96.5,96.52,2639
2026-05-24 08:00:00,96.53,96.54,96.49,96.51,3963
2026-05-24 09:00:00,96.52,96.54,96.48,96.51,3123
2026-05-24 10:00:00,96.51,96.54,96.5,96.52,2790
2026-05-24 11:00:00,96.52,96.52,96.5,96.51,4495
2026-05-24 12:00:00,96.52,96.52,96.47,96.5,150
2026-05-24 13:00:00,96.5,96.55,96.48,96.51,4236
2026-05-24 14:00:00,96.49,96.65,96.49,96.64,4767
2026-05-24 15:00:00,96.65,96.65,96.55,96.56,2333
2026-05-24 16:00:00,96.55,96.61,96.55,96.58,2446
2026-05-24 17:00:00,96.56,96.66,96.56,96.65,967
2026-05-24 18:00:00,96.65,96.81,96.65,96.79,4320
2026-05-24 19:00:00,96.8,97.0,96.8,96.98,4821
2026-05-24 20:00:00,96.97,96.97,96.85,96.89,4149
2026-05-24 21:00:00,96.9,96.95,96.9,96.94,227
2026-05-24 22:00:00,96.94,97.06,96.94,97.02,3552
2026-05-24 23:00:00,97.01,97.01,96.96,96.99,1241
2026-05-25 00:00:00,96.98,97.09,96.98,97.05,1246
2026-05-25 01:00:00,97.05,97.12,97.05,97.09,1074
2026-05-25 02:00:00,97.1,97.18,97.1,97.16,2977
2026-05-25 03:00:00,97.16,97.26,97.16,97.23,3965
2026-05-25 04:00:00,97.23,97.39,97.23,97.37,1147
2026-05-25 05:00:00,97.36,97.4,97.36,97.39,520
2026-05-25 06:00:00,97.39,97.39,97.22,97.25,1453
2026-05-25 07:00:00,97.27,97.27,97.13,97.14,3230
2026-05-25 08:00:00,97.14,97.3,97.14,97.24,3464
2026-05-25 09:00:00,97.23,97.25,97.19,97.23,3556
2026-05-25 10:00:00,97.22,97.41,97.22,97.38,4953
2026-05-25 11:00:00,97.37,97.42,97.37,97.4,1303
2026-05-25 12:00:00,97.4,97.4,97.29,97.31,2009
2026-05-25 13:00:00,97.31,97.41,97.31,97.39,1400
2026-05-25 14:00:00,97.41,97.58,97.41,97.54,590
2026-05-25 15:00:00,97.56,97.56,97.51,97.54,121
2026-05-25 16:00:00,97.56,97.56,97.42,97.45,2988
2026-05-25 17:00:00,97.46,97.53,97.46,97.52,3800
2026-05-25 18:00:00,97.51,97.51,97.38,97.4,4336
2026-05-25 19:00:00,97.41,97.41,97.31,97.35,3275
2026-05-25 20:00:00,97.35,97.4,97.35,97.38,4355
2026-05-25 21:00:00,97.38,97.47,97.38,97.46,922
2026-05-25 22:00:00,97.46,97.46,97.33,97.35,1455
2026-05-25 23:00:00,97.34,97.48,97.34,97.42,909
2026-05-26 00:00:00,97.43,97.43,97.28,97.32,2006
2026-05-26 01:00:00,97.32,97.49,97.32,97.47,966
2026-05-26 02:00:00,97.47,97.51,97.43,97.45,3465
2026-05-26 03:00:00,97.46,97.46,97.41,97.42,4403
2026-05-26 04:00:00,97.42,97.5,97.42,97.46,4444
2026-05-26 05:00:00,97.44,97.5,97.4,97.46,2668
2026-05-26 06:00:00,97.46,97.46,97.27,97.29,2954
2026-05-26 07:00:00,97.28,97.3,97.26,97.28,1118
2026-05-26 08:00:00,97.28,97.54,97.28,97.52,2452
2026-05-26 09:00:00,97.53,97.58,97.53,97.57,683
2026-05-26 10:00:00,97.57,97.62,97.57,97.6,1790
2026-05-26 11:00:00,97.6,97.66,97.6,97.63,3945
2026-05-26 12:00:00,97.65,97.66,97.62,97.64,509
2026-05-26 13:00:00,97.64,97.64,97.48,97.53,3915
2026-05-26 14:00:00,97.53,97.59,97.53,97.57,4931
2026-05-26 15:00:00,97.58,97.58,97.5,97.52,219
2026-05-26 16:00:00,97.51,97.51,97.45,97.47,3925
2026-05-26 17:00:00,97.49,97.49,97.36,97.37,948
2026-05-26 18:00:00,97.35,97.35,97.27,97.29,576
2026-05-26 19:00:00,97.27,97.31,97.27,97.29,2136
2026-05-26 20:00:00,97.28,97.41,97.28,97.39,3277
2026-05-26 21:00:00,97.38,97.58,97.38,97.57,4746
2026-05-26 22:00:00,97.56,97.56,97.37,97.4,1183
2026-05-26 23:00:00,97.41,97.52,97.41,97.51,3226
2026-05-27 00:00:00,97.53,97.53,97.12,97.15,3282
2026-05-27 01:00:00,97.15,97.15,97.05,97.07,3230
2026-05-27 02:00:00,97.07,97.07,96.86,96.88,1540
2026-05-27 03:00:00,96.89,97.04,96.89,97.01,776
2026-05-27 04:00:00,97.01,97.01,96.89,96.94,1422
2026-05-27 05:00:00,96.92,97.07,96.92,97.02,323
2026-05-27 06:00:00,97.02,97.13,97.02,97.11,4421
2026-05-27 07:00:00,97.12,97.2,97.12,97.18,1123
2026-05-27 08:00:00,97.19,97.23,97.19,97.22,108
2026-05-27 09:00:00,97.22,97.3,97.22,97.28,2381
2026-05-27 10:00:00,97.28,97.4,97.28,97.38,2250
2026-05-27 11:00:00,97.37,97.45,97.37,97.43,1510
2026-05-27 12:00:00,97.42,97.47,97.42,97.46,2778
2026-05-27 13:00:00,97.46,97.46,97.36,97.38,2030
2026-05-27 14:00:00,97.39,97.39,97.19,97.21,610
2026-05-27 15:00:00,97.2,97.35,97.2,97.34,3581
2026-05-27 16:00:00,97.33,97.42,97.33,97.4,2591
2026-05-27 17:00:00,97.41,97.45,97.36,97.41,51
2026-05-27 18:00:00,97.4,97.4,97.33,97.35,557
2026-05-27 19:00:00,97.36,97.36,97.31,97.33,1629
2026-05-27 20:00:00,97.33,97.39,97.3,97.34,2325
2026-05-27 21:00:00,97.33,97.33,97.26,97.27,3681
2026-05-27 22:00:00,97.27,97.27,97.15,97.17,1685
2026-05-27 23:00:00,97.19,97.19,97.15,97.16,3014
2026-05-28 00:00:00,97.14,97.26,97.14,97.24,177
2026-05-28 01:00:00,97.25,97.25,97.14,97.16,504
2026-05-28 02:00:00,97.15,97.2,97.15,97.19,1376
2026-05-28 03:00:00,97.2,97.27,97.2,97.25,2636
2026-05-28 04:00:00,97.25,97.26,97.18,97.22,2245
2026-05-28 05:00:00,97.22,97.22,97.1,97.14,1282
2026-05-28 06:00:00,97.17,97.3,97.17,97.27,4312
2026-05-28 07:00:00,97.27,97.37,97.27,97.34,1686
2026-05-28 08:00:00,97.33,97.43,97.33,97.41,1012
2026-05-28 09:00:00,97.42,97.48,97.42,97.47,3013
2026-05-28 10:00:00,97.47,97.67,97.47,97.63,3466
2026-05-28 11:00:00,97.63,97.69,97.63,97.68,1178
2026-05-28 12:00:00,97.7,97.7,97.67,97.69,1312
2026-05-28 13:00:00,97.67,97.75,97.67,97.73,152
2026-05-28 14:00:00,97.74,97.81,97.74,97.79,4584
2026-05-28 15:00:00,97.78,97.93,97.78,97.9,1154
2026-05-28 16:00:00,97.89,98.06,97.89,98.03,3337
2026-05-28 17:00:00,98.05,98.05,97.87,97.9,2029
2026-05-28 18:00:00,97.9,98.05,97.9,98.0,209
2026-05-28 19:00:00,97.98,97.98,97.94,97.95,4933
2026-05-28 20:00:00,97.96,97.96,97.88,97.89,3343
2026-05-28 21:00:00,97.87,97.87,97.72,97.77,2286
2026-05-28 22:00:00,97.75,97.75,97.66,97.7,1310
2026-05-28 23:00:00,97.7,97.7,97.54,97.57,4538
2026-05-29 00:00:00,97.58,97.63,97.55,97.59,2956
2026-05-29 01:00:00,97.6,97.61,97.53,97.58,4098
2026-05-29 02:00:00,97.58,97.71,97.58,97.67,3511
2026-05-29 03:00:00,97.68,97.73,97.63,97.68,1145
2026-05-29 04:00:00,97.68,97.68,97.51,97.53,3295
2026-05-29 05:00:00,97.51,97.57,97.49,97.52,3071
2026-05-29 06:00:00,97.51,97.61,97.51,97.58,4007
2026-05-29 07:00:00,97.57,97.57,97.45,97.48,3865
2026-05-29 08:00:00,97.47,97.53,97.47,97.5,3391
2026-05-29 09:00:00,97.52,97.69,97.52,97.65,4630
2026-05-29 10:00:00,97.66,97.66,97.5,97.53,1399
2026-05-29 11:00:00,97.53,97.55,97.52,97.54,1234
2026-05-29 12:00:00,97.51,97.75,97.51,97.74,2551
2026-05-29 13:00:00,97.75,97.84,97.75,97.82,2781
2026-05-29 14:00:00,97.81,97.89,97.81,97.87,3349
2026-05-29 15:00:00,97.88,97.95,97.88,97.93,3904
2026-05-29 16:00:00,97.94,97.97,97.93,97.95,1758
2026-05-29 17:00:00,97.95,97.95,97.89,97.9,3801
2026-05-29 18:00:00,97.91,97.99,97.91,97.96,2901
2026-05-29 19:00:00,97.93,98.06,97.93,98.05,1820
2026-05-29 20:00:00,98.03,98.16,98.03,98.14,1186
2026-05-29 21:00:00,98.13,98.21,98.13,98.19,4084
2026-05-29 22:00:00,98.19,98.26,98.19,98.24,4264
2026-05-29 23:00:00,98.24,98.24,98.12,98.14,3953
2026-05-30 00:00:00,98.16,98.2,98.13,98.16,322
2026-05-30 01:00:00,98.16,98.23,98.16,98.21,2569
2026-05-30 02:00:00,98.2,98.32,98.2,98.3,4418
2026-05-30 03:00:00,98.29,98.29,98.15,98.18,1361
2026-05-30 04:00:00,98.18,98.25,98.18,98.23,291
2026-05-30 05:00:00,98.23,98.23,98.12,98.17,1343
2026-05-30 06:00:00,98.18,98.26,98.18,98.23,759
2026-05-30 07:00:00,98.22,98.42,98.22,98.4,388
2026-05-30 08:00:00,98.4,98.45,98.36,98.41,1382
2026-05-30 09:00:00,98.4,98.41,98.35,98.38,4362
2026-05-30 10:00:00,98.39,98.39,98.18,98.22,1699
2026-05-30 11:00:00,98.22,98.22,98.06,98.08,291
2026-05-30 12:00:00,98.07,98.07,97.99,98.01,1154
2026-05-30 13:00:00,98.01,98.14,98.01,98.11,1426
2026-05-30 14:00:00,98.1,98.15,98.07,98.11,2063
2026-05-30 15:00:00,98.11,98.25,98.11,98.23,2244
2026-05-30 16:00:00,98.22,98.31,98.22,98.28,2926
2026-05-30 17:00:00,98.28,98.31,98.25,98.29,4076
2026-05-30 18:00:00,98.29,98.29,98.24,98.25,1716
2026-05-30 19:00:00,98.25,98.27,98.24,98.26,497
2026-05-30 20:00:00,98.24,98.32,98.24,98.3,4246
2026-05-30 21:00:00,98.31,98.31,98.2,98.22,74
2026-05-30 22:00:00,98.22,98.24,98.19,98.21,719
2026-05-30 23:00:00,98.19,98.19,98.02,98.05,1096
2026-05-31 00:00:00,98.05,98.05,97.95,98.0,2621
2026-05-31 01:00:00,97.99,97.99,97.89,97.94,1433
2026-05-31 02:00:00,97.93,98.13,97.93,98.11,999
2026-05-31 03:00:00,98.11,98.11,98.07,98.08,3103
2026-05-31 04:00:00,98.09,98.09,97.98,98.0,3817
2026-05-31 05:00:00,98.02,98.13,98.02,98.11,3107
2026-05-31 06:00:00,98.08,98.08,98.0,98.05,1698
2026-05-31 07:00:00,98.06,98.25,98.06,98.24,94
2026-05-31 08:00:00,98.24,98.24,98.14,98.17,403
2026-05-31 09:00:00,98.17,98.17,98.1,98.11,4088
2026-05-31 10:00:00,98.1,98.1,98.02,98.03,2350
2026-05-31 11:00:00,98.03,98.03,97.95,97.97,3687
2026-05-31 12:00:00,97.96,97.98,97.92,97.95,1004
2026-05-31 13:00:00,97.95,97.95,97.85,97.88,3582
2026-05-31 14:00:00,97.86,97.88,97.84,97.86,2416
2026-05-31 15:00:00,97.87,97.87,97.76,97.79,2292
2026-05-31 16:00:00,97.82,97.82,97.79,97.8,3421
2026-05-31 17:00:00,97.81,97.81,97.74,97.78,1734
2026-05-31 18:00:00,97.78,97.97,97.78,97.94,4990
2026-05-31 19:00:00,97.94,97.94,97.79,97.81,2379
2026-05-31 20:00:00,97.81,97.81,97.7,97.71,483
2026-05-31 21:00:00,97.7,97.85,97.7,97.82,2136
2026-05-31 22:00:00,97.81,97.83,97.78,97.8,184
2026-05-31 23:00:00,97.8,97.8,97.7,97.74,3010
2026-06-01 00:00:00,97.73,97.93,97.73,97.88,2834
2026-06-01 01:00:00,97.88,97.94,97.88,97.93,608
2026-06-01 02:00:00,97.91,98.07,97.91,98.04,3933
2026-06-01 03:00:00,98.06,98.06,97.89,97.92,222
2026-06-01 04:00:00,97.91,97.99,97.91,97.97,549
2026-06-01 05:00:00,97.99,98.06,97.99,98.04,992
2026-06-01 06:00:00,98.05,98.05,97.94,97.95,4378
2026-06-01 07:00:00,97.95,97.96,97.87,97.91,21
2026-06-01 08:00:00,97.93,97.96,97.91,97.94,2385
2026-06-01 09:00:00,97.95,97.95,97.86,97.9,1798
2026-06-01 10:00:00,97.9,97.99,97.9,97.97,1374
2026-06-01 11:00:00,97.98,98.05,97.98,98.01,3924
2026-06-01 12:00:00,98.0,98.08,97.99,98.03,4769
2026-06-01 13:00:00,98.05,98.05,97.87,97.88,299
2026-06-01 14:00:00,97.88,97.88,97.76,97.78,1126
2026-06-01 15:00:00,97.78,97.78,97.72,97.73,440
2026-06-01 16:00:00,97.74,97.75,97.71,97.74,4461
2026-06-01 17:00:00,97.73,97.73,97.51,97.53,4655
2026-06-01 18:00:00,97.52,97.55,97.5,97.53,2696
2026-06-01 19:00:00,97.53,97.53,97.45,97.47,3134
2026-06-01 20:00:00,97.49,97.62,97.49,97.59,2210
2026-06-01 21:00:00,97.59,97.68,97.59,97.65,3613
2026-06-01 22:00:00,97.66,97.66,97.54,97.56,2929
2026-06-01 23:00:00,97.58,97.62,97.58,97.6,4547
2026-06-02 00:00:00,97.59,97.67,97.59,97.66,376
2026-06-02 01:00:00,97.67,97.67,97.59,97.6,3894
2026-06-02 02:00:00,97.62,97.71,97.62,97.7,3148
2026-06-02 03:00:00,97.71,97.71,97.6,97.63,3635
2026-06-02 04:00:00,97.63,97.63,97.57,97.58,3463
2026-06-02 05:00:00,97.59,97.59,97.56,97.58,4822
2026-06-02 06:00:00,97.58,97.66,97.58,97.64,2875
2026-06-02 07:00:00,97.67,97.67,97.5,97.55,4379
2026-06-02 08:00:00,97.55,97.55,97.38,97.42,2092
2026-06-02 09:00:00,97.43,97.43,97.33,97.35,2441
2026-06-02 10:00:00,97.34,97.43,97.34,97.41,4450
2026-06-02 11:00:00,97.4,97.4,97.28,97.3,3095
2026-06-02 12:00:00,97.29,97.38,97.29,97.35,3642
2026-06-02 13:00:00,97.36,97.49,97.36,97.46,4736
2026-06-02 14:00:00,97.46,97.46,97.35,97.39,4499
2026-06-02 15:00:00,97.4,97.4,97.15,97.16,3432
2026-06-02 16:00:00,97.17,97.18,97.11,97.14,4758
2026-06-02 17:00:00,97.14,97.14,97.03,97.05,1095
2026-06-02 18:00:00,97.05,97.05,96.91,96.96,1466
2026-06-02 19:00:00,96.98,97.13,96.98,97.08,3630
2026-06-02 20:00:00,97.08,97.21,97.08,97.2,3833
2026-06-02 21:00:00,97.2,97.38,97.2,97.35,97
2026-06-02 22:00:00,97.35,97.5,97.35,97.45,3214
2026-06-02 23:00:00,97.47,97.47,97.33,97.34,3967
2026-06-03 00:00:00,97.34,97.45,97.34,97.44,1506
2026-06-03 01:00:00,97.43,97.43,97.37,97.39,1076
2026-06-03 02:00:00,97.41,97.43,97.35,97.38,4957
2026-06-03 03:00:00,97.37,97.51,97.37,97.48,1749
2026-06-03 04:00:00,97.47,97.54,97.47,97.52,2227
2026-06-03 05:00:00,97.52,97.52,97.47,97.49,2988
2026-06-03 06:00:00,97.49,97.5,97.42,97.45,2240
2026-06-03 07:00:00,97.43,97.43,97.37,97.4,1359
2026-06-03 08:00:00,97.39,97.48,97.39,97.45,4910
2026-06-03 09:00:00,97.45,97.46,97.43,97.45,1975
2026-06-03 10:00:00,97.43,97.59,97.43,97.58,1578
2026-06-03 11:00:00,97.57,97.64,97.57,97.62,4111
2026-06-03 12:00:00,97.64,97.75,97.64,97.73,3912
2026-06-03 13:00:00,97.73,97.86,97.73,97.81,681
2026-06-03 14:00:00,97.79,97.82,97.74,97.79,467
2026-06-03 15:00:00,97.79,97.79,97.6,97.61,2741
2026-06-03 16:00:00,97.59,97.59,97.51,97.53,3964
2026-06-03 17:00:00,97.52,97.69,97.52,97.66,2434
2026-06-03 18:00:00,97.66,97.68,97.62,97.66,3784
2026-06-03 19:00:00,97.66,97.72,97.64,97.67,4021
2026-06-03 20:00:00,97.66,97.66,97.61,97.62,2884
2026-06-03 21:00:00,97.62,97.8,97.62,97.76,3857
2026-06-03 22:00:00,97.76,97.76,97.61,97.65,1036
2026-06-03 23:00:00,97.66,97.66,97.56,97.59,3872
2026-06-04 00:00:00,97.59,97.59,97.39,97.42,3036
2026-06-04 01:00:00,97.42,97.42,97.29,97.3,3309
2026-06-04 02:00:00,97.3,97.3,97.19,97.22,2731
2026-06-04 03:00:00,97.21,97.26,97.21,97.23,2266
2026-06-04 04:00:00,97.25,97.25,97.17,97.2,1847
2026-06-04 05:00:00,97.18,97.18,97.14,97.16,2731
2026-06-04 06:00:00,97.17,97.17,97.13,97.15,4039
2026-06-04 07:00:00,97.15,97.15,97.07,97.11,4849
2026-06-04 08:00:00,97.11,97.11,97.0,97.01,4107
2026-06-04 09:00:00,97.0,97.0,96.88,96.93,4590
2026-06-04 10:00:00,96.94,96.94,96.8,96.85,1794
2026-06-04 11:00:00,96.84,96.97,96.84,96.92,1688
2026-06-04 12:00:00,96.92,96.98,96.92,96.96,4751
2026-06-04 13:00:00,96.97,96.97,96.86,96.88,3535
2026-06-04 14:00:00,96.9,96.9,96.84,96.86,4731
2026-06-04 15:00:00,96.87,96.87,96.73,96.75,1497
2026-06-04 16:00:00,96.76,96.76,96.49,96.54,4921
2026-06-04 17:00:00,96.53,96.53,96.43,96.47,2566
2026-06-04 18:00:00,96.47,96.47,96.37,96.4,1331
2026-06-04 19:00:00,96.41,96.46,96.37,96.42,223
2026-06-04 20:00:00,96.43,96.43,96.15,96.2,4274
2026-06-04 21:00:00,96.2,96.28,96.2,96.24,3004
2026-06-04 22:00:00,96.23,96.42,96.23,96.4,3805
2026-06-04 23:00:00,96.4,96.4,96.31,96.32,1026
2026-06-05 00:00:00,96.31,96.45,96.31,96.44,1035
2026-06-05 01:00:00,96.44,96.44,96.28,96.3,921
2026-06-05 02:00:00,96.29,96.42,96.29,96.38,3554
2026-06-05 03:00:00,96.38,96.42,96.37,96.4,2232
2026-06-05 04:00:00,96.39,96.39,96.28,96.3,2611
2026-06-05 05:00:00,96.3,96.31,96.28,96.3,3026
2026-06-05 06:00:00,96.32,96.32,96.15,96.16,4411
2026-06-05 07:00:00,96.16,96.16,96.0,96.01,1926
2026-06-05 08:00:00,96.02,96.02,95.98,96.01,3059
2026-06-05 09:00:00,95.99,96.0,95.92,95.95,683
2026-06-05 10:00:00,95.97,96.03,95.95,96.0,3993
2026-06-05 11:00:00,95.99,95.99,95.93,95.95,1898
2026-06-05 12:00:00,95.96,96.01,95.96,96.0,1669
2026-06-05 13:00:00,96.0,96.0,95.89,95.93,1727
2026-06-05 14:00:00,95.92,95.93,95.89,95.91,2791
2026-06-05 15:00:00,95.9,95.9,95.68,95.72,4298
2026-06-05 16:00:00,95.72,95.72,95.66,95.68,1377
2026-06-05 17:00:00,95.68,95.7,95.63,95.66,3601
2026-06-05 18:00:00,95.65,95.65,95.6,95.61,1979
2026-06-05 19:00:00,95.61,95.67,95.61,95.63,3546
2026-06-05 20:00:00,95.63,95.69,95.63,95.68,4328
2026-06-05 21:00:00,95.7,95.7,95.58,95.6,1456
2026-06-05 22:00:00,95.61,95.72,95.61,95.71,4294
2026-06-05 23:00:00,95.72,95.78,95.72,95.75,1665
2026-06-06 00:00:00,95.76,95.79,95.74,95.77,4478
2026-06-06 01:00:00,95.77,95.77,95.7,95.72,3808
2026-06-06 02:00:00,95.73,95.73,95.63,95.64,2818
2026-06-06 03:00:00,95.64,95.7,95.63,95.65,57
2026-06-06 04:00:00,95.64,95.72,95.64,95.7,4817
2026-06-06 05:00:00,95.72,95.72,95.7,95.7,329
2026-06-06 06:00:00,95.7,95.86,95.7,95.83,410
2026-06-06 07:00:00,95.84,95.91,95.84,95.87,1750
2026-06-06 08:00:00,95.87,95.88,95.8,95.84,3493
2026-06-06 09:00:00,95.83,95.98,95.83,95.96,225
2026-06-06 10:00:00,95.96,96.04,95.96,96.03,4535
2026-06-06 11:00:00,96.02,96.16,96.02,96.14,2736
2026-06-06 12:00:00,96.15,96.15,96.07,96.11,2421
2026-06-06 13:00:00,96.11,96.11,96.08,96.09,1488
2026-06-06 14:00:00,96.11,96.14,96.11,96.13,1948
2026-06-06 15:00:00,96.14,96.21,96.14,96.2,4988
2026-06-06 16:00:00,96.2,96.22,96.2,96.21,2963
2026-06-06 17:00:00,96.19,96.39,96.19,96.38,3812
2026-06-06 18:00:00,96.38,96.38,96.23,96.27,2091
2026-06-06 19:00:00,96.24,96.24,96.11,96.14,4027
2026-06-06 20:00:00,96.12,96.12,96.09,96.1,45
2026-06-06 21:00:00,96.08,96.15,96.08,96.12,3424
2026-06-06 22:00:00,96.11,96.12,96.07,96.1,3034
2026-06-06 23:00:00,96.09,96.27,96.09,96.25,4163
2026-06-07 00:00:00,96.24,96.36,96.24,96.32,3836
2026-06-07 01:00:00,96.31,96.31,96.15,96.17,4493
2026-06-07 02:00:00,96.17,96.17,96.02,96.04,4181
2026-06-07 03:00:00,96.05,96.05,95.72,95.73,2498
2026-06-07 04:00:00,95.76,95.77,95.75,95.76,3446
2026-06-07 05:00:00,95.75,95.87,95.75,95.82,4858
2026-06-07 06:00:00,95.82,95.88,95.82,95.84,2553
2026-06-07 07:00:00,95.85,95.88,95.85,95.87,1289
2026-06-07 08:00:00,95.87,95.9,95.87,95.89,2484
2026-06-07 09:00:00,95.89,95.92,95.88,95.91,60
2026-06-07 10:00:00,95.91,95.91,95.85,95.86,4761
2026-06-07 11:00:00,95.88,95.88,95.77,95.78,3162
2026-06-07 12:00:00,95.78,95.78,95.73,95.74,3137
2026-06-07 13:00:00,95.74,95.74,95.6,95.64,4119
2026-06-07 14:00:00,95.65,95.71,95.65,95.7,1788
2026-06-07 15:00:00,95.71,95.83,95.71,95.78,2699
2026-06-07 16:00:00,95.77,95.95,95.77,95.92,1102
2026-06-07 17:00:00,95.93,95.93,95.86,95.88,3722
2026-06-07 18:00:00,95.87,95.99,95.87,95.96,2850
2026-06-07 19:00:00,95.99,95.99,95.87,95.89,3642
2026-06-07 20:00:00,95.89,96.1,95.89,96.05,2058
2026-06-07 21:00:00,96.06,96.06,95.78,95.84,3173
2026-06-07 22:00:00,95.83,95.83,95.72,95.76,1269
2026-06-07 23:00:00,95.75,95.75,95.69,95.71,1451
2026-06-08 00:00:00,95.7,95.7,95.68,95.69,2057
2026-06-08 01:00:00,95.67,95.67,95.52,95.54,1090
2026-06-08 02:00:00,95.54,95.57,95.54,95.56,4351
2026-06-08 03:00:00,95.55,95.55,95.45,95.48,683
2026-06-08 04:00:00,95.48,95.55,95.48,95.52,727
2026-06-08 05:00:00,95.52,95.7,95.52,95.69,1208
2026-06-08 06:00:00,95.67,95.68,95.62,95.66,4882
2026-06-08 07:00:00,95.66,95.66,95.52,95.55,1639
2026-06-08 08:00:00,95.56,95.59,95.56,95.58,4714
2026-06-08 09:00:00,95.58,95.68,95.58,95.64,3092
2026-06-08 10:00:00,95.66,95.81,95.66,95.79,1454
2026-06-08 11:00:00,95.8,95.84,95.8,95.83,517
2026-06-08 12:00:00,95.83,96.02,95.83,95.98,690
2026-06-08 13:00:00,95.99,95.99,95.91,95.94,1939
2026-06-08 14:00:00,95.96,96.05,95.96,96.02,2876
2026-06-08 15:00:00,96.01,96.01,95.95,95.97,2837
2026-06-08 16:00:00,95.97,96.09,95.97,96.08,2421
2026-06-08 17:00:00,96.08,96.09,96.03,96.05,637
2026-06-08 18:00:00,96.05,96.05,96.01,96.03,1827
2026-06-08 19:00:00,96.02,96.02,95.94,95.97,4032
2026-06-08 20:00:00,95.97,96.03,95.97,96.0,1678
2026-06-08 21:00:00,96.0,96.04,95.97,95.99,2828
2026-06-08 22:00:00,95.97,96.0,95.97,95.99,4640
2026-06-08 23:00:00,95.97,96.13,95.97,96.09,4668
2026-06-09 00:00:00,96.09,96.09,96.01,96.02,1078
2026-06-09 01:00:00,96.01,96.01,95.94,95.98,1851
2026-06-09 02:00:00,95.98,96.14,95.98,96.11,4834
2026-06-09 03:00:00,96.1,96.1,95.93,95.97,4422
2026-06-09 04:00:00,95.95,95.95,95.86,95.88,1651
2026-06-09 05:00:00,95.88,95.99,95.88,95.98,367
2026-06-09 06:00:00,95.99,96.15,95.99,96.12,1554
2026-06-09 07:00:00,96.13,96.23,96.13,96.19,4698
2026-06-09 08:00:00,96.19,96.24,96.18,96.22,2206
2026-06-09 09:00:00,96.22,96.25,96.21,96.22,100
2026-06-09 10:00:00,96.22,96.24,96.22,96.23,2912
2026-06-09 11:00:00,96.25,96.25,96.01,96.04,80
2026-06-09 12:00:00,96.04,96.06,96.03,96.04,2556
2026-06-09 13:00:00,96.05,96.09,96.01,96.06,3797
