Timestamp (UTC),Open,High,Low,Close
2026-05-01 00:00:00,88.73,88.75,88.68,88.72
2026-05-01 01:00:00,88.72,88.77,88.72,88.75
2026-05-01 02:00:00,88.76,88.92,88.76,88.88
2026-05-01 03:00:00,88.87,88.87,88.79,88.82
2026-05-01 04:00:00,88.81,88.81,88.57,88.6
2026-05-01 05:00:00,88.57,88.69,88.57,88.65
2026-05-01 06:00:00,88.65,88.65,88.55,88.56
2026-05-01 07:00:00,88.55,88.6,88.55,88.57
2026-05-01 08:00:00,88.58,88.58,88.47,88.49
2026-05-01 09:00:00,88.48,88.6,88.48,88.57
2026-05-01 10:00:00,88.57,88.69,88.57,88.65
2026-05-01 11:00:00,88.65,88.65,88.48,88.52
2026-05-01 12:00:00,88.52,88.53,88.47,88.49
2026-05-01 13:00:00,88.48,88.48,88.45,88.47
2026-05-01 14:00:00,88.46,88.46,88.44,88.45
2026-05-01 15:00:00,88.45,88.56,88.45,88.54
2026-05-01 16:00:00,88.55,88.64,88.55,88.62
2026-05-01 17:00:00,88.62,88.63,88.58,88.6
2026-05-01 18:00:00,88.61,88.62,88.59,88.6
2026-05-01 19:00:00,88.6,88.61,88.56,88.59
2026-05-01 20:00:00,88.6,88.62,88.58,88.6
2026-05-01 21:00:00,88.61,88.62,88.52,88.56
2026-05-01 22:00:00,88.58,88.62,88.56,88.59
2026-05-01 23:00:00,88.59,88.59,88.55,88.57
2026-05-02 00:00:00,88.57,88.69,88.57,88.66
2026-05-02 01:00:00,88.66,88.7,88.66,88.69
2026-05-02 02:00:00,88.68,88.68,88.61,88.63
2026-05-02 03:00:00,88.64,88.64,88.58,88.61
2026-05-02 04:00:00,88.6,88.63,88.58,88.61
2026-05-02 05:00:00,88.62,88.62,88.56,88.57
2026-05-02 06:00:00,88.56,88.66,88.56,88.61
2026-05-02 07:00:00,88.62,88.69,88.62,88.66
2026-05-02 08:00:00,88.65,88.73,88.65,88.7
2026-05-02 09:00:00,88.7,88.76,88.7,88.74
2026-05-02 10:00:00,88.75,88.84,88.75,88.83
2026-05-02 11:00:00,88.82,88.82,88.79,88.8
2026-05-02 12:00:00,88.81,88.81,88.73,88.77
2026-05-02 13:00:00,88.79,88.93,88.79,88.88
2026-05-02 14:00:00,88.87,88.87,88.78,88.81
2026-05-02 15:00:00,88.79,88.91,88.79,88.88
2026-05-02 16:00:00,88.88,88.88,88.81,88.82
2026-05-02 17:00:00,88.82,88.84,88.77,88.8
2026-05-02 18:00:00,88.81,88.81,88.74,88.78
2026-05-02 19:00:00,88.77,88.77,88.56,88.6
2026-05-02 20:00:00,88.6,88.71,88.6,88.67
2026-05-02 21:00:00,88.66,88.66,88.53,88.58
2026-05-02 22:00:00,88.59,88.59,88.55,88.57
2026-05-02 23:00:00,88.56,88.62,88.56,88.59
2026-05-03 00:00:00,88.6,88.6,88.57,88.58
2026-05-03 01:00:00,88.59,88.65,88.58,88.6
2026-05-03 02:00:00,88.61,88.68,88.59,88.64
2026-05-03 03:00:00,88.64,88.71,88.64,88.68
2026-05-03 04:00:00,88.68,88.7,88.67,88.69
2026-05-03 05:00:00,88.69,88.72,88.63,88.68
2026-05-03 06:00:00,88.69,88.75,88.66,88.7
2026-05-03 07:00:00,88.68,88.68,88.6,88.64
2026-05-03 08:00:00,88.63,88.78,88.63,88.75
2026-05-03 09:00:00,88.75,88.84,88.75,88.8
2026-05-03 10:00:00,88.8,88.8,88.74,88.77
2026-05-03 11:00:00,88.78,88.82,88.76,88.79
2026-05-03 12:00:00,88.8,88.84,88.79,88.82
2026-05-03 13:00:00,88.84,88.91,88.84,88.88
2026-05-03 14:00:00,88.86,89.0,88.86,88.97
2026-05-03 15:00:00,88.95,89.0,88.94,88.97
2026-05-03 16:00:00,88.96,89.06,88.96,89.05
2026-05-03 17:00:00,89.05,89.16,89.05,89.11
2026-05-03 18:00:00,89.12,89.12,89.0,89.03
2026-05-03 19:00:00,89.02,89.09,89.02,89.05
2026-05-03 20:00:00,89.04,89.04,88.98,89.0
2026-05-03 21:00:00,89.0,89.04,89.0,89.02
2026-05-03 22:00:00,89.01,89.06,88.99,89.03
2026-05-03 23:00:00,89.02,89.17,89.02,89.15
2026-05-04 00:00:00,89.16,89.2,89.15,89.17
2026-05-04 01:00:00,89.16,89.27,89.16,89.24
2026-05-04 02:00:00,89.24,89.24,89.12,89.14
2026-05-04 03:00:00,89.15,89.15,89.07,89.08
2026-05-04 04:00:00,89.11,89.11,88.99,89.01
2026-05-04 05:00:00,89.0,89.09,89.0,89.06
2026-05-04 06:00:00,89.06,89.14,89.06,89.12
2026-05-04 07:00:00,89.12,89.12,89.07,89.08
2026-05-04 08:00:00,89.08,89.13,89.08,89.1
2026-05-04 09:00:00,89.09,89.13,89.07,89.09
2026-05-04 10:00:00,89.09,89.1,89.07,89.09
2026-05-04 11:00:00,89.09,89.09,89.02,89.04
2026-05-04 12:00:00,89.05,89.1,89.03,89.08
2026-05-04 13:00:00,89.06,89.16,89.06,89.15
2026-05-04 14:00:00,89.14,89.24,89.14,89.21
2026-05-04 15:00:00,89.21,89.33,89.21,89.32
2026-05-04 16:00:00,89.3,89.3,89.21,89.23
2026-05-04 17:00:00,89.23,89.23,89.18,89.19
2026-05-04 18:00:00,89.19,89.33,89.19,89.3
2026-05-04 19:00:00,89.29,89.37,89.29,89.35
2026-05-04 20:00:00,89.34,89.34,89.3,89.32
2026-05-04 21:00:00,89.33,89.54,89.33,89.52
2026-05-04 22:00:00,89.52,89.52,89.45,89.46
2026-05-04 23:00:00,89.47,89.47,89.38,89.39
2026-05-05 00:00:00,89.37,89.46,89.37,89.44
2026-05-05 01:00:00,89.46,89.46,89.37,89.39
2026-05-05 02:00:00,89.38,89.45,89.38,89.41
2026-05-05 03:00:00,89.39,89.39,89.29,89.31
2026-05-05 04:00:00,89.29,89.31,89.28,89.29
2026-05-05 05:00:00,89.3,89.32,89.25,89.3
2026-05-05 06:00:00,89.29,89.41,89.29,89.38
2026-05-05 07:00:00,89.39,89.47,89.39,89.44
2026-05-05 08:00:00,89.45,89.45,89.37,89.4
2026-05-05 09:00:00,89.41,89.41,89.29,89.31
2026-05-05 10:00:00,89.29,89.35,89.29,89.34
2026-05-05 11:00:00,89.33,89.37,89.32,89.35
2026-05-05 12:00:00,89.34,89.34,89.24,89.27
2026-05-05 13:00:00,89.27,89.27,89.23,89.24
2026-05-05 14:00:00,89.23,89.23,89.07,89.08
2026-05-05 15:00:00,89.07,89.07,89.01,89.02
2026-05-05 16:00:00,89.01,89.04,88.96,89.01
2026-05-05 17:00:00,89.01,89.04,88.97,89.0
2026-05-05 18:00:00,89.01,89.05,89.0,89.03
2026-05-05 19:00:00,89.03,89.03,88.96,88.97
2026-05-05 20:00:00,88.96,89.07,88.96,89.05
2026-05-05 21:00:00,89.06,89.06,88.98,89.02
2026-05-05 22:00:00,89.01,89.07,89.01,89.06
2026-05-05 23:00:00,89.08,89.09,89.05,89.07
2026-05-06 00:00:00,89.07,89.07,88.93,88.95
2026-05-06 01:00:00,88.96,89.03,88.96,89.01
2026-05-06 02:00:00,88.99,89.13,88.99,89.08
2026-05-06 03:00:00,89.1,89.11,89.05,89.08
2026-05-06 04:00:00,89.06,89.06,89.02,89.03
2026-05-06 05:00:00,89.03,89.07,89.03,89.05
2026-05-06 06:00:00,89.05,89.19,89.05,89.16
2026-05-06 07:00:00,89.16,89.32,89.16,89.3
2026-05-06 08:00:00,89.29,89.31,89.25,89.27
2026-05-06 09:00:00,89.27,89.32,89.27,89.3
2026-05-06 10:00:00,89.3,89.37,89.3,89.36
2026-05-06 11:00:00,89.36,89.39,89.35,89.37
2026-05-06 12:00:00,89.38,89.38,89.25,89.3
2026-05-06 13:00:00,89.29,89.3,89.23,89.26
2026-05-06 14:00:00,89.26,89.29,89.22,89.26
2026-05-06 15:00:00,89.27,89.32,89.27,89.3
2026-05-06 16:00:00,89.31,89.33,89.29,89.3
2026-05-06 17:00:00,89.3,89.41,89.3,89.39
2026-05-06 18:00:00,89.39,89.39,89.31,89.33
2026-05-06 19:00:00,89.32,89.32,89.27,89.29
2026-05-06 20:00:00,89.3,89.3,89.17,89.19
2026-05-06 21:00:00,89.21,89.28,89.21,89.26
2026-05-06 22:00:00,89.27,89.27,89.13,89.14
2026-05-06 23:00:00,89.16,89.17,89.08,89.13
2026-05-07 00:00:00,89.14,89.14,89.11,89.12
2026-05-07 01:00:00,89.11,89.11,89.03,89.05
2026-05-07 02:00:00,89.04,89.04,88.96,88.98
2026-05-07 03:00:00,88.98,88.98,88.85,88.86
2026-05-07 04:00:00,88.84,88.87,88.82,88.84
2026-05-07 05:00:00,88.83,88.98,88.83,88.96
2026-05-07 06:00:00,88.98,89.02,88.97,89.0
2026-05-07 07:00:00,88.97,88.97,88.83,88.86
2026-05-07 08:00:00,88.87,88.87,88.79,88.81
2026-05-07 09:00:00,88.8,88.82,88.75,88.79
2026-05-07 10:00:00,88.8,88.8,88.66,88.68
2026-05-07 11:00:00,88.69,88.72,88.61,88.67
2026-05-07 12:00:00,88.67,88.67,88.64,88.66
2026-05-07 13:00:00,88.67,88.67,88.6,88.64
2026-05-07 14:00:00,88.65,88.68,88.64,88.66
2026-05-07 15:00:00,88.67,88.79,88.67,88.78
2026-05-07 16:00:00,88.78,88.82,88.76,88.79
2026-05-07 17:00:00,88.78,88.8,88.76,88.78
2026-05-07 18:00:00,88.78,88.78,88.71,88.73
2026-05-07 19:00:00,88.72,88.76,88.72,88.75
2026-05-07 20:00:00,88.75,88.75,88.61,88.65
2026-05-07 21:00:00,88.66,88.66,88.51,88.52
2026-05-07 22:00:00,88.54,88.58,88.54,88.56
2026-05-07 23:00:00,88.54,88.59,88.53,88.57
2026-05-08 00:00:00,88.57,88.58,88.53,88.56
2026-05-08 01:00:00,88.57,88.59,88.52,88.55
2026-05-08 02:00:00,88.56,88.63,88.56,88.61
2026-05-08 03:00:00,88.62,88.64,88.56,88.59
2026-05-08 04:00:00,88.62,88.67,88.62,88.65
2026-05-08 05:00:00,88.68,88.68,88.54,88.58
2026-05-08 06:00:00,88.58,88.69,88.58,88.64
2026-05-08 07:00:00,88.64,88.75,88.64,88.71
2026-05-08 08:00:00,88.7,88.75,88.7,88.74
2026-05-08 09:00:00,88.73,88.81,88.73,88.78
2026-05-08 10:00:00,88.78,88.81,88.76,88.78
2026-05-08 11:00:00,88.8,88.85,88.8,88.82
2026-05-08 12:00:00,88.82,88.88,88.82,88.87
2026-05-08 13:00:00,88.86,88.91,88.86,88.91
2026-05-08 14:00:00,88.9,89.03,88.9,89.0
2026-05-08 15:00:00,88.99,89.06,88.99,89.05
2026-05-08 16:00:00,89.05,89.17,89.05,89.16
2026-05-08 17:00:00,89.15,89.22,89.15,89.21
2026-05-08 18:00:00,89.2,89.23,89.19,89.21
2026-05-08 19:00:00,89.22,89.23,89.16,89.18
2026-05-08 20:00:00,89.17,89.17,89.08,89.1
2026-05-08 21:00:00,89.11,89.2,89.11,89.18
2026-05-08 22:00:00,89.17,89.17,89.05,89.09
2026-05-08 23:00:00,89.09,89.1,89.05,89.08
2026-05-09 00:00:00,89.07,89.12,89.07,89.11
2026-05-09 01:00:00,89.11,89.15,89.11,89.14
2026-05-09 02:00:00,89.14,89.14,89.08,89.1
2026-05-09 03:00:00,89.12,89.23,89.12,89.19
2026-05-09 04:00:00,89.2,89.24,89.16,89.21
2026-05-09 05:00:00,89.2,89.2,89.1,89.11
2026-05-09 06:00:00,89.14,89.14,89.12,89.13
2026-05-09 07:00:00,89.15,89.15,89.13,89.14
2026-05-09 08:00:00,89.15,89.21,89.14,89.18
2026-05-09 09:00:00,89.17,89.2,89.15,89.17
2026-05-09 10:00:00,89.18,89.18,89.1,89.11
2026-05-09 11:00:00,89.12,89.12,89.08,89.1
2026-05-09 12:00:00,89.09,89.11,89.08,89.09
2026-05-09 13:00:00,89.09,89.12,89.06,89.08
2026-05-09 14:00:00,89.08,89.08,89.05,89.07
2026-05-09 15:00:00,89.08,89.14,89.08,89.12
2026-05-09 16:00:00,89.13,89.13,89.08,89.09
2026-05-09 17:00:00,89.09,89.15,89.09,89.13
2026-05-09 18:00:00,89.12,89.15,89.11,89.13
2026-05-09 19:00:00,89.12,89.15,89.12,89.15
2026-05-09 20:00:00,89.15,89.15,89.09,89.12
2026-05-09 21:00:00,89.11,89.11,89.08,89.1
2026-05-09 22:00:00,89.09,89.09,89.06,89.08
2026-05-09 23:00:00,89.08,89.23,89.08,89.21
2026-05-10 00:00:00,89.21,89.21,89.16,89.17
2026-05-10 01:00:00,89.17,89.22,89.17,89.21
2026-05-10 02:00:00,89.21,89.21,89.12,89.15
2026-05-10 03:00:00,89.14,89.18,89.14,89.17
2026-05-10 04:00:00,89.15,89.26,89.15,89.24
2026-05-10 05:00:00,89.25,89.25,89.19,89.23
2026-05-10 06:00:00,89.22,89.22,89.18,89.19
2026-05-10 07:00:00,89.19,89.22,89.19,89.21
2026-05-10 08:00:00,89.22,89.26,89.22,89.25
2026-05-10 09:00:00,89.26,89.26,89.2,89.22
2026-05-10 10:00:00,89.23,89.31,89.23,89.3
2026-05-10 11:00:00,89.31,89.34,89.31,89.32
2026-05-10 12:00:00,89.32,89.4,89.32,89.39
2026-05-10 13:00:00,89.41,89.41,89.35,89.37
2026-05-10 14:00:00,89.37,89.45,89.37,89.43
2026-05-10 15:00:00,89.44,89.44,89.39,89.4
2026-05-10 16:00:00,89.41,89.41,89.31,89.35
2026-05-10 17:00:00,89.35,89.35,89.23,89.26
2026-05-10 18:00:00,89.26,89.28,89.25,89.26
2026-05-10 19:00:00,89.25,89.38,89.25,89.34
2026-05-10 20:00:00,89.35,89.42,89.35,89.4
2026-05-10 21:00:00,89.4,89.41,89.38,89.4
2026-05-10 22:00:00,89.41,89.41,89.35,89.36
2026-05-10 23:00:00,89.37,89.49,89.37,89.46
2026-05-11 00:00:00,89.46,89.49,89.46,89.48
2026-05-11 01:00:00,89.48,89.48,89.39,89.4
2026-05-11 02:00:00,89.4,89.42,89.36,89.37
2026-05-11 03:00:00,89.37,89.38,89.34,89.36
2026-05-11 04:00:00,89.35,89.43,89.35,89.4
2026-05-11 05:00:00,89.4,89.48,89.4,89.46
2026-05-11 06:00:00,89.47,89.53,89.46,89.48
2026-05-11 07:00:00,89.46,89.48,89.42,89.44
2026-05-11 08:00:00,89.44,89.49,89.44,89.48
2026-05-11 09:00:00,89.48,89.58,89.48,89.56
2026-05-11 10:00:00,89.57,89.57,89.48,89.52
2026-05-11 11:00:00,89.52,89.52,89.45,89.48
2026-05-11 12:00:00,89.49,89.53,89.46,89.51
2026-05-11 13:00:00,89.5,89.52,89.5,89.51
2026-05-11 14:00:00,89.49,89.52,89.48,89.5
2026-05-11 15:00:00,89.49,89.58,89.48,89.53
2026-05-11 16:00:00,89.54,89.54,89.36,89.4
2026-05-11 17:00:00,89.4,89.47,89.4,89.44
2026-05-11 18:00:00,89.45,89.5,89.45,89.47
2026-05-11 19:00:00,89.46,89.48,89.45,89.47
2026-05-11 20:00:00,89.46,89.48,89.42,89.44
2026-05-11 21:00:00,89.43,89.45,89.4,89.43
2026-05-11 22:00:00,89.43,89.46,89.4,89.43
2026-05-11 23:00:00,89.43,89.44,89.37,89.39
2026-05-12 00:00:00,89.39,89.46,89.39,89.43
2026-05-12 01:00:00,89.44,89.44,89.38,89.41
2026-05-12 02:00:00,89.41,89.44,89.37,89.42
2026-05-12 03:00:00,89.41,89.43,89.38,89.41
2026-05-12 04:00:00,89.41,89.49,89.41,89.46
2026-05-12 05:00:00,89.45,89.47,89.44,89.46
2026-05-12 06:00:00,89.47,89.51,89.47,89.49
2026-05-12 07:00:00,89.51,89.57,89.51,89.54
2026-05-12 08:00:00,89.52,89.56,89.51,89.54
2026-05-12 09:00:00,89.54,89.54,89.47,89.5
2026-05-12 10:00:00,89.51,89.62,89.51,89.6
2026-05-12 11:00:00,89.6,89.65,89.6,89.61
2026-05-12 12:00:00,89.63,89.63,89.53,89.55
2026-05-12 13:00:00,89.54,89.55,89.48,89.53
2026-05-12 14:00:00,89.52,89.52,89.47,89.48
2026-05-12 15:00:00,89.49,89.49,89.43,89.46
2026-05-12 16:00:00,89.46,89.46,89.35,89.38
2026-05-12 17:00:00,89.37,89.39,89.33,89.37
2026-05-12 18:00:00,89.37,89.53,89.37,89.49
2026-05-12 19:00:00,89.51,89.51,89.49,89.5
2026-05-12 20:00:00,89.51,89.61,89.51,89.57
2026-05-12 21:00:00,89.57,89.67,89.57,89.62
2026-05-12 22:00:00,89.61,89.67,89.61,89.63
2026-05-12 23:00:00,89.62,89.75,89.62,89.7
2026-05-13 00:00:00,89.69,89.73,89.68,89.71
2026-05-13 01:00:00,89.71,89.71,89.63,89.66
2026-05-13 02:00:00,89.66,89.66,89.59,89.62
2026-05-13 03:00:00,89.62,89.62,89.51,89.52
2026-05-13 04:00:00,89.52,89.52,89.4,89.42
2026-05-13 05:00:00,89.43,89.43,89.37,89.38
2026-05-13 06:00:00,89.38,89.46,89.38,89.42
2026-05-13 07:00:00,89.43,89.43,89.29,89.33
2026-05-13 08:00:00,89.36,89.4,89.36,89.38
2026-05-13 09:00:00,89.38,89.39,89.36,89.38
2026-05-13 10:00:00,89.38,89.38,89.26,89.31
2026-05-13 11:00:00,89.31,89.31,89.23,89.26
2026-05-13 12:00:00,89.25,89.32,89.25,89.29
2026-05-13 13:00:00,89.29,89.39,89.29,89.37
2026-05-13 14:00:00,89.36,89.36,89.3,89.32
2026-05-13 15:00:00,89.3,89.3,89.21,89.24
2026-05-13 16:00:00,89.25,89.3,89.25,89.28
2026-05-13 17:00:00,89.28,89.39,89.28,89.38
2026-05-13 18:00:00,89.38,89.42,89.37,89.4
2026-05-13 19:00:00,89.39,89.49,89.39,89.48
2026-05-13 20:00:00,89.47,89.58,89.47,89.58
2026-05-13 21:00:00,89.57,89.6,89.56,89.58
2026-05-13 22:00:00,89.57,89.57,89.47,89.51
2026-05-13 23:00:00,89.49,89.5,89.46,89.48
2026-05-14 00:00:00,89.47,89.48,89.45,89.46
2026-05-14 01:00:00,89.47,89.5,89.44,89.48
2026-05-14 02:00:00,89.48,89.54,89.48,89.52
2026-05-14 03:00:00,89.52,89.64,89.52,89.6
2026-05-14 04:00:00,89.61,89.61,89.56,89.58
2026-05-14 05:00:00,89.57,89.57,89.51,89.53
2026-05-14 06:00:00,89.53,89.53,89.44,89.46
2026-05-14 07:00:00,89.45,89.52,89.45,89.49
2026-05-14 08:00:00,89.49,89.49,89.32,89.33
2026-05-14 09:00:00,89.34,89.37,89.27,89.32
2026-05-14 10:00:00,89.32,89.37,89.31,89.34
2026-05-14 11:00:00,89.36,89.36,89.26,89.29
2026-05-14 12:00:00,89.29,89.31,89.27,89.29
2026-05-14 13:00:00,89.29,89.32,89.27,89.29
2026-05-14 14:00:00,89.28,89.31,89.26,89.28
2026-05-14 15:00:00,89.29,89.34,89.27,89.32
2026-05-14 16:00:00,89.33,89.37,89.33,89.37
2026-05-14 17:00:00,89.36,89.41,89.36,89.4
2026-05-14 18:00:00,89.39,89.43,89.39,89.41
2026-05-14 19:00:00,89.41,89.41,89.38,89.39
2026-05-14 20:00:00,89.39,89.42,89.37,89.4
2026-05-14 21:00:00,89.39,89.49,89.39,89.45
2026-05-14 22:00:00,89.44,89.56,89.44,89.54
2026-05-14 23:00:00,89.54,89.54,89.44,89.48
2026-05-15 00:00:00,89.48,89.53,89.44,89.48
2026-05-15 01:00:00,89.47,89.5,89.46,89.48
2026-05-15 02:00:00,89.49,89.56,89.48,89.51
2026-05-15 03:00:00,89.52,89.52,89.46,89.49
2026-05-15 04:00:00,89.47,89.65,89.47,89.61
2026-05-15 05:00:00,89.6,89.62,89.58,89.6
2026-05-15 06:00:00,89.61,89.69,89.61,89.67
2026-05-15 07:00:00,89.65,89.65,89.56,89.59
2026-05-15 08:00:00,89.58,89.58,89.51,89.54
2026-05-15 09:00:00,89.54,89.61,89.54,89.59
2026-05-15 10:00:00,89.58,89.65,89.58,89.62
2026-05-15 11:00:00,89.61,89.7,89.61,89.67
2026-05-15 12:00:00,89.68,89.77,89.68,89.73
2026-05-15 13:00:00,89.72,89.79,89.72,89.78
2026-05-15 14:00:00,89.77,89.77,89.65,89.67
2026-05-15 15:00:00,89.67,89.67,89.59,89.61
2026-05-15 16:00:00,89.62,89.65,89.61,89.63
2026-05-15 17:00:00,89.63,89.7,89.63,89.68
2026-05-15 18:00:00,89.69,89.69,89.59,89.61
2026-05-15 19:00:00,89.62,89.62,89.47,89.52
2026-05-15 20:00:00,89.53,89.53,89.45,89.47
2026-05-15 21:00:00,89.47,89.51,89.47,89.5
2026-05-15 22:00:00,89.5,89.64,89.5,89.59
2026-05-15 23:00:00,89.59,89.67,89.59,89.65
2026-05-16 00:00:00,89.66,89.66,89.54,89.57
2026-05-16 01:00:00,89.58,89.61,89.58,89.6
2026-05-16 02:00:00,89.59,89.73,89.59,89.71
2026-05-16 03:00:00,89.7,89.76,89.7,89.75
2026-05-16 04:00:00,89.76,89.91,89.76,89.89
2026-05-16 05:00:00,89.88,89.9,89.87,89.87
2026-05-16 06:00:00,89.87,89.87,89.76,89.79
2026-05-16 07:00:00,89.81,89.81,89.76,89.79
2026-05-16 08:00:00,89.79,89.92,89.79,89.91
2026-05-16 09:00:00,89.91,89.98,89.91,89.97
2026-05-16 10:00:00,89.95,89.95,89.77,89.82
2026-05-16 11:00:00,89.81,89.87,89.81,89.86
2026-05-16 12:00:00,89.87,89.87,89.79,89.81
2026-05-16 13:00:00,89.81,89.81,89.72,89.74
2026-05-16 14:00:00,89.72,89.73,89.66,89.68
2026-05-16 15:00:00,89.68,89.75,89.68,89.72
2026-05-16 16:00:00,89.72,89.83,89.72,89.79
2026-05-16 17:00:00,89.8,89.8,89.73,89.75
2026-05-16 18:00:00,89.73,89.85,89.73,89.83
2026-05-16 19:00:00,89.83,89.83,89.74,89.78
2026-05-16 20:00:00,89.77,89.78,89.75,89.77
2026-05-16 21:00:00,89.76,89.76,89.72,89.74
2026-05-16 22:00:00,89.74,89.75,89.71,89.73
2026-05-16 23:00:00,89.73,89.73,89.7,89.71
2026-05-17 00:00:00,89.71,89.71,89.66,89.67
2026-05-17 01:00:00,89.67,89.71,89.67,89.7
2026-05-17 02:00:00,89.71,89.8,89.71,89.79
2026-05-17 03:00:00,89.8,90.01,89.8,90.0
2026-05-17 04:00:00,90.0,90.06,90.0,90.03
2026-05-17 05:00:00,90.03,90.03,89.98,90.01
2026-05-17 06:00:00,90.01,90.01,89.89,89.91
2026-05-17 07:00:00,89.91,89.91,89.81,89.86
2026-05-17 08:00:00,89.86,89.86,89.74,89.77
2026-05-17 09:00:00,89.76,89.82,89.76,89.8
2026-05-17 10:00:00,89.82,89.82,89.71,89.76
2026-05-17 11:00:00,89.77,89.85,89.77,89.82
2026-05-17 12:00:00,89.82,89.94,89.82,89.89
2026-05-17 13:00:00,89.9,90.03,89.9,90.01
2026-05-17 14:00:00,90.0,90.0,89.92,89.93
2026-05-17 15:00:00,89.94,90.01,89.94,89.99
2026-05-17 16:00:00,89.97,90.02,89.94,89.97
2026-05-17 17:00:00,89.99,89.99,89.92,89.94
2026-05-17 18:00:00,89.94,90.03,89.94,90.02
2026-05-17 19:00:00,90.03,90.16,90.03,90.13
2026-05-17 20:00:00,90.13,90.15,90.09,90.13
2026-05-17 21:00:00,90.13,90.23,90.13,90.19
2026-05-17 22:00:00,90.18,90.3,90.18,90.26
2026-05-17 23:00:00,90.26,90.26,90.18,90.21
2026-05-18 00:00:00,90.23,90.29,90.23,90.27
2026-05-18 01:00:00,90.28,90.3,90.25,90.28
2026-05-18 02:00:00,90.27,90.33,90.23,90.28
2026-05-18 03:00:00,90.29,90.31,90.25,90.28
2026-05-18 04:00:00,90.29,90.33,90.26,90.3
2026-05-18 05:00:00,90.28,90.32,90.27,90.3
2026-05-18 06:00:00,90.32,90.43,90.32,90.41
2026-05-18 07:00:00,90.4,90.48,90.4,90.44
2026-05-18 08:00:00,90.43,90.58,90.43,90.56
2026-05-18 09:00:00,90.56,90.56,90.5,90.51
2026-05-18 10:00:00,90.51,90.63,90.51,90.61
2026-05-18 11:00:00,90.61,90.66,90.61,90.63
2026-05-18 12:00:00,90.65,90.65,90.58,90.62
2026-05-18 13:00:00,90.63,90.68,90.6,90.64
2026-05-18 14:00:00,90.64,90.64,90.58,90.6
2026-05-18 15:00:00,90.59,90.66,90.59,90.64
2026-05-18 16:00:00,90.64,90.64,90.5,90.52
2026-05-18 17:00:00,90.53,90.53,90.5,90.52
2026-05-18 18:00:00,90.52,90.68,90.52,90.66
2026-05-18 19:00:00,90.66,90.72,90.66,90.69
2026-05-18 20:00:00,90.67,90.78,90.67,90.76
2026-05-18 21:00:00,90.73,90.89,90.73,90.87
2026-05-18 22:00:00,90.88,90.88,90.75,90.81
2026-05-18 23:00:00,90.81,91.0,90.81,90.96
2026-05-19 00:00:00,90.95,90.99,90.92,90.95
2026-05-19 01:00:00,90.96,90.96,90.92,90.94
2026-05-19 02:00:00,90.93,90.93,90.81,90.83
2026-05-19 03:00:00,90.82,90.84,90.79,90.81
2026-05-19 04:00:00,90.8,90.91,90.8,90.89
2026-05-19 05:00:00,90.89,90.91,90.84,90.89
2026-05-19 06:00:00,90.88,90.9,90.88,90.89
2026-05-19 07:00:00,90.89,90.89,90.71,90.74
2026-05-19 08:00:00,90.74,90.74,90.65,90.68
2026-05-19 09:00:00,90.68,90.71,90.67,90.7
2026-05-19 10:00:00,90.71,90.71,90.62,90.65
2026-05-19 11:00:00,90.65,90.68,90.62,90.64
2026-05-19 12:00:00,90.64,90.76,90.64,90.71
2026-05-19 13:00:00,90.7,90.7,90.66,90.67
2026-05-19 14:00:00,90.68,90.7,90.65,90.68
2026-05-19 15:00:00,90.67,90.7,90.66,90.69
2026-05-19 16:00:00,90.68,90.69,90.64,90.67
2026-05-19 17:00:00,90.68,90.78,90.68,90.74
2026-05-19 18:00:00,90.74,90.74,90.69,90.7
2026-05-19 19:00:00,90.72,90.72,90.64,90.66
2026-05-19 20:00:00,90.64,90.64,90.59,90.62
2026-05-19 21:00:00,90.63,90.65,90.59,90.61
2026-05-19 22:00:00,90.62,90.69,90.62,90.68
2026-05-19 23:00:00,90.67,90.78,90.67,90.74
2026-05-20 00:00:00,90.76,90.92,90.76,90.9
2026-05-20 01:00:00,90.9,90.95,90.9,90.93
2026-05-20 02:00:00,90.94,90.94,90.88,90.89
2026-05-20 03:00:00,90.88,90.91,90.85,90.88
2026-05-20 04:00:00,90.9,90.94,90.9,90.93
2026-05-20 05:00:00,90.93,90.93,90.79,90.83
2026-05-20 06:00:00,90.82,90.86,90.82,90.84
2026-05-20 07:00:00,90.86,90.99,90.86,90.96
2026-05-20 08:00:00,90.96,90.97,90.9,90.94
2026-05-20 09:00:00,90.96,90.96,90.86,90.91
2026-05-20 10:00:00,90.92,90.92,90.81,90.84
2026-05-20 11:00:00,90.84,90.95,90.84,90.94
2026-05-20 12:00:00,90.94,90.96,90.9,90.92
2026-05-20 13:00:00,90.93,90.95,90.88,90.9
2026-05-20 14:00:00,90.9,90.9,90.82,90.85
2026-05-20 15:00:00,90.84,90.9,90.84,90.88
2026-05-20 16:00:00,90.88,90.93,90.84,90.88
2026-05-20 17:00:00,90.89,90.91,90.87,90.89
2026-05-20 18:00:00,90.88,90.88,90.77,90.79
2026-05-20 19:00:00,90.79,90.88,90.79,90.86
2026-05-20 20:00:00,90.88,90.88,90.75,90.8
2026-05-20 21:00:00,90.8,90.8,90.75,90.77
2026-05-20 22:00:00,90.76,90.85,90.76,90.84
2026-05-20 23:00:00,90.82,90.92,90.82,90.88
2026-05-21 00:00:00,90.88,90.88,90.75,90.79
2026-05-21 01:00:00,90.78,90.85,90.78,90.83
2026-05-21 02:00:00,90.84,90.84,90.77,90.79
2026-05-21 03:00:00,90.79,90.79,90.67,90.7
2026-05-21 04:00:00,90.71,90.71,90.66,90.69
2026-05-21 05:00:00,90.69,90.77,90.69,90.75
2026-05-21 06:00:00,90.76,90.76,90.65,90.68
2026-05-21 07:00:00,90.68,90.75,90.68,90.73
2026-05-21 08:00:00,90.71,90.73,90.68,90.71
2026-05-21 09:00:00,90.7,90.75,90.7,90.73
2026-05-21 10:00:00,90.75,90.83,90.75,90.8
2026-05-21 11:00:00,90.8,90.8,90.74,90.77
2026-05-21 12:00:00,90.77,90.8,90.77,90.78
2026-05-21 13:00:00,90.77,90.9,90.77,90.87
2026-05-21 14:00:00,90.87,90.95,90.86,90.91
2026-05-21 15:00:00,90.91,91.06,90.91,91.03
2026-05-21 16:00:00,91.03,91.18,91.03,91.17
2026-05-21 17:00:00,91.16,91.17,91.13,91.15
2026-05-21 18:00:00,91.14,91.21,91.14,91.18
2026-05-21 19:00:00,91.18,91.18,91.05,91.08
2026-05-21 20:00:00,91.08,91.18,91.08,91.16
2026-05-21 21:00:00,91.15,91.18,91.15,91.16
2026-05-21 22:00:00,91.16,91.24,91.16,91.21
2026-05-21 23:00:00,91.2,91.2,91.14,91.16
2026-05-22 00:00:00,91.15,91.19,91.12,91.16
2026-05-22 01:00:00,91.18,91.18,91.11,91.12
2026-05-22 02:00:00,91.12,91.12,91.07,91.08
2026-05-22 03:00:00,91.08,91.08,91.06,91.07
2026-05-22 04:00:00,91.06,91.06,90.96,91.0
2026-05-22 05:00:00,91.0,91.09,91.0,91.06
2026-05-22 06:00:00,91.05,91.05,90.97,90.99
2026-05-22 07:00:00,91.02,91.02,90.97,90.99
2026-05-22 08:00:00,90.99,90.99,90.88,90.94
2026-05-22 09:00:00,90.93,90.93,90.84,90.87
2026-05-22 10:00:00,90.87,90.91,90.87,90.89
2026-05-22 11:00:00,90.89,90.97,90.89,90.95
2026-05-22 12:00:00,90.97,90.97,90.83,90.87
2026-05-22 13:00:00,90.87,90.97,90.87,90.95
2026-05-22 14:00:00,90.96,91.09,90.96,91.07
2026-05-22 15:00:00,91.09,91.17,91.09,91.15
2026-05-22 16:00:00,91.14,91.22,91.14,91.18
2026-05-22 17:00:00,91.18,91.19,91.13,91.17
2026-05-22 18:00:00,91.16,91.16,91.06,91.11
2026-05-22 19:00:00,91.09,91.21,91.09,91.17
2026-05-22 20:00:00,91.19,91.27,91.19,91.22
2026-05-22 21:00:00,91.22,91.22,91.11,91.12
2026-05-22 22:00:00,91.11,91.11,90.99,91.03
2026-05-22 23:00:00,91.02,91.09,91.02,91.06
2026-05-23 00:00:00,91.06,91.12,91.04,91.08
2026-05-23 01:00:00,91.08,91.19,91.08,91.18
2026-05-23 02:00:00,91.18,91.26,91.16,91.2
2026-05-23 03:00:00,91.19,91.21,91.15,91.18
2026-05-23 04:00:00,91.18,91.18,91.08,91.1
2026-05-23 05:00:00,91.11,91.13,91.07,91.1
2026-05-23 06:00:00,91.11,91.26,91.11,91.23
2026-05-23 07:00:00,91.23,91.23,91.17,91.2
2026-05-23 08:00:00,91.19,91.34,91.19,91.32
2026-05-23 09:00:00,91.33,91.33,91.21,91.24
2026-05-23 10:00:00,91.26,91.26,91.22,91.24
2026-05-23 11:00:00,91.25,91.25,91.17,91.19
2026-05-23 12:00:00,91.2,91.36,91.2,91.35
2026-05-23 13:00:00,91.34,91.36,91.31,91.34
2026-05-23 14:00:00,91.33,91.48,91.33,91.46
2026-05-23 15:00:00,91.47,91.53,91.47,91.51
2026-05-23 16:00:00,91.51,91.51,91.45,91.46
2026-05-23 17:00:00,91.47,91.47,91.38,91.41
2026-05-23 18:00:00,91.41,91.48,91.41,91.47
2026-05-23 19:00:00,91.44,91.45,91.41,91.43
2026-05-23 20:00:00,91.42,91.45,91.42,91.44
2026-05-23 21:00:00,91.45,91.52,91.45,91.5
2026-05-23 22:00:00,91.49,91.49,91.45,91.46
2026-05-23 23:00:00,91.45,91.51,91.43,91.48
2026-05-24 00:00:00,91.49,91.53,91.49,91.52
2026-05-24 01:00:00,91.52,91.62,91.52,91.57
2026-05-24 02:00:00,91.59,91.62,91.53,91.57
2026-05-24 03:00:00,91.58,91.68,91.58,91.66
2026-05-24 04:00:00,91.66,91.72,91.66,91.71
2026-05-24 05:00:00,91.72,91.78,91.72,91.77
2026-05-24 06:00:00,91.78,91.86,91.78,91.84
2026-05-24 07:00:00,91.84,91.86,91.82,91.84
2026-05-24 08:00:00,91.86,91.88,91.79,91.84
2026-05-24 09:00:00,91.83,91.84,91.78,91.81
2026-05-24 10:00:00,91.82,91.85,91.77,91.81
2026-05-24 11:00:00,91.79,91.86,91.78,91.81
2026-05-24 12:00:00,91.81,91.86,91.78,91.82
2026-05-24 13:00:00,91.82,91.87,91.77,91.82
2026-05-24 14:00:00,91.81,91.94,91.81,91.92
2026-05-24 15:00:00,91.91,91.91,91.85,91.86
2026-05-24 16:00:00,91.85,91.9,91.83,91.86
2026-05-24 17:00:00,91.86,91.95,91.86,91.93
2026-05-24 18:00:00,91.91,92.05,91.91,92.03
2026-05-24 19:00:00,92.04,92.21,92.04,92.19
2026-05-24 20:00:00,92.19,92.19,92.1,92.13
2026-05-24 21:00:00,92.13,92.21,92.13,92.18
2026-05-24 22:00:00,92.19,92.24,92.19,92.23
2026-05-24 23:00:00,92.23,92.23,92.15,92.19
2026-05-25 00:00:00,92.2,92.23,92.2,92.23
2026-05-25 01:00:00,92.22,92.29,92.21,92.24
2026-05-25 02:00:00,92.24,92.31,92.24,92.27
2026-05-25 03:00:00,92.26,92.35,92.26,92.33
2026-05-25 04:00:00,92.34,92.46,92.34,92.44
2026-05-25 05:00:00,92.45,92.49,92.4,92.45
2026-05-25 06:00:00,92.46,92.46,92.35,92.37
2026-05-25 07:00:00,92.36,92.36,92.23,92.28
2026-05-25 08:00:00,92.26,92.39,92.26,92.35
2026-05-25 09:00:00,92.35,92.37,92.32,92.34
2026-05-25 10:00:00,92.34,92.46,92.34,92.45
2026-05-25 11:00:00,92.46,92.49,92.43,92.47
2026-05-25 12:00:00,92.46,92.46,92.38,92.4
2026-05-25 13:00:00,92.4,92.5,92.4,92.47
2026-05-25 14:00:00,92.47,92.6,92.47,92.59
2026-05-25 15:00:00,92.59,92.65,92.55,92.59
2026-05-25 16:00:00,92.59,92.59,92.52,92.54
2026-05-25 17:00:00,92.53,92.64,92.53,92.6
2026-05-25 18:00:00,92.6,92.6,92.49,92.51
2026-05-25 19:00:00,92.51,92.51,92.45,92.48
2026-05-25 20:00:00,92.47,92.52,92.47,92.5
2026-05-25 21:00:00,92.5,92.57,92.5,92.56
2026-05-25 22:00:00,92.57,92.57,92.43,92.47
2026-05-25 23:00:00,92.47,92.53,92.47,92.52
2026-05-26 00:00:00,92.51,92.51,92.41,92.44
2026-05-26 01:00:00,92.43,92.59,92.43,92.54
2026-05-26 02:00:00,92.55,92.56,92.51,92.53
2026-05-26 03:00:00,92.54,92.54,92.46,92.51
2026-05-26 04:00:00,92.5,92.56,92.5,92.54
2026-05-26 05:00:00,92.54,92.56,92.53,92.54
2026-05-26 06:00:00,92.54,92.54,92.38,92.41
2026-05-26 07:00:00,92.41,92.44,92.39,92.41
2026-05-26 08:00:00,92.42,92.61,92.42,92.58
2026-05-26 09:00:00,92.57,92.66,92.57,92.63
2026-05-26 10:00:00,92.62,92.68,92.62,92.66
2026-05-26 11:00:00,92.68,92.73,92.68,92.7
2026-05-26 12:00:00,92.7,92.74,92.67,92.7
2026-05-26 13:00:00,92.72,92.72,92.61,92.64
2026-05-26 14:00:00,92.63,92.68,92.63,92.67
2026-05-26 15:00:00,92.66,92.66,92.6,92.63
2026-05-26 16:00:00,92.63,92.63,92.57,92.6
2026-05-26 17:00:00,92.62,92.62,92.54,92.55
2026-05-26 18:00:00,92.56,92.56,92.47,92.49
2026-05-26 19:00:00,92.49,92.51,92.45,92.49
2026-05-26 20:00:00,92.48,92.59,92.48,92.56
2026-05-26 21:00:00,92.57,92.69,92.57,92.68
2026-05-26 22:00:00,92.68,92.68,92.54,92.56
2026-05-26 23:00:00,92.56,92.66,92.56,92.64
2026-05-27 00:00:00,92.64,92.64,92.35,92.39
2026-05-27 01:00:00,92.39,92.39,92.3,92.33
2026-05-27 02:00:00,92.34,92.34,92.17,92.18
2026-05-27 03:00:00,92.18,92.32,92.18,92.28
2026-05-27 04:00:00,92.27,92.27,92.21,92.24
2026-05-27 05:00:00,92.24,92.32,92.24,92.3
2026-05-27 06:00:00,92.31,92.38,92.31,92.37
2026-05-27 07:00:00,92.38,92.42,92.38,92.41
2026-05-27 08:00:00,92.41,92.46,92.4,92.44
2026-05-27 09:00:00,92.43,92.53,92.43,92.49
2026-05-27 10:00:00,92.51,92.59,92.51,92.56
2026-05-27 11:00:00,92.55,92.61,92.55,92.59
2026-05-27 12:00:00,92.6,92.64,92.59,92.62
2026-05-27 13:00:00,92.63,92.63,92.52,92.57
2026-05-27 14:00:00,92.57,92.57,92.41,92.45
2026-05-27 15:00:00,92.45,92.57,92.45,92.55
2026-05-27 16:00:00,92.54,92.61,92.54,92.59
2026-05-27 17:00:00,92.59,92.62,92.58,92.6
2026-05-27 18:00:00,92.61,92.61,92.56,92.58
2026-05-27 19:00:00,92.58,92.58,92.56,92.57
2026-05-27 20:00:00,92.56,92.64,92.54,92.59
2026-05-27 21:00:00,92.58,92.58,92.54,92.55
2026-05-27 22:00:00,92.54,92.54,92.44,92.46
2026-05-27 23:00:00,92.47,92.47,92.42,92.45
2026-05-28 00:00:00,92.45,92.53,92.45,92.49
2026-05-28 01:00:00,92.49,92.49,92.37,92.42
2026-05-28 02:00:00,92.43,92.46,92.43,92.44
2026-05-28 03:00:00,92.46,92.51,92.46,92.49
2026-05-28 04:00:00,92.5,92.51,92.45,92.48
2026-05-28 05:00:00,92.47,92.47,92.39,92.41
2026-05-28 06:00:00,92.41,92.55,92.41,92.5
2026-05-28 07:00:00,92.5,92.58,92.5,92.56
2026-05-28 08:00:00,92.54,92.65,92.54,92.63
2026-05-28 09:00:00,92.63,92.7,92.63,92.68
2026-05-28 10:00:00,92.66,92.83,92.66,92.81
2026-05-28 11:00:00,92.82,92.86,92.82,92.84
2026-05-28 12:00:00,92.85,92.87,92.8,92.85
2026-05-28 13:00:00,92.84,92.93,92.84,92.88
2026-05-28 14:00:00,92.9,92.98,92.88,92.93
2026-05-28 15:00:00,92.93,93.03,92.93,93.0
2026-05-28 16:00:00,93.0,93.14,93.0,93.13
2026-05-28 17:00:00,93.13,93.13,93.02,93.05
2026-05-28 18:00:00,93.06,93.13,93.06,93.11
2026-05-28 19:00:00,93.13,93.13,93.03,93.04
2026-05-28 20:00:00,93.06,93.06,92.96,92.98
2026-05-28 21:00:00,93.0,93.0,92.87,92.89
2026-05-28 22:00:00,92.88,92.88,92.81,92.83
2026-05-28 23:00:00,92.83,92.83,92.73,92.74
2026-05-29 00:00:00,92.75,92.75,92.74,92.75
2026-05-29 01:00:00,92.73,92.76,92.73,92.75
2026-05-29 02:00:00,92.74,92.83,92.74,92.82
2026-05-29 03:00:00,92.82,92.83,92.8,92.82
2026-05-29 04:00:00,92.82,92.82,92.67,92.7
2026-05-29 05:00:00,92.7,92.75,92.66,92.71
2026-05-29 06:00:00,92.71,92.81,92.71,92.77
2026-05-29 07:00:00,92.77,92.77,92.67,92.7
2026-05-29 08:00:00,92.69,92.74,92.69,92.73
2026-05-29 09:00:00,92.73,92.85,92.73,92.83
2026-05-29 10:00:00,92.83,92.83,92.73,92.75
2026-05-29 11:00:00,92.75,92.76,92.72,92.73
2026-05-29 12:00:00,92.73,92.89,92.73,92.88
2026-05-29 13:00:00,92.87,92.95,92.87,92.94
2026-05-29 14:00:00,92.94,93.0,92.94,92.98
2026-05-29 15:00:00,92.98,93.05,92.98,93.03
2026-05-29 16:00:00,93.02,93.07,93.02,93.06
2026-05-29 17:00:00,93.07,93.07,93.0,93.02
2026-05-29 18:00:00,93.02,93.07,93.02,93.06
2026-05-29 19:00:00,93.05,93.19,93.05,93.15
2026-05-29 20:00:00,93.15,93.26,93.15,93.23
2026-05-29 21:00:00,93.22,93.32,93.22,93.27
2026-05-29 22:00:00,93.27,93.33,93.27,93.31
2026-05-29 23:00:00,93.3,93.3,93.22,93.25
2026-05-30 00:00:00,93.25,93.32,93.24,93.27
2026-05-30 01:00:00,93.27,93.31,93.26,93.29
2026-05-30 02:00:00,93.31,93.37,93.31,93.36
2026-05-30 03:00:00,93.36,93.36,93.25,93.28
2026-05-30 04:00:00,93.28,93.34,93.28,93.32
2026-05-30 05:00:00,93.32,93.32,93.26,93.28
2026-05-30 06:00:00,93.28,93.36,93.26,93.31
2026-05-30 07:00:00,93.31,93.45,93.31,93.43
2026-05-30 08:00:00,93.43,93.47,93.42,93.44
2026-05-30 09:00:00,93.44,93.46,93.41,93.43
2026-05-30 10:00:00,93.41,93.41,93.29,93.3
2026-05-30 11:00:00,93.31,93.31,93.18,93.2
2026-05-30 12:00:00,93.22,93.22,93.12,93.14
2026-05-30 13:00:00,93.13,93.22,93.13,93.21
2026-05-30 14:00:00,93.21,93.23,93.16,93.2
2026-05-30 15:00:00,93.2,93.32,93.2,93.29
2026-05-30 16:00:00,93.3,93.34,93.3,93.33
2026-05-30 17:00:00,93.32,93.37,93.32,93.34
2026-05-30 18:00:00,93.34,93.34,93.29,93.31
2026-05-30 19:00:00,93.32,93.35,93.27,93.31
2026-05-30 20:00:00,93.3,93.39,93.3,93.35
2026-05-30 21:00:00,93.37,93.37,93.25,93.27
2026-05-30 22:00:00,93.28,93.33,93.25,93.29
2026-05-30 23:00:00,93.3,93.3,93.15,93.18
2026-05-31 00:00:00,93.17,93.17,93.13,93.14
2026-05-31 01:00:00,93.14,93.14,93.05,93.09
2026-05-31 02:00:00,93.08,93.24,93.08,93.22
2026-05-31 03:00:00,93.21,93.23,93.15,93.19
2026-05-31 04:00:00,93.19,93.19,93.11,93.13
2026-05-31 05:00:00,93.13,93.24,93.13,93.23
2026-05-31 06:00:00,93.22,93.22,93.15,93.17
2026-05-31 07:00:00,93.15,93.3,93.15,93.28
2026-05-31 08:00:00,93.29,93.29,93.23,93.25
2026-05-31 09:00:00,93.25,93.25,93.16,93.2
2026-05-31 10:00:00,93.19,93.19,93.13,93.15
2026-05-31 11:00:00,93.15,93.15,93.1,93.12
2026-05-31 12:00:00,93.11,93.14,93.09,93.12
2026-05-31 13:00:00,93.12,93.12,93.03,93.06
2026-05-31 14:00:00,93.06,93.07,93.01,93.04
2026-05-31 15:00:00,93.05,93.05,92.97,92.99
2026-05-31 16:00:00,92.99,93.01,92.97,93.0
2026-05-31 17:00:00,93.0,93.02,92.95,92.98
2026-05-31 18:00:00,93.0,93.1,93.0,93.09
2026-05-31 19:00:00,93.1,93.1,92.98,93.0
2026-05-31 20:00:00,93.01,93.01,92.9,92.93
2026-05-31 21:00:00,92.93,93.01,92.93,93.0
2026-05-31 22:00:00,92.99,93.0,92.96,92.97
2026-05-31 23:00:00,92.98,92.98,92.91,92.94
2026-06-01 00:00:00,92.92,93.07,92.92,93.03
2026-06-01 01:00:00,93.04,93.1,93.04,93.08
2026-06-01 02:00:00,93.09,93.19,93.09,93.18
2026-06-01 03:00:00,93.17,93.17,93.08,93.09
2026-06-01 04:00:00,93.1,93.15,93.08,93.13
2026-06-01 05:00:00,93.12,93.18,93.12,93.17
2026-06-01 06:00:00,93.16,93.16,93.08,93.1
2026-06-01 07:00:00,93.09,93.11,93.03,93.07
2026-06-01 08:00:00,93.08,93.14,93.08,93.12
2026-06-01 09:00:00,93.12,93.12,93.06,93.08
2026-06-01 10:00:00,93.06,93.16,93.06,93.15
2026-06-01 11:00:00,93.14,93.2,93.13,93.17
2026-06-01 12:00:00,93.15,93.22,93.15,93.19
2026-06-01 13:00:00,93.19,93.19,93.07,93.08
2026-06-01 14:00:00,93.09,93.09,92.97,93.0
2026-06-01 15:00:00,93.0,93.0,92.96,92.96
2026-06-01 16:00:00,92.96,92.98,92.93,92.97
2026-06-01 17:00:00,92.95,92.95,92.79,92.82
2026-06-01 18:00:00,92.83,92.84,92.78,92.82
2026-06-01 19:00:00,92.82,92.82,92.76,92.77
2026-06-01 20:00:00,92.76,92.93,92.76,92.88
2026-06-01 21:00:00,92.87,92.95,92.87,92.94
2026-06-01 22:00:00,92.94,92.94,92.86,92.89
2026-06-01 23:00:00,92.87,92.93,92.87,92.93
2026-06-02 00:00:00,92.93,93.01,92.93,92.98
2026-06-02 01:00:00,92.99,92.99,92.89,92.93
2026-06-02 02:00:00,92.93,93.02,92.93,93.0
2026-06-02 03:00:00,93.0,93.0,92.91,92.95
2026-06-02 04:00:00,92.94,92.94,92.91,92.92
2026-06-02 05:00:00,92.91,92.94,92.88,92.9
2026-06-02 06:00:00,92.88,92.97,92.88,92.93
2026-06-02 07:00:00,92.96,92.96,92.84,92.88
2026-06-02 08:00:00,92.87,92.87,92.76,92.78
2026-06-02 09:00:00,92.77,92.77,92.71,92.72
2026-06-02 10:00:00,92.72,92.79,92.72,92.76
2026-06-02 11:00:00,92.76,92.76,92.68,92.69
2026-06-02 12:00:00,92.67,92.75,92.67,92.74
2026-06-02 13:00:00,92.75,92.87,92.75,92.83
2026-06-02 14:00:00,92.82,92.82,92.75,92.77
2026-06-02 15:00:00,92.76,92.76,92.59,92.62
2026-06-02 16:00:00,92.61,92.61,92.59,92.6
2026-06-02 17:00:00,92.61,92.61,92.51,92.53
2026-06-02 18:00:00,92.53,92.53,92.42,92.46
2026-06-02 19:00:00,92.46,92.59,92.46,92.55
2026-06-02 20:00:00,92.56,92.66,92.56,92.64
2026-06-02 21:00:00,92.64,92.78,92.64,92.75
2026-06-02 22:00:00,92.75,92.86,92.75,92.83
2026-06-02 23:00:00,92.85,92.85,92.73,92.74
2026-06-03 00:00:00,92.74,92.82,92.74,92.79
2026-06-03 01:00:00,92.81,92.81,92.76,92.78
2026-06-03 02:00:00,92.78,92.81,92.77,92.78
2026-06-03 03:00:00,92.77,92.91,92.77,92.87
2026-06-03 04:00:00,92.87,92.92,92.87,92.9
2026-06-03 05:00:00,92.91,92.91,92.84,92.88
2026-06-03 06:00:00,92.88,92.88,92.81,92.85
2026-06-03 07:00:00,92.85,92.85,92.77,92.81
2026-06-03 08:00:00,92.83,92.87,92.81,92.83
2026-06-03 09:00:00,92.82,92.84,92.8,92.83
2026-06-03 10:00:00,92.82,92.94,92.82,92.93
2026-06-03 11:00:00,92.92,93.01,92.92,92.97
2026-06-03 12:00:00,92.96,93.06,92.96,93.05
2026-06-03 13:00:00,93.05,93.12,93.05,93.1
2026-06-03 14:00:00,93.09,93.11,93.06,93.09
2026-06-03 15:00:00,93.09,93.09,92.95,92.96
2026-06-03 16:00:00,92.97,92.97,92.92,92.93
2026-06-03 17:00:00,92.95,93.05,92.95,93.03
2026-06-03 18:00:00,93.03,93.04,93.0,93.03
2026-06-03 19:00:00,93.03,93.08,93.03,93.05
2026-06-03 20:00:00,93.05,93.05,92.99,93.01
2026-06-03 21:00:00,92.99,93.16,92.99,93.13
2026-06-03 22:00:00,93.14,93.14,93.02,93.04
2026-06-03 23:00:00,93.04,93.04,92.98,93.0
2026-06-04 00:00:00,92.99,92.99,92.84,92.87
2026-06-04 01:00:00,92.86,92.86,92.75,92.78
2026-06-04 02:00:00,92.79,92.79,92.7,92.72
2026-06-04 03:00:00,92.73,92.76,92.71,92.72
2026-06-04 04:00:00,92.72,92.74,92.67,92.7
2026-06-04 05:00:00,92.7,92.7,92.65,92.67
2026-06-04 06:00:00,92.68,92.68,92.64,92.66
2026-06-04 07:00:00,92.68,92.68,92.61,92.65
2026-06-04 08:00:00,92.64,92.64,92.54,92.57
2026-06-04 09:00:00,92.58,92.58,92.51,92.53
2026-06-04 10:00:00,92.52,92.52,92.44,92.47
2026-06-04 11:00:00,92.49,92.53,92.46,92.49
2026-06-04 12:00:00,92.51,92.56,92.48,92.52
2026-06-04 13:00:00,92.54,92.54,92.44,92.47
2026-06-04 14:00:00,92.49,92.49,92.44,92.46
2026-06-04 15:00:00,92.46,92.46,92.36,92.4
2026-06-04 16:00:00,92.41,92.41,92.2,92.24
2026-06-04 17:00:00,92.24,92.24,92.17,92.19
2026-06-04 18:00:00,92.19,92.19,92.13,92.15
2026-06-04 19:00:00,92.15,92.18,92.15,92.17
2026-06-04 20:00:00,92.17,92.17,91.98,92.0
2026-06-04 21:00:00,92.01,92.05,92.01,92.03
2026-06-04 22:00:00,92.04,92.19,92.04,92.15
2026-06-04 23:00:00,92.16,92.16,92.05,92.07
2026-06-05 00:00:00,92.06,92.19,92.06,92.15
2026-06-05 01:00:00,92.15,92.15,92.03,92.05
2026-06-05 02:00:00,92.04,92.13,92.04,92.12
2026-06-05 03:00:00,92.14,92.15,92.12,92.13
2026-06-05 04:00:00,92.11,92.11,92.03,92.05
2026-06-05 05:00:00,92.05,92.07,92.05,92.06
2026-06-05 06:00:00,92.06,92.06,91.94,91.96
2026-06-05 07:00:00,91.97,91.97,91.85,91.87
2026-06-05 08:00:00,91.87,91.91,91.86,91.87
2026-06-05 09:00:00,91.87,91.87,91.8,91.83
2026-06-05 10:00:00,91.8,91.9,91.8,91.87
2026-06-05 11:00:00,91.86,91.86,91.83,91.85
2026-06-05 12:00:00,91.86,91.91,91.86,91.88
2026-06-05 13:00:00,91.89,91.89,91.76,91.82
2026-06-05 14:00:00,91.8,91.83,91.79,91.81
2026-06-05 15:00:00,91.81,91.81,91.65,91.66
2026-06-05 16:00:00,91.66,91.66,91.62,91.63
2026-06-05 17:00:00,91.63,91.63,91.58,91.61
2026-06-05 18:00:00,91.62,91.62,91.53,91.56
2026-06-05 19:00:00,91.55,91.6,91.55,91.58
2026-06-05 20:00:00,91.57,91.62,91.57,91.6
2026-06-05 21:00:00,91.6,91.6,91.54,91.55
2026-06-05 22:00:00,91.54,91.68,91.54,91.64
2026-06-05 23:00:00,91.64,91.7,91.64,91.68
2026-06-06 00:00:00,91.69,91.71,91.66,91.69
2026-06-06 01:00:00,91.68,91.68,91.61,91.65
2026-06-06 02:00:00,91.63,91.63,91.58,91.59
2026-06-06 03:00:00,91.59,91.63,91.58,91.6
2026-06-06 04:00:00,91.6,91.67,91.6,91.64
2026-06-06 05:00:00,91.64,91.69,91.63,91.65
2026-06-06 06:00:00,91.65,91.75,91.65,91.73
2026-06-06 07:00:00,91.73,91.81,91.73,91.79
2026-06-06 08:00:00,91.79,91.8,91.75,91.78
2026-06-06 09:00:00,91.77,91.9,91.77,91.88
2026-06-06 10:00:00,91.89,91.96,91.89,91.94
2026-06-06 11:00:00,91.94,92.02,91.94,92.01
2026-06-06 12:00:00,92.01,92.01,91.96,91.99
2026-06-06 13:00:00,91.99,92.04,91.97,92.0
2026-06-06 14:00:00,92.01,92.04,92.0,92.02
2026-06-06 15:00:00,92.02,92.09,92.02,92.07
2026-06-06 16:00:00,92.05,92.1,92.04,92.08
2026-06-06 17:00:00,92.09,92.22,92.09,92.2
2026-06-06 18:00:00,92.21,92.21,92.12,92.14
2026-06-06 19:00:00,92.14,92.14,92.05,92.06
2026-06-06 20:00:00,92.05,92.07,92.02,92.04
2026-06-06 21:00:00,92.06,92.08,92.01,92.05
2026-06-06 22:00:00,92.04,92.06,92.03,92.04
2026-06-06 23:00:00,92.04,92.17,92.04,92.14
2026-06-07 00:00:00,92.15,92.2,92.15,92.19
2026-06-07 01:00:00,92.17,92.17,92.07,92.08
2026-06-07 02:00:00,92.1,92.1,91.99,92.0
2026-06-07 03:00:00,92.0,92.0,91.75,91.76
2026-06-07 04:00:00,91.77,91.82,91.74,91.78
2026-06-07 05:00:00,91.77,91.85,91.77,91.83
2026-06-07 06:00:00,91.82,91.88,91.82,91.85
2026-06-07 07:00:00,91.83,91.93,91.83,91.88
2026-06-07 08:00:00,91.9,91.91,91.88,91.89
2026-06-07 09:00:00,91.89,91.94,91.89,91.92
2026-06-07 10:00:00,91.91,91.94,91.87,91.9
2026-06-07 11:00:00,91.9,91.9,91.82,91.84
2026-06-07 12:00:00,91.84,91.84,91.79,91.81
2026-06-07 13:00:00,91.84,91.84,91.72,91.73
2026-06-07 14:00:00,91.73,91.78,91.73,91.77
2026-06-07 15:00:00,91.76,91.85,91.76,91.83
2026-06-07 16:00:00,91.83,91.97,91.83,91.95
2026-06-07 17:00:00,91.95,91.95,91.91,91.92
2026-06-07 18:00:00,91.93,92.01,91.93,92.0
2026-06-07 19:00:00,92.0,92.0,91.93,91.94
2026-06-07 20:00:00,91.94,92.08,91.94,92.05
2026-06-07 21:00:00,92.04,92.04,91.87,91.9
2026-06-07 22:00:00,91.9,91.9,91.82,91.84
2026-06-07 23:00:00,91.84,91.85,91.79,91.82
2026-06-08 00:00:00,91.84,91.84,91.78,91.79
2026-06-08 01:00:00,91.8,91.8,91.7,91.71
2026-06-08 02:00:00,91.73,91.74,91.7,91.72
2026-06-08 03:00:00,91.72,91.72,91.63,91.66
2026-06-08 04:00:00,91.66,91.7,91.63,91.68
2026-06-08 05:00:00,91.68,91.84,91.68,91.8
2026-06-08 06:00:00,91.82,91.85,91.79,91.8
2026-06-08 07:00:00,91.81,91.81,91.73,91.75
2026-06-08 08:00:00,91.76,91.8,91.76,91.77
2026-06-08 09:00:00,91.77,91.83,91.76,91.8
2026-06-08 10:00:00,91.79,91.92,91.79,91.91
2026-06-08 11:00:00,91.91,91.96,91.88,91.93
2026-06-08 12:00:00,91.94,92.04,91.94,92.03
2026-06-08 13:00:00,92.03,92.03,91.96,91.99
2026-06-08 14:00:00,91.98,92.07,91.98,92.05
2026-06-08 15:00:00,92.05,92.05,91.96,92.0
2026-06-08 16:00:00,92.0,92.11,92.0,92.09
2026-06-08 17:00:00,92.09,92.12,92.05,92.08
2026-06-08 18:00:00,92.09,92.09,92.04,92.06
2026-06-08 19:00:00,92.08,92.08,92.03,92.04
2026-06-08 20:00:00,92.02,92.09,92.02,92.06
2026-06-08 21:00:00,92.05,92.07,92.05,92.06
2026-06-08 22:00:00,92.07,92.07,92.04,92.05
2026-06-08 23:00:00,92.04,92.17,92.04,92.13
2026-06-09 00:00:00,92.14,92.14,92.06,92.09
2026-06-09 01:00:00,92.09,92.09,92.03,92.05
2026-06-09 02:00:00,92.04,92.17,92.04,92.12
2026-06-09 03:00:00,92.13,92.13,92.01,92.03
2026-06-09 04:00:00,92.03,92.03,91.96,91.98
2026-06-09 05:00:00,91.97,92.08,91.97,92.06
2026-06-09 06:00:00,92.06,92.18,92.06,92.17
2026-06-09 07:00:00,92.17,92.25,92.17,92.24
2026-06-09 08:00:00,92.22,92.28,92.22,92.27
2026-06-09 09:00:00,92.26,92.29,92.25,92.27
2026-06-09 10:00:00,92.27,92.29,92.26,92.27
2026-06-09 11:00:00,92.28,92.28,92.08,92.12
2026-06-09 12:00:00,92.13,92.14,92.11,92.12
2026-06-09 13:00:00,92.12,92.15,92.12,92.14
