Timestamp (UTC),Open,High,Low,Close,BRN Oct26: Volume
2026-05-01 00:00:00,90.37,90.38,90.36,90.37,1008
2026-05-01 01:00:00,90.38,90.43,90.38,90.4,4524
2026-05-01 02:00:00,90.4,90.56,90.4,90.55,508
2026-05-01 03:00:00,90.56,90.56,90.46,90.49,324
2026-05-01 04:00:00,90.5,90.5,90.2,90.23,3560
2026-05-01 05:00:00,90.24,90.33,90.24,90.3,2340
2026-05-01 06:00:00,90.31,90.31,90.17,90.21,3531
2026-05-01 07:00:00,90.21,90.28,90.2,90.23,4711
2026-05-01 08:00:00,90.23,90.23,90.09,90.13,63
2026-05-01 09:00:00,90.13,90.24,90.13,90.22,4143
2026-05-01 10:00:00,90.22,90.35,90.22,90.31,3451
2026-05-01 11:00:00,90.32,90.32,90.1,90.16,2220
2026-05-01 12:00:00,90.16,90.16,90.11,90.13,3076
2026-05-01 13:00:00,90.12,90.12,90.07,90.1,2136
2026-05-01 14:00:00,90.11,90.11,90.07,90.09,3544
2026-05-01 15:00:00,90.08,90.2,90.08,90.19,1157
2026-05-01 16:00:00,90.2,90.31,90.2,90.28,3197
2026-05-01 17:00:00,90.29,90.29,90.25,90.27,3655
2026-05-01 18:00:00,90.26,90.29,90.24,90.26,2545
2026-05-01 19:00:00,90.27,90.27,90.23,90.24,1665
2026-05-01 20:00:00,90.23,90.3,90.23,90.26,4555
2026-05-01 21:00:00,90.26,90.26,90.2,90.21,987
2026-05-01 22:00:00,90.21,90.26,90.21,90.25,3428
2026-05-01 23:00:00,90.26,90.26,90.19,90.22,963
2026-05-02 00:00:00,90.23,90.34,90.23,90.32,2801
2026-05-02 01:00:00,90.32,90.41,90.32,90.37,4003
2026-05-02 02:00:00,90.36,90.36,90.26,90.3,1727
2026-05-02 03:00:00,90.29,90.31,90.25,90.28,2407
2026-05-02 04:00:00,90.29,90.29,90.25,90.28,3644
2026-05-02 05:00:00,90.27,90.28,90.21,90.24,2426
2026-05-02 06:00:00,90.22,90.31,90.22,90.3,2585
2026-05-02 07:00:00,90.3,90.41,90.3,90.37,3626
2026-05-02 08:00:00,90.37,90.46,90.37,90.43,3030
2026-05-02 09:00:00,90.43,90.5,90.43,90.48,1329
2026-05-02 10:00:00,90.49,90.61,90.49,90.59,977
2026-05-02 11:00:00,90.58,90.58,90.52,90.55,2075
2026-05-02 12:00:00,90.55,90.55,90.49,90.51,2601
2026-05-02 13:00:00,90.51,90.67,90.51,90.62,2651
2026-05-02 14:00:00,90.62,90.62,90.51,90.53,4361
2026-05-02 15:00:00,90.53,90.63,90.53,90.61,995
2026-05-02 16:00:00,90.6,90.6,90.51,90.53,3803
2026-05-02 17:00:00,90.53,90.53,90.49,90.52,4656
2026-05-02 18:00:00,90.52,90.54,90.47,90.5,1277
2026-05-02 19:00:00,90.52,90.52,90.27,90.29,440
2026-05-02 20:00:00,90.29,90.43,90.29,90.38,3474
2026-05-02 21:00:00,90.4,90.4,90.26,90.28,1690
2026-05-02 22:00:00,90.28,90.28,90.23,90.25,822
2026-05-02 23:00:00,90.25,90.29,90.25,90.28,307
2026-05-03 00:00:00,90.28,90.3,90.21,90.25,601
2026-05-03 01:00:00,90.24,90.31,90.24,90.28,2943
2026-05-03 02:00:00,90.29,90.34,90.29,90.33,744
2026-05-03 03:00:00,90.33,90.41,90.33,90.37,3254
2026-05-03 04:00:00,90.39,90.4,90.37,90.39,1656
2026-05-03 05:00:00,90.36,90.38,90.35,90.37,497
2026-05-03 06:00:00,90.38,90.42,90.36,90.39,4464
2026-05-03 07:00:00,90.39,90.39,90.26,90.31,142
2026-05-03 08:00:00,90.32,90.49,90.32,90.43,1319
2026-05-03 09:00:00,90.45,90.51,90.45,90.49,1160
2026-05-03 10:00:00,90.49,90.51,90.43,90.46,1703
2026-05-03 11:00:00,90.45,90.51,90.45,90.48,927
2026-05-03 12:00:00,90.49,90.54,90.49,90.52,2822
2026-05-03 13:00:00,90.54,90.59,90.54,90.58,4475
2026-05-03 14:00:00,90.59,90.73,90.59,90.71,3337
2026-05-03 15:00:00,90.69,90.77,90.68,90.73,1269
2026-05-03 16:00:00,90.72,90.86,90.72,90.82,4524
2026-05-03 17:00:00,90.83,90.92,90.83,90.91,3280
2026-05-03 18:00:00,90.92,90.92,90.81,90.82,2919
2026-05-03 19:00:00,90.82,90.89,90.82,90.85,4260
2026-05-03 20:00:00,90.85,90.85,90.79,90.8,4443
2026-05-03 21:00:00,90.8,90.86,90.8,90.84,1453
2026-05-03 22:00:00,90.82,90.89,90.82,90.85,624
2026-05-03 23:00:00,90.86,91.04,90.86,91.0,4672
2026-05-04 00:00:00,90.99,91.03,90.99,91.02,575
2026-05-04 01:00:00,91.03,91.12,91.03,91.09,4917
2026-05-04 02:00:00,91.09,91.09,90.94,90.97,3140
2026-05-04 03:00:00,90.97,90.97,90.88,90.91,2847
2026-05-04 04:00:00,90.9,90.9,90.82,90.83,1955
2026-05-04 05:00:00,90.83,90.91,90.83,90.89,2602
2026-05-04 06:00:00,90.88,90.98,90.88,90.96,301
2026-05-04 07:00:00,90.97,90.97,90.86,90.92,2992
2026-05-04 08:00:00,90.91,90.96,90.91,90.94,4398
2026-05-04 09:00:00,90.94,90.97,90.92,90.94,586
2026-05-04 10:00:00,90.95,90.95,90.88,90.93,4972
2026-05-04 11:00:00,90.92,90.92,90.87,90.88,521
2026-05-04 12:00:00,90.89,90.93,90.89,90.91,4880
2026-05-04 13:00:00,90.9,91.02,90.9,91.0,1331
2026-05-04 14:00:00,91.0,91.09,91.0,91.06,575
2026-05-04 15:00:00,91.06,91.19,91.06,91.18,1711
2026-05-04 16:00:00,91.17,91.17,91.04,91.07,971
2026-05-04 17:00:00,91.07,91.07,90.99,91.01,3236
2026-05-04 18:00:00,91.02,91.16,91.02,91.14,4655
2026-05-04 19:00:00,91.16,91.21,91.16,91.2,3276
2026-05-04 20:00:00,91.2,91.2,91.16,91.17,2500
2026-05-04 21:00:00,91.17,91.42,91.17,91.4,277
2026-05-04 22:00:00,91.41,91.41,91.31,91.33,74
2026-05-04 23:00:00,91.34,91.34,91.23,91.26,907
2026-05-05 00:00:00,91.27,91.33,91.27,91.31,4929
2026-05-05 01:00:00,91.3,91.3,91.23,91.24,4443
2026-05-05 02:00:00,91.24,91.28,91.22,91.26,4833
2026-05-05 03:00:00,91.28,91.28,91.14,91.15,2422
2026-05-05 04:00:00,91.14,91.16,91.12,91.14,2519
2026-05-05 05:00:00,91.14,91.16,91.14,91.15,1894
2026-05-05 06:00:00,91.15,91.32,91.15,91.27,3184
2026-05-05 07:00:00,91.29,91.32,91.28,91.31,2841
2026-05-05 08:00:00,91.3,91.3,91.25,91.26,1876
2026-05-05 09:00:00,91.27,91.27,91.14,91.16,1720
2026-05-05 10:00:00,91.15,91.23,91.15,91.2,1474
2026-05-05 11:00:00,91.21,91.24,91.2,91.22,4199
2026-05-05 12:00:00,91.21,91.21,91.1,91.13,2645
2026-05-05 13:00:00,91.12,91.12,91.09,91.1,723
2026-05-05 14:00:00,91.12,91.12,90.89,90.92,1380
2026-05-05 15:00:00,90.92,90.92,90.83,90.86,2695
2026-05-05 16:00:00,90.85,90.85,90.81,90.83,4332
2026-05-05 17:00:00,90.84,90.84,90.81,90.83,1888
2026-05-05 18:00:00,90.83,90.91,90.83,90.87,944
2026-05-05 19:00:00,90.86,90.86,90.78,90.81,696
2026-05-05 20:00:00,90.79,90.91,90.79,90.9,4043
2026-05-05 21:00:00,90.91,90.91,90.84,90.86,1119
2026-05-05 22:00:00,90.85,90.96,90.85,90.93,1517
2026-05-05 23:00:00,90.92,90.97,90.89,90.93,136
2026-05-06 00:00:00,90.93,90.93,90.77,90.79,3619
2026-05-06 01:00:00,90.79,90.86,90.79,90.85,405
2026-05-06 02:00:00,90.84,90.96,90.84,90.95,4595
2026-05-06 03:00:00,90.95,90.96,90.9,90.93,2051
2026-05-06 04:00:00,90.93,90.93,90.87,90.88,2737
2026-05-06 05:00:00,90.87,90.91,90.87,90.9,4188
2026-05-06 06:00:00,90.91,91.05,90.91,91.02,286
2026-05-06 07:00:00,91.01,91.21,91.01,91.2,1263
2026-05-06 08:00:00,91.19,91.19,91.15,91.16,2946
2026-05-06 09:00:00,91.16,91.2,91.16,91.19,3197
2026-05-06 10:00:00,91.19,91.29,91.19,91.28,851
2026-05-06 11:00:00,91.29,91.3,91.26,91.28,1034
2026-05-06 12:00:00,91.28,91.28,91.19,91.2,2800
2026-05-06 13:00:00,91.2,91.2,91.14,91.15,2788
2026-05-06 14:00:00,91.13,91.17,91.11,91.14,4599
2026-05-06 15:00:00,91.15,91.21,91.15,91.19,2574
2026-05-06 16:00:00,91.18,91.24,91.17,91.2,1873
2026-05-06 17:00:00,91.2,91.3,91.2,91.28,1116
2026-05-06 18:00:00,91.28,91.28,91.17,91.21,59
2026-05-06 19:00:00,91.21,91.21,91.13,91.17,3090
2026-05-06 20:00:00,91.18,91.18,91.03,91.05,3352
2026-05-06 21:00:00,91.06,91.15,91.06,91.14,1431
2026-05-06 22:00:00,91.13,91.13,90.96,90.99,878
2026-05-06 23:00:00,90.99,90.99,90.97,90.99,4920
2026-05-07 00:00:00,90.99,91.01,90.96,90.98,2079
2026-05-07 01:00:00,90.98,90.98,90.86,90.9,823
2026-05-07 02:00:00,90.89,90.89,90.81,90.82,2838
2026-05-07 03:00:00,90.82,90.82,90.67,90.69,228
2026-05-07 04:00:00,90.69,90.72,90.64,90.68,321
2026-05-07 05:00:00,90.67,90.8,90.67,90.79,2717
2026-05-07 06:00:00,90.78,90.84,90.78,90.83,2673
2026-05-07 07:00:00,90.83,90.83,90.62,90.65,4353
2026-05-07 08:00:00,90.64,90.64,90.56,90.6,3996
2026-05-07 09:00:00,90.6,90.6,90.55,90.58,461
2026-05-07 10:00:00,90.57,90.57,90.43,90.47,1772
2026-05-07 11:00:00,90.46,90.49,90.45,90.46,3724
2026-05-07 12:00:00,90.45,90.48,90.41,90.44,1164
2026-05-07 13:00:00,90.44,90.48,90.39,90.44,3716
2026-05-07 14:00:00,90.45,90.49,90.42,90.47,370
2026-05-07 15:00:00,90.48,90.64,90.48,90.61,4111
2026-05-07 16:00:00,90.61,90.64,90.6,90.63,1113
2026-05-07 17:00:00,90.63,90.63,90.6,90.61,712
2026-05-07 18:00:00,90.63,90.63,90.52,90.55,2702
2026-05-07 19:00:00,90.54,90.6,90.54,90.58,4891
2026-05-07 20:00:00,90.58,90.58,90.42,90.47,3812
2026-05-07 21:00:00,90.47,90.47,90.31,90.32,1239
2026-05-07 22:00:00,90.31,90.37,90.31,90.36,2548
2026-05-07 23:00:00,90.36,90.4,90.36,90.39,1947
2026-05-08 00:00:00,90.39,90.39,90.32,90.36,1433
2026-05-08 01:00:00,90.38,90.38,90.31,90.34,263
2026-05-08 02:00:00,90.32,90.44,90.32,90.41,1444
2026-05-08 03:00:00,90.41,90.41,90.34,90.38,3867
2026-05-08 04:00:00,90.38,90.49,90.38,90.46,990
2026-05-08 05:00:00,90.46,90.46,90.37,90.39,2384
2026-05-08 06:00:00,90.41,90.48,90.41,90.47,3622
2026-05-08 07:00:00,90.48,90.56,90.48,90.54,3196
2026-05-08 08:00:00,90.54,90.6,90.54,90.58,2795
2026-05-08 09:00:00,90.58,90.65,90.58,90.62,4299
2026-05-08 10:00:00,90.61,90.63,90.6,90.62,2457
2026-05-08 11:00:00,90.62,90.7,90.62,90.67,4070
2026-05-08 12:00:00,90.68,90.76,90.68,90.72,1887
2026-05-08 13:00:00,90.72,90.79,90.72,90.76,1510
2026-05-08 14:00:00,90.75,90.89,90.75,90.87,2634
2026-05-08 15:00:00,90.86,90.94,90.86,90.92,2450
2026-05-08 16:00:00,90.93,91.06,90.93,91.03,736
2026-05-08 17:00:00,91.03,91.12,91.02,91.08,3204
2026-05-08 18:00:00,91.06,91.11,91.06,91.09,4047
2026-05-08 19:00:00,91.09,91.09,91.01,91.04,2354
2026-05-08 20:00:00,91.04,91.04,90.91,90.96,4776
2026-05-08 21:00:00,90.97,91.06,90.97,91.05,3460
2026-05-08 22:00:00,91.06,91.06,90.94,90.96,1501
2026-05-08 23:00:00,90.95,90.98,90.89,90.94,790
2026-05-09 00:00:00,90.94,91.0,90.94,90.97,4890
2026-05-09 01:00:00,90.97,91.01,90.95,90.99,4186
2026-05-09 02:00:00,90.98,90.98,90.92,90.96,1497
2026-05-09 03:00:00,90.96,91.13,90.96,91.08,1271
2026-05-09 04:00:00,91.08,91.11,91.07,91.09,2154
2026-05-09 05:00:00,91.1,91.1,90.96,90.98,4480
2026-05-09 06:00:00,90.98,91.02,90.98,91.01,4356
2026-05-09 07:00:00,91.01,91.05,90.98,91.02,1976
2026-05-09 08:00:00,91.03,91.08,91.03,91.06,4991
2026-05-09 09:00:00,91.06,91.06,91.01,91.03,3080
2026-05-09 10:00:00,91.04,91.04,90.95,90.97,2217
2026-05-09 11:00:00,90.96,90.98,90.95,90.96,1348
2026-05-09 12:00:00,90.95,90.97,90.95,90.95,745
2026-05-09 13:00:00,90.95,90.98,90.91,90.93,888
2026-05-09 14:00:00,90.95,90.95,90.88,90.92,1535
2026-05-09 15:00:00,90.91,91.0,90.91,90.98,2277
2026-05-09 16:00:00,90.97,90.97,90.91,90.93,22
2026-05-09 17:00:00,90.94,91.01,90.94,90.99,3186
2026-05-09 18:00:00,91.0,91.0,90.98,90.99,2630
2026-05-09 19:00:00,90.99,91.04,90.99,91.01,4023
2026-05-09 20:00:00,91.01,91.01,90.94,90.99,2965
2026-05-09 21:00:00,90.98,90.99,90.93,90.95,3795
2026-05-09 22:00:00,90.94,90.95,90.92,90.94,3562
2026-05-09 23:00:00,90.93,91.11,90.93,91.08,4787
2026-05-10 00:00:00,91.08,91.09,90.99,91.04,4669
2026-05-10 01:00:00,91.03,91.13,91.03,91.09,3645
2026-05-10 02:00:00,91.09,91.09,91.01,91.03,3855
2026-05-10 03:00:00,91.03,91.05,91.03,91.04,1985
2026-05-10 04:00:00,91.05,91.16,91.05,91.13,317
2026-05-10 05:00:00,91.14,91.14,91.1,91.12,1898
2026-05-10 06:00:00,91.11,91.11,91.06,91.08,689
2026-05-10 07:00:00,91.09,91.12,91.08,91.1,4077
2026-05-10 08:00:00,91.12,91.15,91.11,91.14,4690
2026-05-10 09:00:00,91.12,91.17,91.07,91.12,1364
2026-05-10 10:00:00,91.13,91.23,91.13,91.21,3034
2026-05-10 11:00:00,91.22,91.28,91.2,91.25,2631
2026-05-10 12:00:00,91.25,91.37,91.25,91.33,1255
2026-05-10 13:00:00,91.33,91.33,91.29,91.3,1968
2026-05-10 14:00:00,91.31,91.4,91.31,91.37,3650
2026-05-10 15:00:00,91.37,91.37,91.32,91.33,2528
2026-05-10 16:00:00,91.34,91.34,91.24,91.27,4885
2026-05-10 17:00:00,91.27,91.27,91.15,91.17,617
2026-05-10 18:00:00,91.17,91.18,91.14,91.17,4762
2026-05-10 19:00:00,91.15,91.28,91.15,91.25,2884
2026-05-10 20:00:00,91.25,91.35,91.25,91.33,3871
2026-05-10 21:00:00,91.32,91.33,91.31,91.32,2805
2026-05-10 22:00:00,91.33,91.34,91.27,91.3,4967
2026-05-10 23:00:00,91.32,91.45,91.32,91.41,3629
2026-05-11 00:00:00,91.42,91.44,91.41,91.42,1210
2026-05-11 01:00:00,91.42,91.42,91.3,91.33,697
2026-05-11 02:00:00,91.31,91.34,91.26,91.29,4559
2026-05-11 03:00:00,91.3,91.3,91.26,91.27,655
2026-05-11 04:00:00,91.27,91.35,91.27,91.33,2437
2026-05-11 05:00:00,91.33,91.43,91.33,91.41,2564
2026-05-11 06:00:00,91.41,91.47,91.4,91.43,250
2026-05-11 07:00:00,91.42,91.42,91.39,91.39,452
2026-05-11 08:00:00,91.39,91.49,91.39,91.44,2429
2026-05-11 09:00:00,91.45,91.58,91.45,91.55,1800
2026-05-11 10:00:00,91.54,91.54,91.47,91.51,3463
2026-05-11 11:00:00,91.51,91.51,91.44,91.46,3661
2026-05-11 12:00:00,91.46,91.52,91.46,91.49,4374
2026-05-11 13:00:00,91.5,91.53,91.47,91.5,4691
2026-05-11 14:00:00,91.49,91.55,91.47,91.49,1202
2026-05-11 15:00:00,91.49,91.57,91.49,91.54,225
2026-05-11 16:00:00,91.56,91.56,91.37,91.39,1163
2026-05-11 17:00:00,91.39,91.46,91.39,91.44,4741
2026-05-11 18:00:00,91.43,91.5,91.43,91.48,2512
2026-05-11 19:00:00,91.5,91.5,91.46,91.49,4679
2026-05-11 20:00:00,91.49,91.49,91.43,91.46,4204
2026-05-11 21:00:00,91.45,91.47,91.38,91.43,2310
2026-05-11 22:00:00,91.43,91.47,91.4,91.43,1167
2026-05-11 23:00:00,91.44,91.44,91.38,91.4,4733
2026-05-12 00:00:00,91.39,91.45,91.39,91.44,3695
2026-05-12 01:00:00,91.45,91.45,91.38,91.41,2754
2026-05-12 02:00:00,91.42,91.48,91.38,91.43,3529
2026-05-12 03:00:00,91.42,91.45,91.42,91.44,3273
2026-05-12 04:00:00,91.46,91.52,91.45,91.47,1033
2026-05-12 05:00:00,91.47,91.52,91.45,91.47,1568
2026-05-12 06:00:00,91.47,91.53,91.47,91.51,1573
2026-05-12 07:00:00,91.52,91.61,91.52,91.57,1958
2026-05-12 08:00:00,91.57,91.62,91.55,91.58,1410
2026-05-12 09:00:00,91.58,91.59,91.51,91.54,906
2026-05-12 10:00:00,91.54,91.67,91.54,91.65,1169
2026-05-12 11:00:00,91.65,91.68,91.62,91.65,3784
2026-05-12 12:00:00,91.67,91.67,91.56,91.59,3053
2026-05-12 13:00:00,91.58,91.59,91.54,91.57,3878
2026-05-12 14:00:00,91.55,91.56,91.47,91.51,4969
2026-05-12 15:00:00,91.52,91.52,91.47,91.49,3007
2026-05-12 16:00:00,91.48,91.48,91.36,91.39,678
2026-05-12 17:00:00,91.38,91.41,91.37,91.39,3742
2026-05-12 18:00:00,91.41,91.58,91.41,91.54,2617
2026-05-12 19:00:00,91.53,91.59,91.52,91.56,2972
2026-05-12 20:00:00,91.56,91.66,91.56,91.64,539
2026-05-12 21:00:00,91.64,91.71,91.64,91.68,140
2026-05-12 22:00:00,91.68,91.73,91.64,91.7,1385
2026-05-12 23:00:00,91.7,91.78,91.7,91.77,862
2026-05-13 00:00:00,91.77,91.81,91.75,91.78,1347
2026-05-13 01:00:00,91.79,91.79,91.69,91.72,1405
2026-05-13 02:00:00,91.73,91.73,91.65,91.68,217
2026-05-13 03:00:00,91.68,91.68,91.52,91.55,307
2026-05-13 04:00:00,91.55,91.55,91.41,91.42,86
2026-05-13 05:00:00,91.41,91.41,91.34,91.37,1332
2026-05-13 06:00:00,91.36,91.43,91.36,91.41,4804
2026-05-13 07:00:00,91.43,91.43,91.26,91.3,3329
2026-05-13 08:00:00,91.3,91.38,91.3,91.36,4395
2026-05-13 09:00:00,91.38,91.38,91.32,91.36,3452
2026-05-13 10:00:00,91.37,91.37,91.23,91.28,4917
2026-05-13 11:00:00,91.27,91.27,91.2,91.23,2186
2026-05-13 12:00:00,91.22,91.28,91.22,91.27,1634
2026-05-13 13:00:00,91.26,91.38,91.26,91.37,1418
2026-05-13 14:00:00,91.37,91.37,91.32,91.33,4392
2026-05-13 15:00:00,91.32,91.32,91.2,91.25,3839
2026-05-13 16:00:00,91.25,91.29,91.25,91.27,4454
2026-05-13 17:00:00,91.24,91.42,91.24,91.4,3276
2026-05-13 18:00:00,91.4,91.45,91.39,91.43,3568
2026-05-13 19:00:00,91.43,91.56,91.43,91.53,3113
2026-05-13 20:00:00,91.51,91.7,91.51,91.65,41
2026-05-13 21:00:00,91.65,91.66,91.61,91.64,2857
2026-05-13 22:00:00,91.64,91.64,91.55,91.58,2630
2026-05-13 23:00:00,91.58,91.58,91.52,91.53,4828
2026-05-14 00:00:00,91.53,91.55,91.49,91.52,4826
2026-05-14 01:00:00,91.52,91.57,91.52,91.55,2590
2026-05-14 02:00:00,91.54,91.62,91.54,91.6,3373
2026-05-14 03:00:00,91.61,91.7,91.61,91.67,246
2026-05-14 04:00:00,91.64,91.68,91.62,91.67,4627
2026-05-14 05:00:00,91.65,91.65,91.6,91.61,543
2026-05-14 06:00:00,91.6,91.6,91.5,91.53,4700
2026-05-14 07:00:00,91.53,91.6,91.53,91.57,2899
2026-05-14 08:00:00,91.59,91.59,91.35,91.39,1826
2026-05-14 09:00:00,91.39,91.4,91.34,91.37,2980
2026-05-14 10:00:00,91.38,91.42,91.36,91.4,1819
2026-05-14 11:00:00,91.41,91.41,91.32,91.33,2143
2026-05-14 12:00:00,91.32,91.37,91.3,91.33,4417
2026-05-14 13:00:00,91.32,91.33,91.3,91.31,4896
2026-05-14 14:00:00,91.32,91.34,91.29,91.31,2783
2026-05-14 15:00:00,91.31,91.36,91.31,91.35,796
2026-05-14 16:00:00,91.35,91.45,91.35,91.41,1079
2026-05-14 17:00:00,91.4,91.48,91.4,91.46,4579
2026-05-14 18:00:00,91.48,91.51,91.42,91.46,3732
2026-05-14 19:00:00,91.46,91.47,91.41,91.44,656
2026-05-14 20:00:00,91.43,91.45,91.42,91.44,3939
2026-05-14 21:00:00,91.43,91.54,91.43,91.52,2158
2026-05-14 22:00:00,91.51,91.64,91.51,91.62,2736
2026-05-14 23:00:00,91.61,91.61,91.5,91.54,3372
2026-05-15 00:00:00,91.54,91.58,91.51,91.54,4345
2026-05-15 01:00:00,91.55,91.56,91.54,91.55,3462
2026-05-15 02:00:00,91.55,91.61,91.55,91.59,4877
2026-05-15 03:00:00,91.58,91.58,91.51,91.55,3404
2026-05-15 04:00:00,91.56,91.7,91.56,91.69,53
2026-05-15 05:00:00,91.65,91.68,91.65,91.67,1881
2026-05-15 06:00:00,91.67,91.74,91.67,91.73,545
2026-05-15 07:00:00,91.74,91.74,91.6,91.63,1945
2026-05-15 08:00:00,91.62,91.62,91.53,91.56,4360
2026-05-15 09:00:00,91.56,91.67,91.56,91.65,4257
2026-05-15 10:00:00,91.65,91.72,91.63,91.68,4475
2026-05-15 11:00:00,91.68,91.77,91.68,91.74,1401
2026-05-15 12:00:00,91.74,91.82,91.74,91.8,2015
2026-05-15 13:00:00,91.79,91.88,91.79,91.87,873
2026-05-15 14:00:00,91.87,91.87,91.72,91.74,596
2026-05-15 15:00:00,91.75,91.75,91.65,91.67,4761
2026-05-15 16:00:00,91.68,91.73,91.65,91.68,1169
2026-05-15 17:00:00,91.69,91.76,91.69,91.74,4670
2026-05-15 18:00:00,91.74,91.74,91.61,91.65,3596
2026-05-15 19:00:00,91.67,91.67,91.52,91.53,584
2026-05-15 20:00:00,91.54,91.54,91.46,91.48,2706
2026-05-15 21:00:00,91.48,91.57,91.48,91.52,3968
2026-05-15 22:00:00,91.53,91.64,91.53,91.63,3304
2026-05-15 23:00:00,91.64,91.71,91.64,91.69,2679
2026-05-16 00:00:00,91.67,91.67,91.6,91.62,1783
2026-05-16 01:00:00,91.62,91.66,91.62,91.65,2009
2026-05-16 02:00:00,91.64,91.83,91.64,91.78,2381
2026-05-16 03:00:00,91.79,91.86,91.79,91.82,1112
2026-05-16 04:00:00,91.82,92.04,91.82,91.98,1686
2026-05-16 05:00:00,91.99,91.99,91.96,91.96,3523
2026-05-16 06:00:00,91.97,91.97,91.84,91.87,2838
2026-05-16 07:00:00,91.87,91.87,91.83,91.85,3026
2026-05-16 08:00:00,91.86,92.01,91.86,91.98,2892
2026-05-16 09:00:00,91.99,92.07,91.99,92.06,3757
2026-05-16 10:00:00,92.05,92.05,91.87,91.89,1714
2026-05-16 11:00:00,91.88,91.97,91.88,91.94,4479
2026-05-16 12:00:00,91.94,91.94,91.83,91.88,4442
2026-05-16 13:00:00,91.86,91.86,91.79,91.8,601
2026-05-16 14:00:00,91.79,91.79,91.71,91.72,1846
2026-05-16 15:00:00,91.72,91.8,91.72,91.77,3437
2026-05-16 16:00:00,91.77,91.88,91.77,91.85,4039
2026-05-16 17:00:00,91.86,91.86,91.76,91.8,2354
2026-05-16 18:00:00,91.81,91.89,91.81,91.88,1510
2026-05-16 19:00:00,91.88,91.88,91.8,91.82,2137
2026-05-16 20:00:00,91.82,91.84,91.78,91.82,4223
2026-05-16 21:00:00,91.81,91.81,91.75,91.77,1683
2026-05-16 22:00:00,91.77,91.77,91.71,91.75,3846
2026-05-16 23:00:00,91.73,91.74,91.68,91.72,966
2026-05-17 00:00:00,91.72,91.72,91.69,91.69,4076
2026-05-17 01:00:00,91.7,91.72,91.7,91.71,4448
2026-05-17 02:00:00,91.73,91.83,91.73,91.82,1024
2026-05-17 03:00:00,91.83,92.09,91.83,92.07,592
2026-05-17 04:00:00,92.06,92.11,92.06,92.09,2787
2026-05-17 05:00:00,92.09,92.09,92.06,92.08,1762
2026-05-17 06:00:00,92.07,92.07,91.94,91.96,454
2026-05-17 07:00:00,91.97,91.97,91.86,91.89,2860
2026-05-17 08:00:00,91.86,91.86,91.76,91.78,3501
2026-05-17 09:00:00,91.78,91.87,91.78,91.83,4276
2026-05-17 10:00:00,91.84,91.84,91.73,91.76,1830
2026-05-17 11:00:00,91.77,91.85,91.77,91.82,2058
2026-05-17 12:00:00,91.85,91.92,91.85,91.91,2796
2026-05-17 13:00:00,91.92,92.06,91.92,92.05,2898
2026-05-17 14:00:00,92.05,92.05,91.93,91.95,4853
2026-05-17 15:00:00,91.95,92.05,91.95,92.01,4940
2026-05-17 16:00:00,92.01,92.01,91.94,91.98,2432
2026-05-17 17:00:00,91.99,91.99,91.91,91.93,4228
2026-05-17 18:00:00,91.94,92.06,91.94,92.03,2828
2026-05-17 19:00:00,92.04,92.19,92.04,92.16,4173
2026-05-17 20:00:00,92.16,92.21,92.12,92.16,614
2026-05-17 21:00:00,92.17,92.26,92.17,92.22,4069
2026-05-17 22:00:00,92.22,92.32,92.22,92.3,4241
2026-05-17 23:00:00,92.31,92.31,92.22,92.25,228
2026-05-18 00:00:00,92.25,92.34,92.25,92.31,3531
2026-05-18 01:00:00,92.29,92.33,92.29,92.31,1643
2026-05-18 02:00:00,92.33,92.36,92.28,92.32,4960
2026-05-18 03:00:00,92.31,92.35,92.28,92.32,2936
2026-05-18 04:00:00,92.31,92.36,92.29,92.33,1714
2026-05-18 05:00:00,92.34,92.35,92.32,92.33,4355
2026-05-18 06:00:00,92.32,92.48,92.32,92.46,1163
2026-05-18 07:00:00,92.46,92.52,92.46,92.5,473
2026-05-18 08:00:00,92.5,92.64,92.5,92.63,2123
2026-05-18 09:00:00,92.61,92.62,92.55,92.58,4161
2026-05-18 10:00:00,92.57,92.72,92.57,92.7,2043
2026-05-18 11:00:00,92.7,92.76,92.7,92.74,1821
2026-05-18 12:00:00,92.75,92.75,92.7,92.71,743
2026-05-18 13:00:00,92.71,92.77,92.71,92.74,2697
2026-05-18 14:00:00,92.74,92.74,92.66,92.69,1086
2026-05-18 15:00:00,92.69,92.78,92.69,92.75,2263
2026-05-18 16:00:00,92.76,92.76,92.55,92.6,2895
2026-05-18 17:00:00,92.61,92.63,92.58,92.61,3878
2026-05-18 18:00:00,92.61,92.8,92.61,92.77,4947
2026-05-18 19:00:00,92.78,92.81,92.78,92.79,4776
2026-05-18 20:00:00,92.8,92.9,92.8,92.87,823
2026-05-18 21:00:00,92.87,93.03,92.87,93.0,3970
2026-05-18 22:00:00,92.99,92.99,92.89,92.92,2110
2026-05-18 23:00:00,92.92,93.14,92.92,93.08,3283
2026-05-19 00:00:00,93.09,93.09,93.07,93.08,1909
2026-05-19 01:00:00,93.07,93.1,93.02,93.07,2413
2026-05-19 02:00:00,93.05,93.05,92.88,92.93,3337
2026-05-19 03:00:00,92.92,92.93,92.9,92.92,1744
2026-05-19 04:00:00,92.91,93.05,92.91,93.01,1336
2026-05-19 05:00:00,93.01,93.05,92.98,93.02,4462
2026-05-19 06:00:00,93.0,93.04,93.0,93.01,2201
2026-05-19 07:00:00,93.01,93.01,92.82,92.83,1992
2026-05-19 08:00:00,92.83,92.83,92.73,92.75,603
2026-05-19 09:00:00,92.77,92.81,92.75,92.78,2480
2026-05-19 10:00:00,92.79,92.79,92.68,92.71,2002
2026-05-19 11:00:00,92.7,92.73,92.66,92.7,3708
2026-05-19 12:00:00,92.7,92.82,92.7,92.79,2416
2026-05-19 13:00:00,92.8,92.8,92.71,92.74,4220
2026-05-19 14:00:00,92.74,92.8,92.72,92.76,4230
2026-05-19 15:00:00,92.78,92.79,92.77,92.78,163
2026-05-19 16:00:00,92.8,92.8,92.74,92.75,593
2026-05-19 17:00:00,92.73,92.9,92.73,92.84,2155
2026-05-19 18:00:00,92.86,92.86,92.79,92.81,4543
2026-05-19 19:00:00,92.81,92.81,92.73,92.75,323
2026-05-19 20:00:00,92.74,92.74,92.69,92.7,4219
2026-05-19 21:00:00,92.69,92.73,92.66,92.68,2561
2026-05-19 22:00:00,92.7,92.78,92.7,92.76,3272
2026-05-19 23:00:00,92.75,92.84,92.75,92.82,2550
2026-05-20 00:00:00,92.81,93.04,92.81,93.02,2247
2026-05-20 01:00:00,93.02,93.06,93.0,93.04,4588
2026-05-20 02:00:00,93.03,93.06,92.98,93.0,4811
2026-05-20 03:00:00,92.99,93.01,92.98,93.0,1064
2026-05-20 04:00:00,93.01,93.1,93.01,93.05,4679
2026-05-20 05:00:00,93.05,93.05,92.89,92.94,2801
2026-05-20 06:00:00,92.95,92.99,92.93,92.96,1471
2026-05-20 07:00:00,92.95,93.1,92.95,93.09,2904
2026-05-20 08:00:00,93.1,93.12,93.04,93.08,2712
2026-05-20 09:00:00,93.06,93.07,93.0,93.04,637
2026-05-20 10:00:00,93.05,93.05,92.94,92.96,4178
2026-05-20 11:00:00,92.96,93.12,92.96,93.1,1700
2026-05-20 12:00:00,93.1,93.12,93.06,93.08,4900
2026-05-20 13:00:00,93.08,93.08,93.04,93.06,390
2026-05-20 14:00:00,93.06,93.06,92.95,93.0,4717
2026-05-20 15:00:00,93.0,93.05,92.99,93.03,3189
2026-05-20 16:00:00,93.01,93.08,92.99,93.04,272
2026-05-20 17:00:00,93.03,93.07,93.03,93.05,4641
2026-05-20 18:00:00,93.04,93.04,92.93,92.94,3742
2026-05-20 19:00:00,92.93,93.07,92.93,93.04,4312
2026-05-20 20:00:00,93.03,93.03,92.95,92.97,3200
2026-05-20 21:00:00,92.96,92.96,92.9,92.92,2069
2026-05-20 22:00:00,92.93,93.05,92.93,93.02,4069
2026-05-20 23:00:00,93.04,93.11,93.04,93.08,869
2026-05-21 00:00:00,93.08,93.08,92.93,92.95,3063
2026-05-21 01:00:00,92.96,93.03,92.96,93.01,1618
2026-05-21 02:00:00,93.01,93.01,92.93,92.95,4817
2026-05-21 03:00:00,92.96,92.96,92.82,92.85,2900
2026-05-21 04:00:00,92.86,92.86,92.81,92.83,2279
2026-05-21 05:00:00,92.83,92.91,92.83,92.88,2509
2026-05-21 06:00:00,92.88,92.88,92.77,92.79,3649
2026-05-21 07:00:00,92.78,92.87,92.78,92.85,1627
2026-05-21 08:00:00,92.85,92.86,92.79,92.82,3471
2026-05-21 09:00:00,92.83,92.88,92.82,92.85,4045
2026-05-21 10:00:00,92.84,92.94,92.84,92.93,4501
2026-05-21 11:00:00,92.94,92.94,92.85,92.88,3447
2026-05-21 12:00:00,92.89,92.91,92.88,92.9,346
2026-05-21 13:00:00,92.89,93.03,92.89,93.0,3103
2026-05-21 14:00:00,92.98,93.07,92.98,93.04,4012
2026-05-21 15:00:00,93.03,93.22,93.03,93.18,3176
2026-05-21 16:00:00,93.2,93.34,93.2,93.32,4883
2026-05-21 17:00:00,93.32,93.32,93.28,93.29,1687
2026-05-21 18:00:00,93.29,93.35,93.29,93.34,1799
2026-05-21 19:00:00,93.33,93.33,93.21,93.24,865
2026-05-21 20:00:00,93.23,93.35,93.23,93.33,4285
2026-05-21 21:00:00,93.32,93.36,93.32,93.33,2021
2026-05-21 22:00:00,93.33,93.41,93.33,93.39,658
2026-05-21 23:00:00,93.38,93.38,93.31,93.33,4150
2026-05-22 00:00:00,93.34,93.39,93.3,93.34,2920
2026-05-22 01:00:00,93.35,93.35,93.27,93.3,2486
2026-05-22 02:00:00,93.29,93.29,93.2,93.25,1976
2026-05-22 03:00:00,93.23,93.23,93.19,93.2,249
2026-05-22 04:00:00,93.18,93.18,93.11,93.13,209
2026-05-22 05:00:00,93.14,93.25,93.14,93.22,4380
2026-05-22 06:00:00,93.21,93.21,93.13,93.14,2422
2026-05-22 07:00:00,93.13,93.18,93.08,93.13,2636
2026-05-22 08:00:00,93.15,93.15,93.03,93.07,3030
2026-05-22 09:00:00,93.08,93.08,92.97,93.0,3912
2026-05-22 10:00:00,93.0,93.04,92.99,93.02,4472
2026-05-22 11:00:00,93.03,93.13,93.03,93.09,2850
2026-05-22 12:00:00,93.11,93.11,92.99,93.01,2982
2026-05-22 13:00:00,93.01,93.16,93.01,93.11,653
2026-05-22 14:00:00,93.11,93.27,93.11,93.24,2582
2026-05-22 15:00:00,93.26,93.35,93.26,93.33,4851
2026-05-22 16:00:00,93.36,93.39,93.35,93.37,1000
2026-05-22 17:00:00,93.36,93.37,93.34,93.35,1372
2026-05-22 18:00:00,93.37,93.37,93.24,93.29,495
2026-05-22 19:00:00,93.29,93.36,93.29,93.34,2523
2026-05-22 20:00:00,93.36,93.43,93.36,93.42,1155
2026-05-22 21:00:00,93.41,93.41,93.27,93.3,3132
2026-05-22 22:00:00,93.3,93.3,93.17,93.19,2197
2026-05-22 23:00:00,93.18,93.26,93.18,93.22,1181
2026-05-23 00:00:00,93.23,93.28,93.23,93.25,2665
2026-05-23 01:00:00,93.23,93.37,93.23,93.36,3735
2026-05-23 02:00:00,93.36,93.45,93.34,93.39,4878
2026-05-23 03:00:00,93.38,93.38,93.36,93.37,1792
2026-05-23 04:00:00,93.37,93.37,93.26,93.28,1370
2026-05-23 05:00:00,93.28,93.3,93.25,93.27,2009
2026-05-23 06:00:00,93.27,93.44,93.27,93.43,1270
2026-05-23 07:00:00,93.43,93.43,93.38,93.4,1060
2026-05-23 08:00:00,93.42,93.56,93.42,93.54,243
2026-05-23 09:00:00,93.53,93.53,93.45,93.46,365
2026-05-23 10:00:00,93.44,93.48,93.42,93.44,4599
2026-05-23 11:00:00,93.44,93.44,93.37,93.39,2557
2026-05-23 12:00:00,93.4,93.58,93.4,93.56,1281
2026-05-23 13:00:00,93.57,93.58,93.53,93.55,1319
2026-05-23 14:00:00,93.53,93.72,93.53,93.69,2269
2026-05-23 15:00:00,93.69,93.8,93.69,93.75,2700
2026-05-23 16:00:00,93.74,93.74,93.69,93.7,955
2026-05-23 17:00:00,93.71,93.71,93.63,93.65,4006
2026-05-23 18:00:00,93.63,93.72,93.63,93.7,3420
2026-05-23 19:00:00,93.7,93.7,93.63,93.67,2059
2026-05-23 20:00:00,93.65,93.69,93.65,93.68,2291
2026-05-23 21:00:00,93.67,93.76,93.67,93.74,2510
2026-05-23 22:00:00,93.76,93.76,93.69,93.71,1082
2026-05-23 23:00:00,93.7,93.75,93.7,93.74,2323
2026-05-24 00:00:00,93.75,93.79,93.75,93.77,177
2026-05-24 01:00:00,93.79,93.86,93.79,93.84,4940
2026-05-24 02:00:00,93.83,93.86,93.83,93.85,1685
2026-05-24 03:00:00,93.84,93.99,93.84,93.96,760
2026-05-24 04:00:00,93.96,94.03,93.96,94.01,2154
2026-05-24 05:00:00,94.01,94.11,94.01,94.09,1348
2026-05-24 06:00:00,94.09,94.19,94.09,94.17,3592
2026-05-24 07:00:00,94.17,94.19,94.16,94.17,2971
2026-05-24 08:00:00,94.17,94.18,94.16,94.17,4934
2026-05-24 09:00:00,94.15,94.18,94.15,94.16,1197
2026-05-24 10:00:00,94.17,94.19,94.11,94.16,1102
2026-05-24 11:00:00,94.14,94.16,94.14,94.16,1716
2026-05-24 12:00:00,94.16,94.17,94.14,94.15,584
2026-05-24 13:00:00,94.14,94.18,94.11,94.16,1236
2026-05-24 14:00:00,94.18,94.31,94.18,94.27,199
2026-05-24 15:00:00,94.27,94.27,94.18,94.2,2089
2026-05-24 16:00:00,94.2,94.25,94.17,94.21,1460
2026-05-24 17:00:00,94.21,94.3,94.21,94.28,3117
2026-05-24 18:00:00,94.29,94.41,94.29,94.39,2271
2026-05-24 19:00:00,94.41,94.59,94.41,94.57,2827
2026-05-24 20:00:00,94.57,94.57,94.48,94.49,3408
2026-05-24 21:00:00,94.48,94.59,94.48,94.54,4593
2026-05-24 22:00:00,94.54,94.63,94.54,94.61,37
2026-05-24 23:00:00,94.61,94.61,94.57,94.58,813
2026-05-25 00:00:00,94.59,94.66,94.58,94.63,1651
2026-05-25 01:00:00,94.64,94.67,94.63,94.66,3795
2026-05-25 02:00:00,94.65,94.75,94.65,94.71,4381
2026-05-25 03:00:00,94.7,94.81,94.7,94.77,2250
2026-05-25 04:00:00,94.77,94.93,94.77,94.9,3384
2026-05-25 05:00:00,94.9,94.94,94.89,94.91,1521
2026-05-25 06:00:00,94.93,94.93,94.79,94.81,3191
2026-05-25 07:00:00,94.82,94.82,94.67,94.71,246
2026-05-25 08:00:00,94.71,94.81,94.71,94.8,4006
2026-05-25 09:00:00,94.8,94.84,94.75,94.8,3993
2026-05-25 10:00:00,94.8,94.98,94.8,94.93,2288
2026-05-25 11:00:00,94.93,94.96,94.93,94.95,975
2026-05-25 12:00:00,94.95,94.95,94.84,94.86,2578
2026-05-25 13:00:00,94.85,94.96,94.85,94.94,2961
2026-05-25 14:00:00,94.95,95.09,94.95,95.07,2840
2026-05-25 15:00:00,95.06,95.09,95.05,95.08,1433
2026-05-25 16:00:00,95.08,95.08,94.99,95.01,2451
2026-05-25 17:00:00,95.0,95.12,95.0,95.07,4730
2026-05-25 18:00:00,95.06,95.06,94.94,94.96,453
2026-05-25 19:00:00,94.95,94.95,94.91,94.93,2953
2026-05-25 20:00:00,94.92,94.97,94.92,94.95,4114
2026-05-25 21:00:00,94.95,95.05,94.95,95.01,4595
2026-05-25 22:00:00,95.01,95.01,94.9,94.91,4796
2026-05-25 23:00:00,94.9,95.0,94.9,94.97,2248
2026-05-26 00:00:00,94.95,94.95,94.85,94.87,3841
2026-05-26 01:00:00,94.87,95.02,94.87,95.0,2098
2026-05-26 02:00:00,94.98,95.01,94.96,94.98,680
2026-05-26 03:00:00,94.98,94.98,94.94,94.95,1812
2026-05-26 04:00:00,94.97,95.0,94.97,94.99,3518
2026-05-26 05:00:00,94.98,95.0,94.96,94.99,4440
2026-05-26 06:00:00,94.99,94.99,94.83,94.84,4095
2026-05-26 07:00:00,94.84,94.87,94.81,94.84,4569
2026-05-26 08:00:00,94.84,95.07,94.84,95.03,2003
2026-05-26 09:00:00,95.03,95.11,95.03,95.08,1519
2026-05-26 10:00:00,95.06,95.14,95.06,95.1,4944
2026-05-26 11:00:00,95.11,95.19,95.11,95.14,3596
2026-05-26 12:00:00,95.14,95.16,95.14,95.14,615
2026-05-26 13:00:00,95.13,95.13,95.04,95.06,3442
2026-05-26 14:00:00,95.04,95.12,95.04,95.1,1296
2026-05-26 15:00:00,95.09,95.09,95.02,95.05,2586
2026-05-26 16:00:00,95.05,95.05,94.98,95.02,3154
2026-05-26 17:00:00,95.02,95.02,94.92,94.94,768
2026-05-26 18:00:00,94.95,94.95,94.86,94.87,3711
2026-05-26 19:00:00,94.89,94.89,94.84,94.87,4750
2026-05-26 20:00:00,94.89,94.97,94.89,94.95,223
2026-05-26 21:00:00,94.98,95.12,94.98,95.09,2753
2026-05-26 22:00:00,95.08,95.08,94.9,94.95,985
2026-05-26 23:00:00,94.95,95.07,94.95,95.04,2450
2026-05-27 00:00:00,95.05,95.05,94.72,94.74,4601
2026-05-27 01:00:00,94.72,94.72,94.64,94.67,498
2026-05-27 02:00:00,94.66,94.66,94.48,94.5,4730
2026-05-27 03:00:00,94.51,94.64,94.51,94.61,3027
2026-05-27 04:00:00,94.64,94.64,94.53,94.56,4518
2026-05-27 05:00:00,94.56,94.67,94.56,94.62,1979
2026-05-27 06:00:00,94.61,94.71,94.61,94.7,2447
2026-05-27 07:00:00,94.71,94.77,94.71,94.75,4780
2026-05-27 08:00:00,94.76,94.81,94.75,94.79,2252
2026-05-27 09:00:00,94.8,94.85,94.8,94.84,2438
2026-05-27 10:00:00,94.84,94.98,94.84,94.93,4489
2026-05-27 11:00:00,94.93,95.0,94.93,94.97,4697
2026-05-27 12:00:00,94.97,95.02,94.97,95.0,1444
2026-05-27 13:00:00,95.0,95.0,94.91,94.93,295
2026-05-27 14:00:00,94.96,94.96,94.78,94.8,2287
2026-05-27 15:00:00,94.8,94.94,94.8,94.9,1838
2026-05-27 16:00:00,94.91,95.0,94.91,94.97,4052
2026-05-27 17:00:00,94.96,95.0,94.96,94.97,1670
2026-05-27 18:00:00,94.97,94.97,94.88,94.92,474
2026-05-27 19:00:00,94.92,94.93,94.89,94.9,206
2026-05-27 20:00:00,94.92,94.93,94.91,94.92,2670
2026-05-27 21:00:00,94.91,94.91,94.86,94.87,3816
2026-05-27 22:00:00,94.84,94.84,94.73,94.77,3239
2026-05-27 23:00:00,94.77,94.77,94.75,94.76,3113
2026-05-28 00:00:00,94.76,94.84,94.76,94.81,2263
2026-05-28 01:00:00,94.8,94.8,94.7,94.74,2258
2026-05-28 02:00:00,94.75,94.79,94.74,94.77,4130
2026-05-28 03:00:00,94.76,94.84,94.76,94.82,401
2026-05-28 04:00:00,94.83,94.83,94.78,94.8,761
2026-05-28 05:00:00,94.79,94.79,94.71,94.73,1173
2026-05-28 06:00:00,94.73,94.86,94.73,94.84,43
2026-05-28 07:00:00,94.87,94.95,94.87,94.91,2823
2026-05-28 08:00:00,94.92,95.01,94.92,94.97,4457
2026-05-28 09:00:00,94.96,95.04,94.96,95.02,2074
2026-05-28 10:00:00,95.01,95.18,95.01,95.17,1134
2026-05-28 11:00:00,95.16,95.22,95.16,95.2,1741
2026-05-28 12:00:00,95.21,95.23,95.2,95.21,522
2026-05-28 13:00:00,95.21,95.27,95.21,95.25,1560
2026-05-28 14:00:00,95.26,95.36,95.26,95.31,2518
2026-05-28 15:00:00,95.3,95.43,95.3,95.4,2217
2026-05-28 16:00:00,95.4,95.54,95.4,95.53,4747
2026-05-28 17:00:00,95.54,95.54,95.39,95.42,4682
2026-05-28 18:00:00,95.43,95.52,95.43,95.5,405
2026-05-28 19:00:00,95.5,95.5,95.43,95.45,2189
2026-05-28 20:00:00,95.44,95.44,95.35,95.39,3556
2026-05-28 21:00:00,95.39,95.39,95.26,95.28,2441
2026-05-28 22:00:00,95.29,95.29,95.22,95.23,3505
2026-05-28 23:00:00,95.23,95.23,95.08,95.12,3032
2026-05-29 00:00:00,95.13,95.17,95.12,95.14,1295
2026-05-29 01:00:00,95.14,95.17,95.11,95.14,639
2026-05-29 02:00:00,95.14,95.26,95.14,95.22,740
2026-05-29 03:00:00,95.23,95.24,95.2,95.22,319
2026-05-29 04:00:00,95.23,95.23,95.07,95.09,2460
2026-05-29 05:00:00,95.1,95.13,95.06,95.09,2179
2026-05-29 06:00:00,95.11,95.16,95.11,95.16,1928
2026-05-29 07:00:00,95.16,95.16,95.04,95.07,4277
2026-05-29 08:00:00,95.07,95.11,95.07,95.1,1521
2026-05-29 09:00:00,95.11,95.24,95.11,95.23,3211
2026-05-29 10:00:00,95.23,95.23,95.11,95.13,587
2026-05-29 11:00:00,95.12,95.14,95.12,95.13,2138
2026-05-29 12:00:00,95.12,95.34,95.12,95.3,2163
2026-05-29 13:00:00,95.29,95.38,95.29,95.37,4169
2026-05-29 14:00:00,95.35,95.43,95.35,95.42,4426
2026-05-29 15:00:00,95.43,95.48,95.43,95.47,492
2026-05-29 16:00:00,95.47,95.54,95.45,95.49,3312
2026-05-29 17:00:00,95.5,95.5,95.43,95.45,4680
2026-05-29 18:00:00,95.48,95.56,95.48,95.5,3296
2026-05-29 19:00:00,95.5,95.6,95.5,95.59,1395
2026-05-29 20:00:00,95.59,95.69,95.59,95.67,4921
2026-05-29 21:00:00,95.66,95.74,95.66,95.72,1608
2026-05-29 22:00:00,95.71,95.79,95.71,95.77,340
2026-05-29 23:00:00,95.77,95.77,95.66,95.68,942
2026-05-30 00:00:00,95.69,95.74,95.66,95.7,2980
2026-05-30 01:00:00,95.72,95.79,95.72,95.74,4802
2026-05-30 02:00:00,95.74,95.85,95.74,95.82,1661
2026-05-30 03:00:00,95.81,95.81,95.69,95.71,3916
2026-05-30 04:00:00,95.71,95.8,95.71,95.76,2346
2026-05-30 05:00:00,95.76,95.76,95.66,95.71,2253
2026-05-30 06:00:00,95.71,95.78,95.71,95.75,2587
2026-05-30 07:00:00,95.77,95.92,95.77,95.9,4340
2026-05-30 08:00:00,95.89,95.94,95.89,95.91,850
2026-05-30 09:00:00,95.91,95.91,95.87,95.89,2297
2026-05-30 10:00:00,95.89,95.89,95.7,95.74,741
2026-05-30 11:00:00,95.72,95.72,95.59,95.63,4240
2026-05-30 12:00:00,95.63,95.63,95.52,95.56,4123
2026-05-30 13:00:00,95.56,95.66,95.56,95.64,2817
2026-05-30 14:00:00,95.65,95.67,95.6,95.64,1242
2026-05-30 15:00:00,95.64,95.76,95.64,95.74,1075
2026-05-30 16:00:00,95.73,95.79,95.73,95.78,2630
2026-05-30 17:00:00,95.78,95.83,95.75,95.79,161
2026-05-30 18:00:00,95.79,95.79,95.72,95.76,4143
2026-05-30 19:00:00,95.74,95.79,95.72,95.76,2641
2026-05-30 20:00:00,95.76,95.84,95.76,95.81,2066
2026-05-30 21:00:00,95.78,95.78,95.7,95.72,645
2026-05-30 22:00:00,95.73,95.73,95.7,95.72,1797
2026-05-30 23:00:00,95.71,95.71,95.58,95.59,1266
2026-05-31 00:00:00,95.6,95.6,95.52,95.55,4940
2026-05-31 01:00:00,95.52,95.52,95.45,95.49,4144
2026-05-31 02:00:00,95.5,95.69,95.5,95.64,478
2026-05-31 03:00:00,95.64,95.64,95.6,95.61,3838
2026-05-31 04:00:00,95.62,95.62,95.52,95.54,870
2026-05-31 05:00:00,95.53,95.68,95.53,95.64,309
2026-05-31 06:00:00,95.62,95.62,95.56,95.59,4989
2026-05-31 07:00:00,95.59,95.76,95.59,95.74,3959
2026-05-31 08:00:00,95.74,95.74,95.66,95.69,3310
2026-05-31 09:00:00,95.7,95.7,95.6,95.64,876
2026-05-31 10:00:00,95.65,95.65,95.55,95.57,4921
2026-05-31 11:00:00,95.58,95.58,95.49,95.52,2441
2026-05-31 12:00:00,95.52,95.53,95.49,95.51,4264
2026-05-31 13:00:00,95.52,95.52,95.45,95.45,2944
2026-05-31 14:00:00,95.46,95.46,95.42,95.44,3666
2026-05-31 15:00:00,95.42,95.42,95.36,95.38,2512
2026-05-31 16:00:00,95.37,95.39,95.36,95.38,3346
2026-05-31 17:00:00,95.39,95.4,95.35,95.37,2469
2026-05-31 18:00:00,95.34,95.51,95.34,95.5,2600
2026-05-31 19:00:00,95.5,95.5,95.37,95.38,3217
2026-05-31 20:00:00,95.37,95.37,95.29,95.3,4562
2026-05-31 21:00:00,95.29,95.42,95.29,95.38,3907
2026-05-31 22:00:00,95.38,95.38,95.35,95.37,4235
2026-05-31 23:00:00,95.38,95.38,95.29,95.32,3255
2026-06-01 00:00:00,95.33,95.46,95.33,95.44,2951
2026-06-01 01:00:00,95.43,95.51,95.43,95.48,4466
2026-06-01 02:00:00,95.49,95.61,95.49,95.59,1493
2026-06-01 03:00:00,95.57,95.57,95.48,95.49,329
2026-06-01 04:00:00,95.51,95.56,95.51,95.53,1348
2026-06-01 05:00:00,95.53,95.62,95.53,95.59,2420
2026-06-01 06:00:00,95.6,95.6,95.5,95.51,144
2026-06-01 07:00:00,95.5,95.53,95.43,95.48,2795
2026-06-01 08:00:00,95.46,95.53,95.46,95.52,1906
2026-06-01 09:00:00,95.54,95.54,95.47,95.48,4424
2026-06-01 10:00:00,95.47,95.59,95.47,95.55,1096
2026-06-01 11:00:00,95.54,95.59,95.54,95.58,4343
2026-06-01 12:00:00,95.59,95.62,95.58,95.6,4903
2026-06-01 13:00:00,95.6,95.6,95.45,95.47,1710
2026-06-01 14:00:00,95.45,95.45,95.36,95.38,162
2026-06-01 15:00:00,95.36,95.36,95.32,95.33,4439
2026-06-01 16:00:00,95.34,95.35,95.32,95.34,3373
2026-06-01 17:00:00,95.33,95.33,95.14,95.16,1492
2026-06-01 18:00:00,95.16,95.2,95.13,95.16,2567
2026-06-01 19:00:00,95.15,95.15,95.09,95.11,700
2026-06-01 20:00:00,95.14,95.23,95.14,95.21,4712
2026-06-01 21:00:00,95.22,95.29,95.22,95.28,4158
2026-06-01 22:00:00,95.28,95.28,95.19,95.2,3995
2026-06-01 23:00:00,95.2,95.26,95.2,95.24,4350
2026-06-02 00:00:00,95.23,95.3,95.23,95.29,2535
2026-06-02 01:00:00,95.28,95.28,95.23,95.24,1029
2026-06-02 02:00:00,95.25,95.33,95.25,95.32,1669
2026-06-02 03:00:00,95.32,95.32,95.22,95.25,1769
2026-06-02 04:00:00,95.26,95.26,95.16,95.21,2432
2026-06-02 05:00:00,95.21,95.21,95.19,95.19,1858
2026-06-02 06:00:00,95.19,95.26,95.19,95.25,1554
2026-06-02 07:00:00,95.27,95.27,95.11,95.17,4691
2026-06-02 08:00:00,95.16,95.16,95.02,95.05,4238
2026-06-02 09:00:00,95.05,95.05,94.97,94.99,2602
2026-06-02 10:00:00,94.99,95.05,94.99,95.04,143
2026-06-02 11:00:00,95.04,95.04,94.93,94.95,4502
2026-06-02 12:00:00,94.95,95.02,94.95,95.0,2661
2026-06-02 13:00:00,95.01,95.11,95.01,95.09,3663
2026-06-02 14:00:00,95.1,95.1,95.02,95.04,3484
2026-06-02 15:00:00,95.06,95.06,94.82,94.84,2544
2026-06-02 16:00:00,94.85,94.85,94.8,94.82,3339
2026-06-02 17:00:00,94.83,94.83,94.73,94.75,4466
2026-06-02 18:00:00,94.74,94.74,94.66,94.67,1038
2026-06-02 19:00:00,94.66,94.8,94.66,94.78,2362
2026-06-02 20:00:00,94.76,94.89,94.76,94.88,4214
2026-06-02 21:00:00,94.88,95.03,94.88,95.0,3690
2026-06-02 22:00:00,94.99,95.14,94.99,95.1,2195
2026-06-02 23:00:00,95.1,95.1,94.96,95.0,2871
2026-06-03 00:00:00,94.98,95.09,94.98,95.07,839
2026-06-03 01:00:00,95.07,95.07,95.03,95.04,857
2026-06-03 02:00:00,95.04,95.09,95.02,95.04,2511
2026-06-03 03:00:00,95.04,95.14,95.04,95.13,484
2026-06-03 04:00:00,95.11,95.18,95.11,95.16,4169
2026-06-03 05:00:00,95.18,95.18,95.11,95.14,2149
2026-06-03 06:00:00,95.14,95.14,95.08,95.1,1615
2026-06-03 07:00:00,95.12,95.12,95.04,95.05,576
2026-06-03 08:00:00,95.04,95.1,95.04,95.09,2895
2026-06-03 09:00:00,95.1,95.1,95.07,95.09,2646
2026-06-03 10:00:00,95.1,95.24,95.1,95.2,3348
2026-06-03 11:00:00,95.21,95.26,95.21,95.24,4185
2026-06-03 12:00:00,95.23,95.35,95.23,95.34,2452
2026-06-03 13:00:00,95.34,95.42,95.34,95.4,2846
2026-06-03 14:00:00,95.39,95.41,95.36,95.39,4801
2026-06-03 15:00:00,95.4,95.4,95.2,95.23,1802
2026-06-03 16:00:00,95.23,95.23,95.14,95.17,4548
2026-06-03 17:00:00,95.15,95.31,95.15,95.29,2940
2026-06-03 18:00:00,95.27,95.29,95.27,95.28,1007
2026-06-03 19:00:00,95.28,95.32,95.28,95.3,4763
2026-06-03 20:00:00,95.29,95.29,95.24,95.26,2115
2026-06-03 21:00:00,95.26,95.41,95.26,95.38,4088
2026-06-03 22:00:00,95.4,95.4,95.27,95.28,2149
2026-06-03 23:00:00,95.27,95.27,95.21,95.23,552
2026-06-04 00:00:00,95.24,95.24,95.06,95.08,3711
2026-06-04 01:00:00,95.09,95.09,94.95,94.98,4485
2026-06-04 02:00:00,94.98,94.98,94.88,94.9,2707
2026-06-04 03:00:00,94.91,94.94,94.88,94.91,2034
2026-06-04 04:00:00,94.91,94.91,94.85,94.88,746
2026-06-04 05:00:00,94.87,94.88,94.82,94.85,4414
2026-06-04 06:00:00,94.85,94.86,94.81,94.84,106
2026-06-04 07:00:00,94.84,94.84,94.79,94.81,2320
2026-06-04 08:00:00,94.81,94.81,94.69,94.72,4801
2026-06-04 09:00:00,94.73,94.73,94.64,94.66,4683
2026-06-04 10:00:00,94.65,94.65,94.58,94.59,4549
2026-06-04 11:00:00,94.59,94.66,94.59,94.64,4527
2026-06-04 12:00:00,94.62,94.7,94.62,94.67,1083
2026-06-04 13:00:00,94.67,94.67,94.59,94.61,3941
2026-06-04 14:00:00,94.64,94.64,94.58,94.59,1501
2026-06-04 15:00:00,94.61,94.61,94.48,94.51,691
2026-06-04 16:00:00,94.52,94.52,94.29,94.32,4831
2026-06-04 17:00:00,94.32,94.32,94.21,94.26,4326
2026-06-04 18:00:00,94.25,94.26,94.17,94.21,2108
2026-06-04 19:00:00,94.2,94.27,94.17,94.22,37
2026-06-04 20:00:00,94.21,94.21,94.02,94.03,1270
2026-06-04 21:00:00,94.04,94.09,94.04,94.07,3009
2026-06-04 22:00:00,94.07,94.23,94.07,94.2,997
2026-06-04 23:00:00,94.22,94.22,94.12,94.13,934
2026-06-05 00:00:00,94.14,94.25,94.14,94.23,3360
2026-06-05 01:00:00,94.25,94.25,94.1,94.11,3448
2026-06-05 02:00:00,94.12,94.23,94.12,94.19,227
2026-06-05 03:00:00,94.18,94.21,94.18,94.2,1852
2026-06-05 04:00:00,94.19,94.19,94.09,94.11,1585
2026-06-05 05:00:00,94.11,94.13,94.08,94.11,4402
2026-06-05 06:00:00,94.11,94.11,93.98,93.99,1417
2026-06-05 07:00:00,93.99,93.99,93.86,93.88,3841
2026-06-05 08:00:00,93.89,93.9,93.85,93.88,95
2026-06-05 09:00:00,93.88,93.88,93.81,93.83,619
2026-06-05 10:00:00,93.85,93.93,93.84,93.88,2798
2026-06-05 11:00:00,93.87,93.87,93.81,93.84,4149
2026-06-05 12:00:00,93.85,93.9,93.85,93.88,1481
2026-06-05 13:00:00,93.89,93.89,93.79,93.81,4120
2026-06-05 14:00:00,93.8,93.83,93.75,93.8,3646
2026-06-05 15:00:00,93.79,93.79,93.62,93.63,3534
2026-06-05 16:00:00,93.63,93.63,93.58,93.6,3145
2026-06-05 17:00:00,93.61,93.61,93.53,93.57,627
2026-06-05 18:00:00,93.56,93.56,93.51,93.52,4834
2026-06-05 19:00:00,93.52,93.58,93.49,93.54,3718
2026-06-05 20:00:00,93.55,93.58,93.55,93.57,3715
2026-06-05 21:00:00,93.57,93.57,93.5,93.51,281
2026-06-05 22:00:00,93.5,93.61,93.5,93.6,3116
2026-06-05 23:00:00,93.61,93.66,93.61,93.64,306
2026-06-06 00:00:00,93.66,93.69,93.64,93.66,2667
2026-06-06 01:00:00,93.66,93.66,93.61,93.62,2662
2026-06-06 02:00:00,93.63,93.63,93.53,93.55,3446
2026-06-06 03:00:00,93.55,93.61,93.52,93.56,4549
2026-06-06 04:00:00,93.56,93.65,93.56,93.61,4636
2026-06-06 05:00:00,93.59,93.63,93.59,93.62,4436
2026-06-06 06:00:00,93.63,93.75,93.63,93.72,1269
2026-06-06 07:00:00,93.7,93.79,93.7,93.77,2987
2026-06-06 08:00:00,93.78,93.78,93.73,93.75,1404
2026-06-06 09:00:00,93.76,93.88,93.76,93.86,3811
2026-06-06 10:00:00,93.86,93.97,93.86,93.93,997
2026-06-06 11:00:00,93.93,94.03,93.93,94.01,2656
2026-06-06 12:00:00,94.0,94.03,93.95,93.98,4704
2026-06-06 13:00:00,93.99,94.0,93.97,93.98,1256
2026-06-06 14:00:00,93.98,94.03,93.98,94.01,300
2026-06-06 15:00:00,94.01,94.1,94.01,94.07,4997
2026-06-06 16:00:00,94.07,94.13,94.03,94.08,2061
2026-06-06 17:00:00,94.1,94.23,94.1,94.22,3130
2026-06-06 18:00:00,94.21,94.21,94.11,94.14,1685
2026-06-06 19:00:00,94.14,94.14,93.99,94.03,4167
2026-06-06 20:00:00,94.04,94.04,93.96,94.01,3979
2026-06-06 21:00:00,94.03,94.04,93.99,94.01,3022
2026-06-06 22:00:00,94.02,94.03,93.99,94.01,4268
2026-06-06 23:00:00,94.01,94.18,94.01,94.13,2283
2026-06-07 00:00:00,94.11,94.21,94.11,94.19,1403
2026-06-07 01:00:00,94.21,94.21,94.03,94.05,2928
2026-06-07 02:00:00,94.06,94.06,93.9,93.95,4477
2026-06-07 03:00:00,93.96,93.96,93.64,93.68,2781
2026-06-07 04:00:00,93.69,93.74,93.66,93.7,3632
2026-06-07 05:00:00,93.7,93.77,93.7,93.75,1259
2026-06-07 06:00:00,93.74,93.79,93.74,93.77,2021
2026-06-07 07:00:00,93.75,93.81,93.75,93.81,1326
2026-06-07 08:00:00,93.81,93.83,93.79,93.82,4337
2026-06-07 09:00:00,93.82,93.87,93.79,93.84,320
2026-06-07 10:00:00,93.83,93.83,93.79,93.81,3504
2026-06-07 11:00:00,93.8,93.8,93.71,93.73,1350
2026-06-07 12:00:00,93.75,93.75,93.69,93.7,4874
2026-06-07 13:00:00,93.73,93.73,93.59,93.61,1661
2026-06-07 14:00:00,93.62,93.69,93.6,93.66,607
2026-06-07 15:00:00,93.65,93.75,93.65,93.73,1603
2026-06-07 16:00:00,93.72,93.89,93.72,93.85,4271
2026-06-07 17:00:00,93.84,93.85,93.8,93.83,3254
2026-06-07 18:00:00,93.81,93.92,93.81,93.9,807
2026-06-07 19:00:00,93.9,93.9,93.81,93.83,1384
2026-06-07 20:00:00,93.85,94.01,93.85,93.97,3082
2026-06-07 21:00:00,93.97,93.97,93.76,93.78,197
2026-06-07 22:00:00,93.79,93.79,93.71,93.72,3489
2026-06-07 23:00:00,93.72,93.72,93.67,93.68,2051
2026-06-08 00:00:00,93.68,93.68,93.65,93.66,1646
2026-06-08 01:00:00,93.65,93.65,93.53,93.54,2058
2026-06-08 02:00:00,93.56,93.59,93.54,93.56,4361
2026-06-08 03:00:00,93.56,93.56,93.45,93.49,3800
2026-06-08 04:00:00,93.48,93.55,93.48,93.52,2010
2026-06-08 05:00:00,93.51,93.67,93.51,93.66,4625
2026-06-08 06:00:00,93.66,93.69,93.63,93.65,1301
2026-06-08 07:00:00,93.66,93.66,93.54,93.57,4512
2026-06-08 08:00:00,93.57,93.63,93.56,93.6,2476
2026-06-08 09:00:00,93.6,93.68,93.6,93.64,1510
2026-06-08 10:00:00,93.64,93.82,93.64,93.77,573
2026-06-08 11:00:00,93.76,93.83,93.76,93.8,71
2026-06-08 12:00:00,93.81,93.95,93.81,93.93,2314
2026-06-08 13:00:00,93.94,93.94,93.88,93.89,2648
2026-06-08 14:00:00,93.9,93.98,93.9,93.96,3056
2026-06-08 15:00:00,93.96,93.96,93.86,93.91,3846
2026-06-08 16:00:00,93.91,94.05,93.91,94.01,4633
2026-06-08 17:00:00,94.03,94.03,93.96,93.99,3565
2026-06-08 18:00:00,94.0,94.0,93.95,93.97,4967
2026-06-08 19:00:00,93.97,93.97,93.92,93.94,2384
2026-06-08 20:00:00,93.95,93.97,93.94,93.95,2182
2026-06-08 21:00:00,93.96,93.97,93.92,93.95,2190
2026-06-08 22:00:00,93.94,93.97,93.91,93.95,3638
2026-06-08 23:00:00,93.96,94.05,93.96,94.04,1496
2026-06-09 00:00:00,94.06,94.06,93.94,93.98,1876
2026-06-09 01:00:00,93.96,93.97,93.89,93.93,2315
2026-06-09 02:00:00,93.92,94.07,93.92,94.03,2120
2026-06-09 03:00:00,94.04,94.04,93.88,93.92,2373
2026-06-09 04:00:00,93.93,93.93,93.82,93.85,1003
2026-06-09 05:00:00,93.86,93.98,93.86,93.94,1759
2026-06-09 06:00:00,93.94,94.09,93.94,94.06,4134
2026-06-09 07:00:00,94.06,94.15,94.06,94.12,3982
2026-06-09 08:00:00,94.12,94.16,94.12,94.15,2004
2026-06-09 09:00:00,94.15,94.19,94.12,94.15,2030
2026-06-09 10:00:00,94.15,94.17,94.15,94.16,4197
2026-06-09 11:00:00,94.15,94.15,93.97,93.99,4469
2026-06-09 12:00:00,93.98,94.01,93.96,93.99,2198
2026-06-09 13:00:00,93.99,94.01,93.97,94.0,3554
